,UKREIS,UJAHR,UMONAT,UWOCHENTAG,USTUNDE,UKATEGORIE,UART,UTYP1,IstRad,IstPKW,IstFuss,IstKrad,IstGkfz,IstSonstig,ULICHTVERH,STRZUSTAND,longitude,latitude,Stadtteil,Ortsteil
0,12,2016,2,4,14,3,5,3,1,1,0,0,0,0,0,0,8.586239695,53.536874542,Geestemünde,Surheide
8,12,2016,4,5,14,2,5,3,1,1,0,0,0,0,0,0,8.586233243,53.536858281,Geestemünde,Surheide
100,12,2016,2,6,8,3,5,3,1,0,0,1,0,0,0,2,8.6061325,53.522140298,Geestemünde,Surheide
117,12,2016,3,2,14,3,6,7,1,0,1,0,0,0,0,0,8.590812933,53.537200531,Geestemünde,Surheide
160,12,2016,3,5,16,3,0,1,1,0,0,0,0,0,0,0,8.59146205,53.543692504,Geestemünde,Surheide
162,12,2016,3,5,7,3,5,3,1,1,0,0,0,0,0,0,8.595208056,53.538989637,Geestemünde,Surheide
168,12,2016,4,3,14,3,0,1,1,0,0,0,0,0,0,0,8.595284292,53.530378867,Geestemünde,Surheide
207,12,2016,4,4,10,3,5,2,1,1,0,0,0,0,0,1,8.594570333,53.531494331,Geestemünde,Surheide
220,12,2016,3,4,12,2,3,2,1,1,0,0,0,0,0,0,8.592721052,53.535257211,Geestemünde,Surheide
221,12,2016,4,6,19,3,5,3,1,1,0,0,0,0,0,0,8.597908918,53.533424127,Geestemünde,Surheide
224,12,2016,4,4,15,3,5,3,1,1,0,0,0,0,0,0,8.590429065,53.539780781,Geestemünde,Surheide
250,12,2016,5,5,7,3,3,6,1,1,0,0,0,0,0,1,8.588114741,53.536034942,Geestemünde,Surheide
255,12,2016,5,6,19,3,1,5,1,1,0,0,0,0,0,0,8.593921511,53.538354036,Geestemünde,Surheide
268,12,2016,5,2,16,3,5,3,1,1,0,0,0,0,0,0,8.607601292,53.535279488,Geestemünde,Surheide
288,12,2016,6,7,12,3,5,2,1,1,0,0,0,0,0,0,8.589809475,53.538051959,Geestemünde,Surheide
293,12,2016,6,5,12,3,0,6,1,1,0,0,0,0,0,0,8.586515155,53.540132979,Geestemünde,Surheide
308,12,2016,5,4,15,3,5,2,1,1,0,0,0,0,0,0,8.589678718,53.526911993,Geestemünde,Surheide
344,12,2016,5,7,17,3,1,7,1,1,0,0,0,0,0,0,8.586920708,53.53860482,Geestemünde,Surheide
345,12,2016,5,4,17,3,0,1,1,1,0,0,0,0,0,0,8.588660605,53.532796896,Geestemünde,Surheide
397,12,2016,5,3,17,2,5,3,1,1,0,0,0,0,0,0,8.589075623,53.539931533,Geestemünde,Surheide
426,12,2016,6,2,6,3,4,2,1,1,0,0,0,0,0,0,8.598432361,53.53204727,Geestemünde,Surheide
447,12,2016,7,5,19,3,1,5,1,1,0,0,0,0,0,0,8.598354658,53.541924312,Geestemünde,Surheide
459,12,2016,6,6,14,3,5,3,1,1,0,0,0,0,0,0,8.591046703,53.541452122,Geestemünde,Surheide
479,12,2016,7,2,17,3,1,3,1,1,0,0,0,0,0,0,8.590335424,53.539850895,Geestemünde,Surheide
484,12,2016,7,7,17,3,5,3,1,1,0,0,0,0,0,0,8.605539834,53.523235086,Geestemünde,Surheide
506,12,2016,7,5,15,3,5,3,1,1,0,0,0,0,0,1,8.5909108,53.533543439,Geestemünde,Surheide
518,12,2016,6,3,18,3,3,6,1,0,0,0,0,0,0,0,8.613895434,53.538673554,Geestemünde,Surheide
563,12,2016,8,3,14,3,0,3,1,0,0,0,0,0,0,0,8.589757952,53.539931259,Geestemünde,Surheide
568,12,2016,7,4,12,3,5,3,1,1,0,0,0,0,0,0,8.6058176,53.522706427,Geestemünde,Surheide
616,12,2016,8,2,15,3,5,2,1,1,0,0,0,0,0,0,8.593666274,53.533365479,Geestemünde,Surheide
635,12,2016,7,7,9,3,3,6,1,1,0,0,0,0,0,0,8.593473107,53.533815985,Geestemünde,Surheide
640,12,2016,8,3,13,3,0,1,1,0,0,0,1,0,0,0,8.579152952,53.533283649,Geestemünde,Surheide
659,12,2016,8,7,16,3,5,3,1,1,0,0,0,0,0,0,8.611174304,53.529619801,Geestemünde,Surheide
664,12,2016,8,2,10,3,5,7,1,1,0,0,0,0,0,0,8.589764523,53.539233426,Geestemünde,Surheide
672,12,2016,7,4,13,2,5,3,1,1,0,0,0,0,0,0,8.593336367,53.54652292,Geestemünde,Surheide
677,12,2016,8,2,20,3,1,1,1,1,0,0,0,0,1,0,8.599933906,53.529435909,Geestemünde,Surheide
746,12,2016,9,3,15,2,0,1,1,0,0,0,0,0,0,0,8.603482647,53.523462945,Geestemünde,Surheide
758,12,2016,9,6,11,3,5,3,1,1,0,0,0,0,0,0,8.590937878,53.541100061,Geestemünde,Surheide
766,12,2016,9,3,8,3,3,2,1,1,0,0,0,0,0,0,8.591571473,53.532219658,Geestemünde,Surheide
768,12,2016,9,4,17,3,5,3,1,0,0,0,0,0,0,0,8.596428482,53.535885925,Geestemünde,Surheide
779,12,2016,8,4,7,3,5,3,1,1,0,0,0,0,0,0,8.613474838,53.529284557,Geestemünde,Surheide
816,12,2016,9,2,7,3,5,2,1,0,0,0,0,0,0,0,8.588173905,53.536002046,Geestemünde,Surheide
838,12,2016,9,4,11,3,5,3,1,1,0,0,0,0,0,0,8.594059274,53.547818259,Geestemünde,Surheide
854,12,2016,9,7,20,3,5,3,1,1,0,0,0,0,1,0,8.599084972,53.5310695,Geestemünde,Surheide
890,12,2016,9,2,13,3,5,2,1,1,0,0,0,0,0,1,8.592715225,53.535256315,Geestemünde,Surheide
893,12,2016,8,7,20,3,5,3,1,1,0,0,0,0,0,0,8.597481125,53.529510277,Geestemünde,Surheide
900,12,2016,10,3,7,3,7,1,1,0,0,0,0,0,0,0,8.587040671,53.536418145,Geestemünde,Surheide
923,12,2016,10,5,17,3,0,1,1,0,0,0,0,0,0,0,8.586404113,53.52743101,Geestemünde,Surheide
953,12,2016,10,3,17,3,5,3,1,1,0,0,0,0,0,1,8.596091266,53.533002797,Geestemünde,Surheide
960,12,2016,11,3,7,3,0,7,1,0,0,0,0,0,0,1,8.590542774,53.539808206,Geestemünde,Surheide
961,12,2016,10,4,20,2,0,7,1,1,0,0,0,0,2,0,8.612636767,53.52943394,Geestemünde,Surheide
980,12,2016,10,3,8,3,5,3,1,1,0,0,0,0,0,0,8.607747477,53.530273238,Geestemünde,Surheide
995,12,2016,10,7,11,3,5,3,1,0,0,0,0,1,0,0,8.587391806,53.536457669,Geestemünde,Surheide
1113,12,2016,12,2,14,2,0,7,1,0,0,0,0,0,0,0,8.590321761,53.523608925,Geestemünde,Surheide
1149,12,2016,11,3,6,3,5,3,1,1,0,0,0,0,2,0,8.601340517,53.53145778,Geestemünde,Surheide
1159,12,2016,11,6,13,3,5,2,1,1,0,0,0,0,0,1,8.60343689,53.523436699,Geestemünde,Surheide
1165,12,2016,12,2,7,3,5,3,1,1,0,0,0,0,0,2,8.595324946,53.520119261,Geestemünde,Surheide
21,12,2017,1,2,18,3,5,3,1,1,0,0,0,0,2,1,8.589759804000039,53.52845815500007,Geestemünde,Surheide
76,12,2017,1,2,17,3,5,3,1,1,0,0,0,0,2,1,8.603379073000042,53.52323837100005,Geestemünde,Surheide
170,12,2017,2,2,16,3,5,3,1,1,0,0,0,0,0,1,8.59097988600007,53.54399514800008,Geestemünde,Surheide
204,12,2017,5,3,11,3,5,3,1,1,0,0,0,0,0,0,8.598119367000038,53.53283669600006,Geestemünde,Surheide
214,12,2017,4,6,12,2,5,3,1,1,0,0,0,0,0,0,8.590876861000027,53.53353829800005,Geestemünde,Surheide
250,12,2017,4,3,18,3,0,7,1,1,0,0,0,0,0,0,8.60731830900005,53.53721334700003,Geestemünde,Surheide
273,12,2017,4,5,11,2,3,6,1,0,0,0,0,1,0,0,8.58883824700007,53.52516447100004,Geestemünde,Surheide
279,12,2017,4,4,17,3,1,5,1,1,0,0,0,0,0,0,8.598164095000072,53.53301895800007,Geestemünde,Surheide
302,12,2017,3,5,18,2,6,7,1,0,1,0,0,0,0,0,8.595101561000035,53.53033209100005,Geestemünde,Surheide
345,12,2017,6,4,13,3,5,3,1,0,0,0,0,1,0,1,8.590794966000033,53.54069990000005,Geestemünde,Surheide
348,12,2017,6,4,15,3,5,3,1,1,0,0,0,0,0,1,8.597916013000031,53.533425641000065,Geestemünde,Surheide
356,12,2017,6,3,18,3,5,3,1,1,0,0,0,0,0,0,8.600203682000028,53.52876894000008,Geestemünde,Surheide
360,12,2017,6,2,14,2,0,7,1,0,0,0,0,0,0,0,8.59759568100003,53.546003658000075,Geestemünde,Surheide
440,12,2017,5,6,13,3,6,1,1,0,1,0,0,0,0,0,8.597742345000029,53.534802315000036,Geestemünde,Surheide
449,12,2017,5,5,11,3,2,6,1,0,0,0,0,1,0,0,8.608532697000044,53.51841134400007,Geestemünde,Surheide
450,12,2017,5,5,14,3,0,1,1,0,0,0,0,0,0,0,8.597163547000036,53.53598263500004,Geestemünde,Surheide
452,12,2017,5,4,16,3,0,1,1,0,0,0,0,0,0,0,8.594477106000056,53.53147781600006,Geestemünde,Surheide
464,12,2017,5,2,14,3,5,3,1,1,0,0,0,0,0,0,8.590782055000034,53.54066817700004,Geestemünde,Surheide
467,12,2017,5,1,13,3,0,1,1,0,0,0,0,0,0,0,8.590581342000064,53.53069562600007,Geestemünde,Surheide
475,12,2017,5,6,12,3,5,3,1,1,0,0,0,0,0,1,8.591068948000043,53.54152254600007,Geestemünde,Surheide
487,12,2017,7,6,12,3,5,3,1,1,0,0,0,0,0,0,8.589107642000045,53.53323868600006,Geestemünde,Surheide
615,12,2017,8,3,10,3,0,7,1,1,0,0,0,0,0,0,8.586697872000059,53.53798153100007,Geestemünde,Surheide
621,12,2017,8,3,12,3,5,2,1,1,0,0,0,0,0,0,8.597907856000063,53.53342390100005,Geestemünde,Surheide
628,12,2017,6,2,19,3,0,7,1,0,0,0,0,0,0,0,8.596396231000028,53.52779304100005,Geestemünde,Surheide
640,12,2017,6,6,12,3,5,3,1,1,0,0,0,0,0,0,8.588350107000053,53.53991959700005,Geestemünde,Surheide
641,12,2017,6,6,11,3,5,3,1,0,0,0,0,1,0,0,8.590032509000025,53.52546070600005,Geestemünde,Surheide
660,12,2017,7,2,13,3,5,3,1,1,0,0,0,0,0,0,8.591397753000024,53.54298699100008,Geestemünde,Surheide
668,12,2017,8,4,9,3,5,3,1,1,0,0,0,0,0,0,8.591407058000073,53.54310534900003,Geestemünde,Surheide
717,12,2017,8,2,6,3,3,2,1,1,0,0,0,0,0,0,8.604768663000073,53.52334753900004,Geestemünde,Surheide
728,12,2017,9,7,13,3,5,3,1,1,0,0,0,0,0,0,8.590955661000066,53.541157627000075,Geestemünde,Surheide
729,12,2017,9,7,17,3,0,7,1,0,0,0,0,0,0,0,8.605356688000029,53.55037444200008,Geestemünde,Surheide
745,12,2017,8,1,0,3,1,5,1,1,0,0,0,0,2,0,8.585669936000045,53.53657848700004,Geestemünde,Surheide
767,12,2017,8,7,14,3,3,2,1,1,0,0,0,0,0,0,8.586296756000024,53.536955857000066,Geestemünde,Surheide
790,12,2017,8,3,22,3,5,2,1,0,0,0,0,1,2,0,8.597274235000043,53.53599213400008,Geestemünde,Surheide
792,12,2017,8,3,16,3,0,7,1,0,0,0,0,0,0,0,8.593613825000034,53.55045631300004,Geestemünde,Surheide
817,12,2017,8,5,7,3,5,3,1,1,0,0,0,0,0,0,8.587923508000074,53.53314263100003,Geestemünde,Surheide
842,12,2017,8,5,7,3,3,6,1,1,0,0,0,0,0,1,8.586402892000024,53.53693134100007,Geestemünde,Surheide
850,12,2017,8,7,14,3,1,5,1,1,0,0,0,0,0,1,8.608244289000027,53.52583752500004,Geestemünde,Surheide
889,12,2017,9,1,13,3,5,2,1,1,0,0,0,0,0,0,8.614347001000056,53.53178528900003,Geestemünde,Surheide
913,12,2017,10,6,16,3,5,3,1,1,0,0,0,0,0,1,8.610865581000041,53.52242193100005,Geestemünde,Surheide
925,12,2017,10,4,13,3,5,3,1,1,0,0,0,0,0,1,8.589864454000065,53.53806164500003,Geestemünde,Surheide
926,12,2017,10,4,13,3,0,7,1,1,0,0,0,0,0,1,8.594961259000058,53.530907479000064,Geestemünde,Surheide
1010,12,2017,11,3,7,3,2,6,1,1,0,0,0,0,0,0,8.606360607000056,53.51680128500004,Geestemünde,Surheide
1046,12,2017,9,5,19,3,5,2,1,1,0,0,0,0,2,1,8.586314333000075,53.53705733100003,Geestemünde,Surheide
1073,12,2017,11,4,18,3,5,2,1,1,0,0,0,0,2,1,8.589062902000023,53.53988467600004,Geestemünde,Surheide
1094,12,2017,11,2,8,3,5,3,1,1,0,0,0,0,2,1,8.610133302000065,53.52986112800005,Geestemünde,Surheide
1131,12,2017,12,3,8,3,5,3,1,1,0,0,0,0,0,1,8.586315858000034,53.53706094700004,Geestemünde,Surheide
1141,12,2017,11,6,11,2,5,7,1,1,0,0,0,0,0,1,8.587216338000076,53.539496737000036,Geestemünde,Surheide
1146,12,2017,12,7,11,2,5,3,1,1,0,0,0,0,0,1,8.607594121000034,53.53525374800006,Geestemünde,Surheide
1163,12,2017,11,5,13,3,0,7,1,0,0,0,0,0,0,1,8.591585639000073,53.53928771600005,Geestemünde,Surheide
66,12,2018,2,2,17,3,5,3,1,1,0,0,0,0,1,0,8.597353187000067,53.53644919300007,Geestemünde,Surheide
140,12,2018,1,4,16,3,5,3,1,1,0,0,0,0,0,1,8.59029540900002,53.534835834000035,Geestemünde,Surheide
143,12,2018,1,3,8,3,1,5,1,1,0,0,0,0,0,1,8.601150442000062,53.53580891900003,Geestemünde,Surheide
148,12,2018,1,7,16,3,5,3,1,1,0,0,0,0,0,0,8.590640761000031,53.53070404300007,Geestemünde,Surheide
193,12,2018,4,2,9,3,0,7,1,0,0,0,0,0,0,1,8.596659849000048,53.543319902000064,Geestemünde,Surheide
202,12,2018,5,4,7,3,5,2,1,1,0,0,0,0,0,0,8.583241716000032,53.53628425800008,Geestemünde,Surheide
250,12,2018,5,4,19,2,5,3,1,1,0,0,0,0,0,0,8.593480259000046,53.53718715400004,Geestemünde,Surheide
278,12,2018,5,4,7,2,5,3,1,1,0,0,0,0,0,0,8.60481241900004,53.523365031000026,Geestemünde,Surheide
295,12,2018,5,7,18,3,1,7,1,1,0,0,0,0,0,0,8.614187929000025,53.52964675900006,Geestemünde,Surheide
304,12,2018,5,3,8,3,5,3,1,1,0,0,0,0,0,0,8.600159320000046,53.531407623000064,Geestemünde,Surheide
306,12,2018,5,6,16,3,5,3,1,1,0,0,0,0,0,0,8.607591110000044,53.53523753200005,Geestemünde,Surheide
330,12,2018,5,4,12,3,5,3,1,0,0,0,1,0,0,0,8.589717274000066,53.52691004400003,Geestemünde,Surheide
332,12,2018,5,4,16,3,1,5,1,1,0,0,0,0,0,0,8.59866544700003,53.53013449000008,Geestemünde,Surheide
358,12,2018,5,3,16,3,5,2,1,1,0,0,0,0,0,0,8.593882996000048,53.54934027400003,Geestemünde,Surheide
389,12,2018,5,2,6,3,4,3,1,1,0,0,0,0,0,0,8.598609495000062,53.53613065300004,Geestemünde,Surheide
392,12,2018,6,6,7,3,5,3,1,1,0,0,0,0,0,0,8.600301817000059,53.528618135000045,Geestemünde,Surheide
405,12,2018,5,6,14,3,6,4,1,0,1,0,0,0,0,0,8.610668615000066,53.529764872000044,Geestemünde,Surheide
464,12,2018,5,4,19,3,0,7,1,0,0,0,0,0,0,0,8.589534839000066,53.53206458100004,Geestemünde,Surheide
465,12,2018,5,4,16,3,6,7,1,0,1,0,0,0,0,0,8.591526429000055,53.532212515000026,Geestemünde,Surheide
472,12,2018,7,5,22,3,5,3,1,1,0,0,0,0,1,0,8.593685312000048,53.533369023000034,Geestemünde,Surheide
490,12,2018,6,6,13,3,5,3,1,1,0,0,0,0,0,0,8.586601035000058,53.53667666900003,Geestemünde,Surheide
514,12,2018,6,7,19,3,1,7,1,1,0,0,0,0,0,0,8.595209359000023,53.53877380000006,Geestemünde,Surheide
526,12,2018,6,3,15,3,1,5,1,1,0,0,0,0,0,0,8.59874971000005,53.53170506500004,Geestemünde,Surheide
551,12,2018,6,1,20,2,5,3,1,1,0,0,0,0,0,0,8.595350291000045,53.54317204600005,Geestemünde,Surheide
563,12,2018,6,6,2,3,5,2,1,0,0,0,0,1,2,0,8.594139039000027,53.539024049000034,Geestemünde,Surheide
595,12,2018,6,5,9,3,5,3,1,1,0,0,0,0,0,0,8.592346288000044,53.53947038800004,Geestemünde,Surheide
625,12,2018,6,3,12,3,5,2,1,1,0,0,0,0,0,0,8.590326717000039,53.53985263800007,Geestemünde,Surheide
636,12,2018,7,2,19,3,5,3,1,1,0,0,0,0,0,0,8.594302811000034,53.546462802000065,Geestemünde,Surheide
644,12,2018,6,2,13,2,0,7,1,0,0,0,0,1,0,0,8.618365012000027,53.53030736900007,Geestemünde,Surheide
724,12,2018,8,3,11,3,3,6,1,1,0,0,0,0,0,0,8.595090990000074,53.53032973300003,Geestemünde,Surheide
744,12,2018,8,2,17,2,0,7,1,1,0,0,0,0,0,0,8.596960706000061,53.52621143700003,Geestemünde,Surheide
781,12,2018,8,4,8,3,5,3,1,1,0,0,0,0,0,0,8.593701642000042,53.550016733000064,Geestemünde,Surheide
816,12,2018,8,6,14,3,5,3,1,1,0,0,0,0,0,1,8.603177241000026,53.53107179300008,Geestemünde,Surheide
835,12,2018,7,6,9,3,0,7,1,0,0,0,0,0,0,0,8.597097478000023,53.52331008400006,Geestemünde,Surheide
880,12,2018,9,3,12,2,5,3,1,1,0,0,0,0,0,0,8.588599699000042,53.53564106400006,Geestemünde,Surheide
898,12,2018,10,3,10,3,6,7,1,0,1,0,0,0,0,0,8.60396582200002,53.52636934000003,Geestemünde,Surheide
909,12,2018,10,1,16,3,5,2,1,1,0,0,0,0,0,0,8.59420050400007,53.53920465400006,Geestemünde,Surheide
924,12,2018,10,6,12,3,0,7,1,1,0,0,0,0,0,0,8.618566753000039,53.529076933000056,Geestemünde,Surheide
947,12,2018,10,7,16,3,3,6,1,1,0,0,0,0,0,0,8.595374587000038,53.55174957600008,Geestemünde,Surheide
1034,12,2018,9,1,15,3,5,2,1,0,0,0,0,1,0,0,8.594018402000074,53.532663643000035,Geestemünde,Surheide
1044,12,2018,8,5,6,3,0,7,1,1,0,0,0,0,1,1,8.597663447000059,53.53554702400004,Geestemünde,Surheide
1078,12,2018,10,5,11,3,0,7,1,0,0,0,0,0,0,1,8.601035128000035,53.53468243800006,Geestemünde,Surheide
1105,12,2018,10,4,15,3,5,2,1,1,0,0,0,0,0,1,8.606299313000022,53.53053891300004,Geestemünde,Surheide
1170,12,2018,11,5,15,3,3,2,1,1,0,0,0,0,0,0,8.59775396300006,53.534113379000075,Geestemünde,Surheide
1173,12,2018,10,6,13,3,3,6,1,1,0,0,0,0,0,0,8.605894440000043,53.52318737400003,Geestemünde,Surheide
1202,12,2018,10,4,16,3,5,2,1,1,0,0,0,0,0,0,8.591034567000065,53.54398757700005,Geestemünde,Surheide
1280,12,2018,12,2,11,3,5,3,1,1,0,0,0,0,0,1,8.590426777000062,53.53977411200003,Geestemünde,Surheide
1288,12,2018,12,4,14,3,0,7,1,0,0,0,0,0,0,0,8.586074077000035,53.53610983800007,Geestemünde,Surheide
1297,12,2018,12,2,8,3,5,2,1,1,0,0,0,0,1,1,8.606205988000056,53.53051992600007,Geestemünde,Surheide
10,12,2019,5,6,12,3,5,2,1,1,0,0,0,0,0,1,8.58618438600007,53.53673512900008,Geestemünde,Surheide
54,12,2019,2,3,13,3,5,3,1,1,0,0,0,0,0,0,8.590035053000065,53.52544020900007,Geestemünde,Surheide
65,12,2019,2,5,18,3,4,2,1,0,0,0,0,1,2,0,8.596722408000062,53.527142714000036,Geestemünde,Surheide
92,12,2019,2,2,12,3,6,6,1,0,1,0,0,0,0,0,8.614300545000049,53.50859078600007,Geestemünde,Surheide
163,12,2019,4,2,13,3,1,5,1,1,0,0,0,0,0,0,8.599184163000075,53.53096276800005,Geestemünde,Surheide
168,12,2019,4,7,8,3,5,3,1,0,0,0,0,1,0,1,8.605321779000064,53.53067561200004,Geestemünde,Surheide
174,12,2019,4,5,9,3,5,3,1,1,0,0,0,0,0,0,8.595204140000021,53.53897885300006,Geestemünde,Surheide
186,12,2019,4,7,15,3,1,7,1,1,0,0,0,0,0,0,8.601234648000059,53.53138953900003,Geestemünde,Surheide
198,12,2019,4,2,20,3,4,2,1,1,0,0,0,0,2,0,8.595130188000041,53.530338476000054,Geestemünde,Surheide
222,12,2019,3,2,15,2,5,2,1,1,0,0,0,0,0,0,8.595877163000068,53.55179167400007,Geestemünde,Surheide
250,12,2019,4,5,9,3,5,3,1,1,0,0,0,0,0,0,8.590986933000067,53.54138936000004,Geestemünde,Surheide
284,12,2019,5,5,18,3,5,2,1,1,0,0,0,0,0,0,8.588147592000041,53.53601667600003,Geestemünde,Surheide
290,12,2019,5,4,21,3,0,7,1,0,0,0,0,0,1,0,8.592030089000048,53.52685001900005,Geestemünde,Surheide
363,12,2019,5,6,17,2,5,3,1,1,0,0,0,0,0,0,8.588112246000037,53.534383296000044,Geestemünde,Surheide
415,12,2019,6,1,9,3,4,2,1,1,0,0,0,0,0,0,8.607601687000056,53.53528091000004,Geestemünde,Surheide
417,12,2019,6,6,11,3,5,3,1,1,0,0,0,0,0,0,8.599557310000023,53.53021613000004,Geestemünde,Surheide
432,12,2019,6,3,7,3,5,3,1,0,0,0,0,1,0,0,8.597734335000041,53.53410970600004,Geestemünde,Surheide
492,12,2019,6,5,10,3,5,3,1,1,0,0,0,0,0,0,8.590214177000064,53.534826346000045,Geestemünde,Surheide
552,12,2019,5,3,13,3,6,7,1,0,1,0,0,0,0,0,8.598754175000067,53.53169796200007,Geestemünde,Surheide
599,12,2019,8,3,18,3,5,2,1,1,0,0,0,0,0,1,8.586336654000036,53.53711025700005,Geestemünde,Surheide
608,12,2019,8,5,9,2,0,7,1,0,0,0,0,0,0,0,8.601839813000026,53.523459133000074,Geestemünde,Surheide
645,12,2019,7,2,11,3,5,3,1,1,0,0,0,0,0,0,8.589793299000064,53.52543514800004,Geestemünde,Surheide
652,12,2019,7,6,11,3,5,3,1,1,0,0,0,0,0,0,8.590984680000076,53.54138162800007,Geestemünde,Surheide
674,12,2019,7,4,6,3,5,3,1,0,0,0,0,0,0,0,8.600219750000065,53.55219737200008,Geestemünde,Surheide
704,12,2019,7,3,15,3,5,3,1,1,0,0,0,0,0,0,8.590801127000077,53.54078508100008,Geestemünde,Surheide
709,12,2019,8,2,17,3,5,3,1,1,0,0,0,0,0,0,8.592030108000074,53.526845956000045,Geestemünde,Surheide
737,12,2019,9,2,14,3,5,3,1,1,0,0,0,0,0,0,8.59099405400002,53.541413797000075,Geestemünde,Surheide
792,12,2019,9,2,17,3,6,4,1,0,1,0,0,0,0,0,8.597602126000027,53.53537507400006,Geestemünde,Surheide
808,12,2019,8,5,15,3,5,3,1,1,0,0,0,0,0,0,8.589906936000034,53.526775910000026,Geestemünde,Surheide
828,12,2019,8,3,19,3,9,1,1,1,0,0,0,0,0,0,8.600892040000076,53.52661981500006,Geestemünde,Surheide
839,12,2019,8,1,11,3,5,2,1,1,0,0,0,0,0,0,8.598082413000043,53.533514342000046,Geestemünde,Surheide
853,12,2019,8,6,8,3,5,3,1,1,0,0,0,0,0,0,8.585896970000022,53.537318447000075,Geestemünde,Surheide
861,12,2019,8,5,14,2,3,6,1,1,0,0,0,0,0,0,8.623425713000074,53.512811803000034,Geestemünde,Surheide
862,12,2019,9,1,17,3,5,3,1,1,0,0,0,0,0,0,8.595624516000044,53.53569803500005,Geestemünde,Surheide
875,12,2019,8,4,13,3,6,4,1,0,1,0,0,0,0,0,8.615919094000049,53.530043112000044,Geestemünde,Surheide
931,12,2019,10,4,10,3,5,3,1,1,0,0,0,0,0,0,8.599390787000061,53.53025083000006,Geestemünde,Surheide
933,12,2019,10,4,12,3,5,2,1,1,0,0,0,0,0,0,8.59431328200003,53.53901081600003,Geestemünde,Surheide
945,12,2019,10,2,7,3,0,7,1,0,0,0,0,0,0,1,8.590683671000022,53.54489736800008,Geestemünde,Surheide
946,12,2019,10,2,15,3,5,3,1,1,0,0,0,0,0,0,8.58927138200005,53.52529328900005,Geestemünde,Surheide
959,12,2019,10,3,16,3,5,3,1,1,0,0,0,0,0,0,8.593440471000065,53.52691222700008,Geestemünde,Surheide
1013,12,2019,10,2,15,2,0,7,1,0,0,0,0,0,0,0,8.589559056000041,53.538093874000026,Geestemünde,Surheide
1067,12,2019,11,3,13,3,5,3,1,1,0,0,0,0,0,0,8.60414352600003,53.530884720000074,Geestemünde,Surheide
1071,12,2019,10,3,13,3,5,3,1,1,0,0,0,0,0,1,8.587978164000049,53.53314555400004,Geestemünde,Surheide
1082,12,2019,11,7,16,3,5,3,1,1,0,0,0,0,0,0,8.58588893500007,53.53734962600004,Geestemünde,Surheide
1088,12,2019,12,3,11,3,5,3,1,1,0,0,0,0,0,1,8.593992334000063,53.54848701000003,Geestemünde,Surheide
1092,12,2019,12,7,13,3,5,3,1,1,0,0,0,0,0,0,8.594086600000026,53.55080406800005,Geestemünde,Surheide
1100,12,2019,12,4,15,3,0,3,1,0,0,0,0,1,0,1,8.597726840000064,53.53338527400007,Geestemünde,Surheide
1104,12,2019,12,3,13,3,3,6,1,0,0,0,1,0,0,0,8.600330236000048,53.53145729800008,Geestemünde,Surheide
1152,12,2019,12,2,17,3,5,3,1,1,0,0,0,0,2,1,8.594908786000076,53.544889828000066,Geestemünde,Surheide
1171,12,2019,11,4,21,3,5,3,1,1,0,0,0,0,2,0,8.593407780000064,53.53926584000004,Geestemünde,Surheide
1,12,2020,2,2,17,3,5,2,1,1,0,0,0,0,2,1,8.586210983000058,53.53680217200008,Geestemünde,Surheide
22,12,2020,1,6,10,3,5,3,1,1,0,0,0,0,0,1,8.60388616900002,53.53093073900004,Geestemünde,Surheide
37,12,2020,2,4,12,3,0,7,1,1,0,0,0,0,0,0,8.592206839000028,53.53106540200008,Geestemünde,Surheide
111,12,2020,1,2,17,3,5,3,1,1,0,0,0,0,2,0,8.601263078000045,53.53131608800004,Geestemünde,Surheide
183,12,2020,3,4,0,3,5,2,1,0,0,0,0,1,2,1,8.618662241000038,53.528422112000044,Geestemünde,Surheide
184,12,2020,4,7,17,1,5,3,1,1,0,0,0,0,0,0,8.619347830000038,53.51088639500006,Geestemünde,Surheide
203,12,2020,3,7,13,3,5,2,1,1,0,0,0,0,0,0,8.592030131000058,53.52684108200003,Geestemünde,Surheide