,UKREIS,UJAHR,UMONAT,UWOCHENTAG,USTUNDE,UKATEGORIE,UART,UTYP1,IstRad,IstPKW,IstFuss,IstKrad,IstGkfz,IstSonstig,ULICHTVERH,STRZUSTAND,longitude,latitude,Stadtteil,Ortsteil
327,11,2019,5,2,18,3,5,3,1,1,0,0,0,0,0,0,8.758442046000027,53.05709636700004,Huchting,Grolland
824,11,2019,9,7,18,3,5,3,1,1,0,0,0,1,0,0,8.757853523000051,53.058505721000074,Huchting,Grolland
841,11,2019,8,1,18,3,0,7,1,0,0,0,0,1,0,0,8.76340232800004,53.05975210100007,Huchting,Grolland
934,11,2019,10,4,17,3,0,7,1,0,0,0,0,0,2,1,8.767431571000031,53.061282291000055,Huchting,Grolland
991,11,2019,11,7,19,3,4,6,1,0,0,0,0,0,2,0,8.758715228000028,53.05849208800004,Huchting,Grolland
179,11,2020,4,1,16,3,0,7,1,0,0,0,0,0,0,0,8.761111241000037,53.059391825000034,Huchting,Grolland
421,11,2021,6,5,15,3,4,2,1,1,0,0,0,0,0,0,8.76313579500004,53.05999732500004,Huchting,Grolland
540,11,2021,10,5,17,3,5,3,1,1,0,0,0,0,0,1,8.761031689000049,53.05936328000007,Huchting,Grolland
454,11,2022,4,4,6,3,5,3,1,1,0,0,0,0,1,0,8.75805644400003,53.0582040130001,Huchting,Grolland
353,11,2023,11,6,7,3,5,3,1,1,0,0,0,0,2,1,8.758009490000063,53.05816984300003,Huchting,Grolland
405,11,2023,10,2,8,3,0,7,1,0,0,0,0,1,0,0,8.761994214000026,53.060126135000075,Huchting,Grolland
632,11,2023,8,4,16,3,1,6,1,1,0,0,0,0,0,0,8.757890261000057,53.05852196500007,Huchting,Grolland
834,11,2023,6,3,10,3,0,3,1,1,0,0,0,0,0,0,8.759583090000035,53.05458668600005,Huchting,Grolland
929,11,2023,8,4,16,3,1,7,1,1,0,0,0,0,0,1,8.755297412000061,53.06421327900006,Huchting,Grolland
1047,11,2023,8,1,16,3,0,7,1,0,0,0,0,0,0,0,8.750317041000073,53.06448796700005,Huchting,Grolland
2,11,2016,11,4,10,3,5,3,1,1,0,0,0,0,0,0,8.796776803,53.056724486,Neustadt,Neuenland
5,11,2016,4,4,15,3,5,2,1,1,0,0,0,0,0,0,8.782174673,53.06691632,Neustadt,Neuenland
9,11,2016,10,6,17,3,5,2,1,1,0,0,0,0,0,0,8.79813765,53.055919692,Neustadt,Neuenland
305,11,2016,5,1,18,2,5,3,1,1,0,0,0,0,0,0,8.77767804,53.064014556,Neustadt,Neuenland
497,11,2016,6,4,18,3,5,3,1,1,0,0,0,0,0,0,8.795198503,53.057707586,Neustadt,Neuenland
499,11,2016,7,6,5,3,4,6,1,0,0,0,0,0,1,1,8.787242046,53.056291447,Neustadt,Neuenland
516,11,2016,6,4,8,3,5,3,1,1,0,0,0,0,0,0,8.795725884,53.056166604,Neustadt,Neuenland
521,11,2016,6,5,9,3,5,2,1,1,0,0,0,0,0,0,8.77879474,53.064650544,Neustadt,Neuenland
832,11,2016,8,2,9,3,4,6,1,1,0,0,0,0,0,1,8.796653451,53.056766083,Neustadt,Neuenland
876,11,2016,9,6,9,3,5,3,1,1,0,0,0,0,0,0,8.796826087,53.05669392,Neustadt,Neuenland
1071,11,2016,12,5,8,3,5,2,1,1,0,0,0,0,0,1,8.790904611,53.053691331,Neustadt,Neuenland
1120,11,2016,11,4,15,3,5,3,1,1,0,0,0,0,0,0,8.786045974,53.061622931,Neustadt,Neuenland
4,11,2017,6,4,15,3,5,2,1,1,0,0,0,0,0,0,8.783201364000035,53.06624431000006,Neustadt,Neuenland
72,11,2017,1,3,13,3,3,2,1,1,0,0,0,0,0,1,8.782175668000036,53.06682878300006,Neustadt,Neuenland
105,11,2017,3,2,17,3,5,2,1,1,0,0,0,0,1,1,8.799092470000062,53.05643225600005,Neustadt,Neuenland
446,11,2017,5,6,15,3,3,6,1,1,0,0,0,0,0,0,8.787389229000041,53.062475074000076,Neustadt,Neuenland
536,11,2017,7,5,15,3,5,7,1,0,0,0,0,1,0,0,8.78079503400005,53.05798939500005,Neustadt,Neuenland
570,11,2017,7,3,19,3,4,6,1,1,0,0,0,0,0,0,8.794717933000072,53.05526003600005,Neustadt,Neuenland
576,11,2017,7,2,13,2,5,3,1,1,0,0,0,0,0,0,8.776849441000024,53.05345943400005,Neustadt,Neuenland
677,11,2017,9,3,15,3,0,1,1,0,0,0,0,0,0,0,8.787075982000033,53.05627446700004,Neustadt,Neuenland
779,11,2017,8,5,15,3,5,3,1,0,0,1,0,0,0,0,8.776733600000057,53.06342986200008,Neustadt,Neuenland
830,11,2017,8,3,22,3,0,7,1,0,0,0,0,1,2,1,8.787459633000026,53.05618652700008,Neustadt,Neuenland
870,11,2017,11,7,11,3,5,3,1,1,0,0,0,0,0,0,8.799741072000074,53.05494482900008,Neustadt,Neuenland
938,11,2017,10,3,18,2,5,3,1,1,0,0,0,0,2,1,8.781096246000061,53.05509587600005,Neustadt,Neuenland
974,11,2017,10,3,8,3,5,3,1,1,0,0,0,0,1,0,8.789575496000054,53.054726223000046,Neustadt,Neuenland
1024,11,2017,10,4,22,3,5,3,1,1,0,0,0,0,2,0,8.798561251000024,53.05452003600004,Neustadt,Neuenland
1067,11,2017,12,6,17,3,4,6,1,1,0,0,0,0,2,1,8.797561316000042,53.054365035000046,Neustadt,Neuenland
1107,11,2017,12,3,16,3,5,3,1,1,0,0,0,0,0,0,8.79867560300005,53.05452563500006,Neustadt,Neuenland
0,11,2018,7,2,12,3,5,2,1,1,0,0,0,0,0,0,8.799593839000067,53.05508488000004,Neustadt,Neuenland
17,11,2018,1,5,14,3,5,3,1,0,0,0,1,0,0,1,8.785744583000053,53.061303903000066,Neustadt,Neuenland
105,11,2018,2,1,11,3,5,3,1,1,0,0,0,0,0,0,8.78498877000004,53.060880206000036,Neustadt,Neuenland
130,11,2018,3,4,8,3,0,7,1,1,0,0,0,0,0,0,8.779715157000055,53.05945475500005,Neustadt,Neuenland
180,11,2018,4,4,10,3,0,7,1,0,0,0,0,0,0,0,8.774477429000058,53.06204482100003,Neustadt,Neuenland
206,11,2018,4,4,17,3,5,3,1,1,0,0,0,0,0,0,8.781032788000061,53.06757025600007,Neustadt,Neuenland
361,11,2018,5,3,16,3,4,6,1,1,0,0,0,0,0,0,8.775558172000046,53.06050681100004,Neustadt,Neuenland
366,11,2018,5,3,6,3,5,3,1,1,0,0,0,0,0,0,8.77721586000007,53.06554816800008,Neustadt,Neuenland
396,11,2018,5,5,20,3,5,3,1,1,0,0,0,0,0,0,8.79912424500003,53.05644943500005,Neustadt,Neuenland
407,11,2018,5,2,14,3,5,3,1,1,0,0,0,0,0,0,8.774952505000044,53.06240638400004,Neustadt,Neuenland
410,11,2018,5,2,17,3,5,3,1,1,0,0,0,0,0,0,8.78190653300004,53.05658723400006,Neustadt,Neuenland
420,11,2018,5,2,7,3,5,3,1,0,0,0,0,1,0,0,8.773944907000043,53.05894139900005,Neustadt,Neuenland
463,11,2018,5,3,14,2,5,3,1,0,0,0,1,0,0,0,8.798657405000029,53.05452474400005,Neustadt,Neuenland
671,11,2018,8,4,5,3,5,3,1,1,0,0,0,0,1,0,8.783917788000053,53.06572410500007,Neustadt,Neuenland
703,11,2018,7,2,6,3,5,2,1,1,0,0,0,0,0,0,8.786308792000057,53.057298494000065,Neustadt,Neuenland
709,11,2018,8,5,14,3,5,3,1,1,0,0,0,0,0,0,8.778042909000021,53.06207371700003,Neustadt,Neuenland
787,11,2018,8,3,0,3,0,7,1,0,0,0,0,0,2,0,8.778695492000054,53.06477122900003,Neustadt,Neuenland
1258,11,2018,12,5,13,3,5,2,1,0,0,0,0,1,0,0,8.787848265000036,53.06274688000008,Neustadt,Neuenland
1278,11,2018,12,3,16,3,5,3,1,1,0,0,0,0,1,0,8.79010084600003,53.05422191100007,Neustadt,Neuenland
1,11,2019,6,5,14,2,5,2,1,1,0,0,0,0,0,0,8.799792094000054,53.05497402800006,Neustadt,Neuenland
2,11,2019,1,4,15,3,5,2,1,0,0,0,0,1,0,0,8.788069477000022,53.062769728000035,Neustadt,Neuenland
4,11,2019,8,2,12,3,5,2,1,0,0,0,1,0,0,0,8.792892323000046,53.059360637000054,Neustadt,Neuenland
5,11,2019,7,4,13,2,5,3,1,1,0,0,0,0,0,0,8.78395690700006,53.06574519000003,Neustadt,Neuenland
9,11,2019,5,5,8,3,5,3,1,0,0,0,0,0,0,0,8.79041165500007,53.06110671500005,Neustadt,Neuenland
32,11,2019,1,4,13,3,5,3,1,1,0,0,0,0,0,1,8.798223631000042,53.05596542700005,Neustadt,Neuenland
39,11,2019,1,2,9,3,5,3,1,1,0,0,0,0,0,1,8.78629014300003,53.057612825000035,Neustadt,Neuenland
94,11,2019,2,2,7,3,5,2,1,1,0,0,0,0,2,0,8.787873185000024,53.06275939200003,Neustadt,Neuenland
101,11,2019,1,3,15,3,3,6,1,1,0,0,0,0,0,1,8.77949151200005,53.06523949400008,Neustadt,Neuenland
282,11,2019,5,6,12,3,3,2,1,0,0,0,1,0,0,0,8.778742356000066,53.06467612500006,Neustadt,Neuenland
649,11,2019,7,2,10,3,5,3,1,1,0,0,0,0,0,0,8.796602509000024,53.05667732000006,Neustadt,Neuenland
701,11,2019,7,4,7,3,5,3,1,1,0,0,0,0,0,0,8.774254683000038,53.061402532000045,Neustadt,Neuenland
882,11,2019,9,4,14,3,0,7,1,0,0,0,0,1,0,1,8.78749003200005,53.05600069700006,Neustadt,Neuenland
1064,11,2019,10,4,13,1,0,1,1,0,0,0,0,0,0,1,8.78583740800002,53.05286773500006,Neustadt,Neuenland
1081,11,2019,9,2,13,3,4,7,1,1,0,0,0,0,0,1,8.773813336000046,53.06190955400007,Neustadt,Neuenland
1137,11,2019,12,6,15,3,5,3,1,1,0,0,0,0,1,1,8.789530226000068,53.05471185300007,Neustadt,Neuenland
4,11,2020,1,2,9,3,5,3,1,1,0,0,0,0,0,0,8.78397026600004,53.065736152000056,Neustadt,Neuenland
61,11,2020,2,2,18,3,5,2,1,1,0,0,0,0,2,1,8.778725248000057,53.06459873000006,Neustadt,Neuenland
113,11,2020,1,4,7,3,4,2,1,1,0,0,0,0,2,1,8.787934969000048,53.06279738600006,Neustadt,Neuenland
228,11,2020,3,5,4,3,5,3,1,1,0,0,0,0,2,1,8.785951699000066,53.05735333000007,Neustadt,Neuenland
383,11,2020,6,3,15,3,4,2,1,1,0,0,0,0,0,0,8.786217677000025,53.05755907000008,Neustadt,Neuenland
400,11,2020,6,2,13,3,5,6,1,1,0,0,0,0,0,0,8.778996936000055,53.06475973100004,Neustadt,Neuenland
489,11,2020,6,3,9,3,5,2,1,1,0,0,0,0,0,0,8.778824761000067,53.06256442400007,Neustadt,Neuenland
642,11,2020,7,4,7,3,5,2,1,1,0,0,0,0,0,0,8.778797312000052,53.064645330000076,Neustadt,Neuenland
967,11,2020,12,5,13,3,3,2,1,1,0,0,0,0,0,0,8.782186376000027,53.06680404400004,Neustadt,Neuenland
1077,11,2020,12,4,16,2,5,2,1,0,0,0,1,0,2,0,8.795764637000048,53.05615565200003,Neustadt,Neuenland
106,11,2021,4,3,13,3,3,6,1,0,0,0,0,0,0,0,8.776779022000028,53.05340580200004,Neustadt,Neuenland
553,11,2021,9,3,16,3,5,2,1,1,0,0,0,0,0,0,8.795155872000066,53.057684823000045,Neustadt,Neuenland
610,11,2021,11,2,15,3,5,3,1,1,0,0,0,0,0,0,8.777704551000056,53.063971597000034,Neustadt,Neuenland
659,11,2021,11,1,12,3,5,3,1,1,0,0,0,0,0,0,8.796581071000048,53.05666574900005,Neustadt,Neuenland
708,11,2021,11,3,16,3,5,2,1,1,0,0,0,0,1,1,8.778818044000047,53.064633180000044,Neustadt,Neuenland
756,11,2021,12,2,14,3,5,3,1,1,0,0,0,0,0,0,8.781858619000047,53.06667443600003,Neustadt,Neuenland
771,11,2021,10,3,15,3,5,3,1,1,0,0,0,0,0,1,8.78336661000003,53.05740538400005,Neustadt,Neuenland
811,11,2021,11,5,8,3,3,2,1,1,0,0,0,0,0,0,8.782161304000056,53.06678840400008,Neustadt,Neuenland
824,11,2021,10,2,9,3,5,2,1,1,0,0,0,0,0,0,8.783606199000076,53.06172324800008,Neustadt,Neuenland
2,11,2022,5,2,6,3,5,3,1,1,0,0,0,0,0,0,8.78362060200004,53.0659682840001,Neustadt,Neuenland
4,11,2022,5,4,20,2,5,2,1,1,0,0,0,0,0,0,8.78391942900004,53.0657700520001,Neustadt,Neuenland
6,11,2022,5,1,11,3,5,2,1,1,0,0,0,0,0,0,8.79897018600008,53.055443246,Neustadt,Neuenland
7,11,2022,7,2,8,3,5,3,1,1,0,0,0,0,0,0,8.78393139800005,53.0657621130001,Neustadt,Neuenland
227,11,2022,1,3,7,2,0,1,1,0,0,0,0,0,1,2,8.79665061500003,53.056703285,Neustadt,Neuenland
319,11,2022,5,5,8,3,5,3,1,1,0,0,0,0,0,0,8.78644124200002,53.057027976,Neustadt,Neuenland
399,11,2022,7,1,11,3,3,6,1,1,0,0,0,0,0,0,8.77715163800002,53.063636252,Neustadt,Neuenland
654,11,2022,9,6,14,3,5,3,1,0,0,0,0,1,0,0,8.77167035300005,53.061472608,Neustadt,Neuenland
711,11,2022,8,7,9,3,0,7,1,0,0,0,0,0,0,0,8.77761462900003,53.0640558000001,Neustadt,Neuenland
881,11,2022,12,6,14,3,5,3,1,1,0,0,0,0,0,0,8.78214149900003,53.0668429020001,Neustadt,Neuenland
972,11,2022,11,3,15,3,5,3,1,1,0,0,0,0,0,0,8.78029666800006,53.0671305760001,Neustadt,Neuenland
978,11,2022,12,5,6,3,5,2,1,1,0,0,0,0,2,0,8.78643940300003,53.061877645,Neustadt,Neuenland
1006,11,2022,10,5,22,3,3,6,1,1,0,0,0,0,2,1,8.77492678000004,53.062390586,Neustadt,Neuenland
6,11,2023,2,3,12,3,5,3,1,0,0,0,1,0,0,0,8.798123080000039,53.055928151000046,Neustadt,Neuenland
125,11,2023,4,4,7,3,6,4,1,0,1,0,0,0,0,0,8.785095973000068,53.06103232900006,Neustadt,Neuenland
132,11,2023,4,3,15,3,4,6,1,0,0,0,0,0,0,0,8.774990982000077,53.06243001100006,Neustadt,Neuenland
137,11,2023,4,1,21,2,1,5,1,1,0,0,0,0,2,0,8.781936253000026,53.05865492000004,Neustadt,Neuenland
264,11,2023,2,4,6,3,5,3,1,1,0,0,0,0,1,0,8.79566220700002,53.05617133000004,Neustadt,Neuenland
379,11,2023,11,5,16,3,3,6,1,0,0,0,0,0,1,0,8.784913431000064,53.06053572600007,Neustadt,Neuenland
742,11,2023,7,4,17,3,3,6,1,0,0,0,0,1,0,0,8.778772235000076,53.06465938100007,Neustadt,Neuenland
779,11,2023,6,7,13,3,5,2,1,1,0,0,0,0,0,0,8.773970815000041,53.062051359000066,Neustadt,Neuenland
845,11,2023,6,2,17,3,5,3,1,1,0,0,0,0,0,0,8.782869690000041,53.05710755200005,Neustadt,Neuenland
864,11,2023,6,4,7,3,5,3,1,1,0,0,0,0,0,0,8.780405176000045,53.06355797200007,Neustadt,Neuenland
899,11,2023,6,5,17,3,5,3,1,1,0,0,0,0,0,0,8.781349385000055,53.05509972700003,Neustadt,Neuenland
1023,11,2023,1,2,22,3,5,3,1,1,0,0,0,0,2,1,8.783207649000076,53.05606411000008,Neustadt,Neuenland
1056,11,2023,9,7,20,3,4,6,1,0,1,0,0,0,2,0,8.799647288000074,53.05524563700004,Neustadt,Neuenland
3,12,2016,10,3,15,3,5,3,1,1,0,0,0,0,0,0,8.575063917,53.544810855,Mitte,Fischereihafen
6,12,2016,8,6,13,3,5,2,1,1,0,0,0,0,0,0,8.5752452,53.547669718,Mitte,Fischereihafen
55,12,2016,3,3,13,3,1,5,1,1,0,0,0,0,0,0,8.584696902,53.540601103,Mitte,Fischereihafen
58,12,2016,1,6,15,3,5,3,1,1,0,0,0,0,0,1,8.577351311,53.548351462,Mitte,Fischereihafen
172,12,2016,3,7,13,2,5,7,1,0,0,1,0,0,0,1,8.580081283,53.541065572,Mitte,Fischereihafen
201,12,2016,3,6,8,2,0,1,1,0,0,0,0,0,0,2,8.571539068,53.557700082,Mitte,Fischereihafen
265,12,2016,5,2,11,3,5,2,1,0,0,0,0,1,0,0,8.570319778,53.551810685,Mitte,Fischereihafen
462,12,2016,7,3,18,3,1,3,1,1,0,0,0,0,0,0,8.580881137,53.547125856,Mitte,Fischereihafen
464,12,2016,6,3,20,3,1,1,1,1,0,0,0,0,0,0,8.57352686,53.549381768,Mitte,Fischereihafen
573,12,2016,8,2,21,3,8,1,1,0,0,0,0,0,0,0,8.579782325,53.546702499,Mitte,Fischereihafen
578,12,2016,8,6,14,3,0,7,1,0,0,0,0,0,0,0,8.581600086,53.541002366,Mitte,Fischereihafen
858,12,2016,9,6,22,3,3,5,1,1,0,0,0,0,2,0,8.573948459,53.54894061,Mitte,Fischereihafen
1141,12,2016,12,6,11,3,4,2,1,1,0,0,0,0,0,0,8.579758521,53.547556981,Mitte,Fischereihafen
1150,12,2016,12,5,17,3,5,6,1,1,0,0,0,0,2,0,8.580018635,53.54386572,Mitte,Fischereihafen
1167,12,2016,12,1,2,3,5,3,1,1,0,0,0,0,2,1,8.569714511,53.554505741,Mitte,Fischereihafen
1175,12,2016,11,3,19,3,0,1,1,0,0,0,0,0,2,1,8.574623614,53.550923646,Mitte,Fischereihafen
3,12,2017,11,4,8,3,5,3,1,1,0,0,0,0,0,0,8.575254630000074,53.54767284700006,Mitte,Fischereihafen
9,12,2017,3,2,13,3,5,6,1,0,0,1,0,0,0,1,8.580916561000038,53.53967299900006,Mitte,Fischereihafen
75,12,2017,1,2,13,3,3,6,1,1,0,0,0,0,0,1,8.571553798000025,53.54440588600005,Mitte,Fischereihafen
167,12,2017,2,4,10,3,3,2,1,1,0,0,0,0,0,1,8.577404727000044,53.55390504600007,Mitte,Fischereihafen
237,12,2017,4,1,22,3,1,1,1,1,0,0,0,0,2,0,8.58212780100007,53.541810732000044,Mitte,Fischereihafen
359,12,2017,6,2,14,3,5,3,1,1,0,0,0,0,0,0,8.582663655000033,53.544173252000064,Mitte,Fischereihafen
369,12,2017,6,6,7,3,0,7,1,1,0,0,0,0,0,0,8.576764249000064,53.55233069800005,Mitte,Fischereihafen
543,12,2017,7,3,14,3,2,6,1,1,0,0,0,0,0,0,8.579687109000076,53.54533468600005,Mitte,Fischereihafen
718,12,2017,8,2,11,3,5,2,1,1,0,0,0,0,0,0,8.572621149000042,53.55144101900004,Mitte,Fischereihafen
800,12,2017,8,6,15,3,5,3,1,1,0,0,0,0,0,0,8.569084928000052,53.55163052900008,Mitte,Fischereihafen
803,12,2017,8,2,10,3,5,2,1,1,0,0,0,0,0,1,8.577463937000061,53.54846846700008,Mitte,Fischereihafen
833,12,2017,8,2,12,3,5,3,1,0,0,0,0,1,0,0,8.579601627000045,53.54870034900006,Mitte,Fischereihafen
901,12,2017,10,2,11,3,6,6,1,0,1,0,0,0,0,0,8.57558638300003,53.54724705800004,Mitte,Fischereihafen
1077,12,2017,12,6,11,3,3,5,1,1,0,0,0,0,0,1,8.573350239000035,53.54955888900008,Mitte,Fischereihafen
1187,12,2017,11,3,14,3,5,3,1,1,0,0,0,0,0,1,8.574409629000058,53.54967375900003,Mitte,Fischereihafen
56,12,2018,1,2,7,2,0,7,1,0,1,0,0,0,2,0,8.57822565600003,53.54449449100008,Mitte,Fischereihafen
186,12,2018,4,6,10,3,5,2,1,1,0,0,0,0,0,0,8.57524490700007,53.54766962000008,Mitte,Fischereihafen
241,12,2018,4,1,16,3,3,6,1,1,0,0,0,0,0,0,8.58472107600005,53.54059503800005,Mitte,Fischereihafen
280,12,2018,4,4,7,3,6,7,1,0,1,0,0,0,0,0,8.579291731000069,53.55291345000006,Mitte,Fischereihafen
376,12,2018,6,1,17,3,1,5,1,1,0,0,0,0,0,0,8.568434643000046,53.54707336300004,Mitte,Fischereihafen
394,12,2018,5,3,20,3,5,3,1,0,0,0,0,0,0,0,8.574816362000035,53.54998335800008,Mitte,Fischereihafen
421,12,2018,5,1,0,3,3,6,1,1,0,0,0,0,2,0,8.57212237300007,53.551943091000055,Mitte,Fischereihafen
528,12,2018,7,2,16,3,5,3,1,1,0,0,0,0,0,0,8.571246982000048,53.55084258200003,Mitte,Fischereihafen
613,12,2018,6,2,15,3,3,6,1,0,0,0,0,1,0,0,8.584706596000046,53.540598671000055,Mitte,Fischereihafen
623,12,2018,7,4,22,3,3,6,1,0,0,0,0,0,1,0,8.569136870000023,53.56039840100004,Mitte,Fischereihafen
630,12,2018,6,2,13,3,1,7,1,1,0,0,0,0,0,0,8.572681645000046,53.55047314800004,Mitte,Fischereihafen
695,12,2018,8,6,14,3,0,7,1,1,0,0,0,0,0,0,8.57205859000004,53.549995128000035,Mitte,Fischereihafen
717,12,2018,7,6,9,3,5,3,1,1,0,0,0,0,0,0,8.579642791000026,53.53823078900007,Mitte,Fischereihafen
871,12,2018,9,3,14,3,5,2,1,0,0,0,0,1,0,0,8.56904058300006,53.55177520500007,Mitte,Fischereihafen
879,12,2018,9,3,16,2,5,3,1,1,0,0,0,0,0,0,8.580797494000024,53.539552695000054,Mitte,Fischereihafen
910,12,2018,9,7,13,3,6,4,1,0,1,0,0,0,0,0,8.579768091000062,53.54135406300003,Mitte,Fischereihafen
1067,12,2018,12,3,11,3,1,5,1,1,0,0,0,0,0,0,8.580575114000055,53.55086491900005,Mitte,Fischereihafen
1075,12,2018,12,5,16,2,5,3,1,1,0,0,0,0,2,1,8.57412103300004,53.55778857800004,Mitte,Fischereihafen
1214,12,2018,10,3,8,3,3,2,1,1,0,0,0,0,0,0,8.56905028500006,53.551618878000056,Mitte,Fischereihafen
1216,12,2018,10,3,11,3,0,1,1,0,0,0,0,0,0,0,8.574703536000072,53.544489515000066,Mitte,Fischereihafen
179,12,2019,4,2,12,3,3,6,1,0,0,0,0,0,0,0,8.579246218000037,53.54637944500007,Mitte,Fischereihafen
339,12,2019,5,5,5,3,5,3,1,1,0,0,0,0,0,1,8.566138593000062,53.56036478500005,Mitte,Fischereihafen
470,12,2019,6,2,22,3,5,2,1,1,0,0,0,0,2,1,8.580057586000066,53.55026175000006,Mitte,Fischereihafen
592,12,2019,8,4,18,3,5,3,1,1,0,0,0,0,0,1,8.57396194000006,53.54735860300008,Mitte,Fischereihafen
654,12,2019,7,5,10,3,4,7,1,1,0,0,0,0,0,0,8.57473493200007,53.548150133000036,Mitte,Fischereihafen
929,12,2019,10,5,5,3,5,3,1,1,0,0,0,0,2,0,8.580842932000053,53.55130869200008,Mitte,Fischereihafen
1038,12,2019,10,2,11,2,5,3,1,1,0,0,0,0,0,0,8.577886104000072,53.54602730000005,Mitte,Fischereihafen
1056,12,2019,11,4,16,3,2,6,1,1,0,0,0,0,1,1,8.581801287000076,53.54305106600003,Mitte,Fischereihafen
1068,12,2019,11,3,17,2,0,7,1,1,0,0,0,0,2,1,8.580988944000069,53.54475839600008,Mitte,Fischereihafen
138,12,2020,2,3,6,2,5,2,1,1,0,0,0,0,2,1,8.580789038000034,53.53953587400008,Mitte,Fischereihafen
209,12,2020,5,3,19,3,5,3,1,1,0,0,0,0,0,0,8.580818944000043,53.55117924800004,Mitte,Fischereihafen
344,12,2020,6,7,11,3,4,6,1,1,0,0,0,0,0,0,8.574240590000045,53.55273502700004,Mitte,Fischereihafen
438,12,2020,6,2,13,3,5,3,1,1,0,0,0,0,0,0,8.573726050000062,53.55038504600003,Mitte,Fischereihafen
505,12,2020,8,4,16,3,0,7,1,1,0,0,0,0,0,1,8.569243151000023,53.55498890400003,Mitte,Fischereihafen
577,12,2020,7,1,14,3,5,2,1,1,0,0,0,0,0,0,8.579942439000035,53.54590218700008,Mitte,Fischereihafen
670,12,2020,7,2,11,3,5,3,1,1,0,0,0,0,0,1,8.580552530000034,53.54407444700007,Mitte,Fischereihafen
756,12,2020,9,5,7,3,5,2,1,1,0,0,0,0,0,1,8.579775176000055,53.546699844000045,Mitte,Fischereihafen
953,12,2020,12,3,13,3,5,3,1,1,0,0,0,0,0,0,8.572450092000054,53.56043152600006,Mitte,Fischereihafen
39,12,2021,7,5,15,3,5,2,1,1,0,0,0,0,0,0,8.57277358600004,53.550084870000035,Mitte,Fischereihafen
136,12,2021,7,5,14,3,7,7,1,0,0,0,0,0,0,0,8.582312268000067,53.541450679000036,Mitte,Fischereihafen
175,12,2021,1,4,17,2,5,2,1,1,0,0,0,0,2,1,8.579857841000035,53.54665690400003,Mitte,Fischereihafen
189,12,2021,3,2,7,3,5,3,1,1,0,0,0,0,1,0,8.568137610000065,53.55398790800007,Mitte,Fischereihafen
208,12,2021,7,2,13,3,1,3,1,1,0,0,0,0,0,1,8.575202181000066,53.54764080000007,Mitte,Fischereihafen
217,12,2021,3,3,16,2,5,3,1,1,0,0,0,0,0,0,8.572272128000066,53.56043702000005,Mitte,Fischereihafen
229,12,2021,3,4,13,3,0,7,1,1,0,0,0,0,0,0,8.579913950000048,53.55079257600005,Mitte,Fischereihafen
232,12,2021,7,5,1,3,8,1,1,0,0,0,0,0,2,0,8.576620176000063,53.54559474900003,Mitte,Fischereihafen
248,12,2021,4,1,14,3,8,1,1,0,0,0,0,0,0,0,8.578827561000026,53.54635825200006,Mitte,Fischereihafen
379,12,2021,3,5,12,3,5,2,1,1,0,0,0,0,0,1,8.573942614000032,53.55269123200003,Mitte,Fischereihafen
381,12,2021,7,2,17,2,0,7,1,0,0,0,0,0,0,0,8.570994873000075,53.544882587000075,Mitte,Fischereihafen
417,12,2021,4,5,13,3,1,5,1,1,0,0,0,0,0,1,8.57271926900006,53.55040598200003,Mitte,Fischereihafen
442,12,2021,7,7,14,3,5,3,1,1,0,0,0,0,0,0,8.576970175000042,53.55265455500006,Mitte,Fischereihafen
457,12,2021,6,4,22,3,1,5,1,1,0,0,0,0,2,0,8.567150022000021,53.55824695200005,Mitte,Fischereihafen
657,12,2021,8,5,14,3,9,1,1,0,0,0,0,0,0,0,8.578810727000075,53.54389710600003,Mitte,Fischereihafen
665,12,2021,9,5,22,3,8,1,1,0,0,0,0,0,2,1,8.574156745000039,53.557744340000056,Mitte,Fischereihafen
724,12,2021,9,3,19,3,0,7,1,1,0,0,0,0,0,0,8.580395672000066,53.55076398500006,Mitte,Fischereihafen
839,12,2021,8,4,17,3,5,3,1,1,0,0,0,0,0,1,8.575237531000028,53.54760457300006,Mitte,Fischereihafen
1,12,2022,2,4,15,3,5,3,1,1,0,0,0,0,0,1,8.57603777100007,53.547933001,Mitte,Fischereihafen
12,12,2022,5,3,16,3,3,6,1,1,0,0,0,0,0,0,8.58008293700004,53.5449017000001,Mitte,Fischereihafen
60,12,2022,7,1,12,3,5,3,1,1,0,0,0,0,0,0,8.57699565400003,53.552619097,Mitte,Fischereihafen