,UKREIS,UJAHR,UMONAT,UWOCHENTAG,USTUNDE,UKATEGORIE,UART,UTYP1,IstRad,IstPKW,IstFuss,IstKrad,IstGkfz,IstSonstig,ULICHTVERH,STRZUSTAND,longitude,latitude,Stadtteil,Ortsteil
151,12,2022,6,6,0,3,0,1,1,0,0,0,0,0,2,0,8.57558963100007,53.547240693,Mitte,Fischereihafen
338,12,2022,6,5,17,3,5,2,1,1,0,0,0,0,0,0,8.57497002000002,53.54477359,Mitte,Fischereihafen
389,12,2022,5,3,17,3,0,7,1,0,0,0,0,0,0,1,8.58103977600007,53.5439064620001,Mitte,Fischereihafen
663,12,2022,8,2,18,3,5,3,1,1,0,0,0,0,0,0,8.57212029100003,53.548385754,Mitte,Fischereihafen
664,12,2022,12,2,14,3,6,7,1,0,1,0,0,0,0,1,8.57531697600007,53.547518634,Mitte,Fischereihafen
702,12,2022,8,5,8,3,0,7,1,1,0,0,0,0,0,0,8.57533868300004,53.5474965070001,Mitte,Fischereihafen
725,12,2022,8,6,9,3,5,3,1,0,0,0,0,1,0,0,8.57546814400007,53.5526995880001,Mitte,Fischereihafen
757,12,2022,8,4,14,3,5,3,1,1,0,0,0,0,0,0,8.57748523400005,53.548432743,Mitte,Fischereihafen
780,12,2022,11,6,13,3,5,3,1,0,0,0,0,1,0,0,8.57525203500006,53.5475848340001,Mitte,Fischereihafen
957,12,2022,7,6,14,3,2,6,1,0,0,0,0,0,0,0,8.57620200700006,53.5551144410001,Mitte,Fischereihafen
970,12,2022,9,5,15,3,5,7,1,1,0,0,0,0,0,0,8.57892250500004,53.544948221,Mitte,Fischereihafen
1033,12,2022,8,3,14,2,0,7,1,0,0,0,0,0,0,0,8.58007238600004,53.545656379,Mitte,Fischereihafen
1,12,2023,8,5,16,3,2,1,1,1,0,0,0,0,0,0,8.573726234000048,53.54717319000008,Mitte,Fischereihafen
29,12,2023,5,6,10,3,0,1,1,0,0,0,0,0,0,0,8.565106618000073,53.559301342000026,Mitte,Fischereihafen
169,12,2023,3,4,19,3,5,3,1,1,0,0,0,0,2,0,8.573097819000054,53.54988621100006,Mitte,Fischereihafen
197,12,2023,3,5,17,2,0,1,1,0,0,0,0,0,0,0,8.579735951000032,53.54775168000003,Mitte,Fischereihafen
229,12,2023,2,1,13,2,5,3,1,1,0,0,0,0,0,1,8.574467300000038,53.54400498200005,Mitte,Fischereihafen
272,12,2023,2,5,12,3,5,3,1,1,0,0,0,0,0,0,8.56435877000007,53.55711184100005,Mitte,Fischereihafen
346,12,2023,3,2,11,3,5,3,1,1,0,0,0,0,0,0,8.582825433000039,53.54205091800003,Mitte,Fischereihafen
453,12,2023,11,3,7,3,5,3,1,1,0,0,0,0,0,1,8.570282122000037,53.55177855000005,Mitte,Fischereihafen
502,12,2023,9,4,15,3,5,2,1,0,0,1,0,0,0,0,8.574492441000075,53.550867408000045,Mitte,Fischereihafen
520,12,2023,9,5,17,3,5,3,1,1,0,0,0,0,0,0,8.577002891000063,53.54698132600004,Mitte,Fischereihafen
582,12,2023,8,3,19,3,5,2,1,1,0,0,0,0,0,0,8.585030428000039,53.54051366900006,Mitte,Fischereihafen
649,12,2023,10,5,13,3,0,1,1,0,0,0,0,0,0,1,8.57461832100006,53.55552263200008,Mitte,Fischereihafen
774,12,2023,6,1,11,3,1,5,1,1,0,0,0,0,0,0,8.580584245000068,53.545087342000045,Mitte,Fischereihafen
790,12,2023,6,4,20,3,5,3,1,1,0,0,0,0,0,0,8.570272024000076,53.551789033000034,Mitte,Fischereihafen
884,12,2023,6,1,16,3,0,1,1,0,0,0,0,0,0,0,8.573987543000044,53.547344527000064,Mitte,Fischereihafen
960,12,2023,12,2,6,3,5,2,1,1,0,0,0,0,2,1,8.579470141000058,53.54940453100005,Mitte,Fischereihafen
1033,12,2023,5,5,19,2,0,1,1,0,0,0,0,0,0,0,8.578302101000077,53.53977040600006,Mitte,Fischereihafen
4,11,2016,8,6,13,3,6,4,1,0,1,0,0,0,0,0,8.819468898,53.048220842,Neustadt,Huckelriede
11,11,2016,4,2,14,3,0,7,1,0,0,0,1,0,0,0,8.802391231,53.053681277,Neustadt,Huckelriede
82,11,2016,3,3,15,3,1,5,1,1,0,0,0,0,0,0,8.818860382,53.051219782,Neustadt,Huckelriede
203,11,2016,3,3,7,3,0,1,1,0,0,0,0,0,0,0,8.820790312,53.051226326,Neustadt,Huckelriede
411,11,2016,5,3,16,3,5,3,1,0,0,0,0,0,0,0,8.811116739,53.061054764,Neustadt,Huckelriede
480,11,2016,6,3,16,3,5,3,1,1,0,0,0,0,0,0,8.814985884,53.054704616,Neustadt,Huckelriede
493,11,2016,6,1,19,3,0,7,1,0,1,0,0,0,0,0,8.810653136,53.061739345,Neustadt,Huckelriede
542,11,2016,7,6,15,2,5,3,1,0,0,0,0,1,0,0,8.820045851,53.049906903,Neustadt,Huckelriede
803,11,2016,9,3,18,3,3,6,1,0,1,0,0,0,0,0,8.810982424,53.061879158,Neustadt,Huckelriede
829,11,2016,9,3,18,3,5,3,1,1,0,0,0,0,0,0,8.808515583,53.0592433,Neustadt,Huckelriede
850,11,2016,9,4,16,3,6,4,1,0,1,0,0,0,0,0,8.810990556,53.061256336,Neustadt,Huckelriede
976,11,2016,10,3,6,3,5,3,1,1,0,0,0,0,2,1,8.819770863,53.049489827,Neustadt,Huckelriede
1028,11,2016,10,4,15,3,3,2,1,1,0,0,0,0,0,0,8.807286956,53.060097396,Neustadt,Huckelriede
1084,11,2016,12,3,8,3,5,2,1,1,0,0,0,0,2,0,8.815661297,53.055458318,Neustadt,Huckelriede
1119,11,2016,12,6,9,3,5,3,1,1,0,0,0,0,0,0,8.819718809,53.049701637,Neustadt,Huckelriede
1,11,2017,11,5,14,3,5,3,1,1,0,0,0,0,0,0,8.814767080000024,53.04945069300004,Neustadt,Huckelriede
2,11,2017,11,5,7,3,0,1,1,0,0,0,0,0,0,0,8.817741150000074,53.04890343900007,Neustadt,Huckelriede
6,11,2017,5,4,13,3,5,3,1,1,0,0,0,0,0,0,8.809638192000023,53.05115636000005,Neustadt,Huckelriede
7,11,2017,5,2,5,2,0,7,1,0,0,0,0,0,1,0,8.818875624000043,53.04861555800005,Neustadt,Huckelriede
16,11,2017,2,7,16,3,5,2,1,1,0,0,0,0,0,0,8.80689251900003,53.06037484400008,Neustadt,Huckelriede
177,11,2017,2,5,20,3,5,2,1,1,0,0,0,0,2,0,8.817692283000042,53.05263328600006,Neustadt,Huckelriede
288,11,2017,4,3,15,3,5,3,1,1,0,0,0,0,0,0,8.818580079000071,53.05169326100008,Neustadt,Huckelriede
339,11,2017,6,6,15,3,1,7,1,1,0,0,0,0,0,1,8.807120879000024,53.06021317600005,Neustadt,Huckelriede
396,11,2017,5,2,10,3,5,7,1,0,0,0,0,0,0,0,8.806772198000033,53.06046066300007,Neustadt,Huckelriede
417,11,2017,5,6,17,3,5,3,1,1,0,0,0,0,0,0,8.809627166000041,53.058447940000065,Neustadt,Huckelriede
599,11,2017,6,7,12,2,2,7,1,1,0,0,0,0,0,1,8.819854219000035,53.04904220900005,Neustadt,Huckelriede
608,11,2017,6,6,12,3,5,3,1,1,0,0,0,0,0,1,8.81876749600002,53.05314735400003,Neustadt,Huckelriede
685,11,2017,9,6,13,3,5,3,1,1,0,0,0,0,0,1,8.813083638000023,53.05844852600006,Neustadt,Huckelriede
903,11,2017,11,5,18,3,5,2,1,1,0,0,0,0,2,0,8.80804218000003,53.05956987800005,Neustadt,Huckelriede
909,11,2017,10,1,11,2,6,7,1,0,1,0,0,0,0,1,8.816947983000034,53.06600634100005,Neustadt,Huckelriede
923,11,2017,10,5,12,3,7,7,1,0,0,0,0,1,0,0,8.809028205000061,53.060316052000076,Neustadt,Huckelriede
948,11,2017,10,2,8,3,0,7,1,0,0,0,0,1,1,1,8.81543300900006,53.06230714700007,Neustadt,Huckelriede
967,11,2017,9,3,17,3,5,3,1,1,0,0,0,0,0,1,8.810987969000053,53.061259989000064,Neustadt,Huckelriede
1123,11,2017,11,5,18,3,5,3,1,1,0,0,0,0,2,1,8.809510351000029,53.05119409500003,Neustadt,Huckelriede
1177,11,2017,12,5,10,3,5,3,1,1,0,0,0,0,0,1,8.81555012900003,53.051534608000054,Neustadt,Huckelriede
3,11,2018,7,5,12,3,5,3,1,1,0,0,0,0,0,0,8.803160795000053,53.053338291000046,Neustadt,Huckelriede
4,11,2018,5,3,12,3,0,7,1,0,0,0,0,0,0,0,8.819362975000047,53.04844100300005,Neustadt,Huckelriede
69,11,2018,2,4,22,2,0,7,1,0,0,0,0,0,2,0,8.819744618000072,53.053711630000066,Neustadt,Huckelriede
72,11,2018,3,5,18,3,5,2,1,1,0,0,0,0,2,1,8.806800340000052,53.060478180000075,Neustadt,Huckelriede
111,11,2018,3,2,7,3,5,3,1,1,0,0,0,0,0,1,8.815543110000021,53.05153109500003,Neustadt,Huckelriede
165,11,2018,4,5,18,3,4,2,1,0,0,0,0,1,0,0,8.807111888000065,53.06024916700005,Neustadt,Huckelriede
220,11,2018,4,7,10,3,5,3,1,1,0,0,0,0,0,0,8.817933554000035,53.05283666200006,Neustadt,Huckelriede
231,11,2018,4,4,18,3,6,4,1,0,1,0,0,0,0,0,8.812619470000072,53.05901326700007,Neustadt,Huckelriede
238,11,2018,4,5,17,3,5,2,1,0,0,0,1,0,0,0,8.81857492100005,53.05187460900004,Neustadt,Huckelriede
294,11,2018,5,3,17,3,0,4,1,1,1,0,0,0,0,0,8.818196688000057,53.05136362400003,Neustadt,Huckelriede
367,11,2018,5,6,14,3,5,3,1,1,0,0,0,0,0,0,8.815783131000046,53.05404557900005,Neustadt,Huckelriede
442,11,2018,6,6,7,3,5,2,1,0,0,0,1,0,0,0,8.820808346000035,53.05136618800003,Neustadt,Huckelriede
527,11,2018,6,1,11,2,6,4,1,0,1,0,0,0,0,0,8.81337497900006,53.05809728300005,Neustadt,Huckelriede
620,11,2018,6,6,8,2,5,2,1,0,0,0,1,0,0,0,8.819470297000066,53.048613782000075,Neustadt,Huckelriede
633,11,2018,6,4,15,3,3,2,1,1,0,0,0,0,0,0,8.806814257000042,53.06046795000003,Neustadt,Huckelriede
801,11,2018,7,3,9,3,3,6,1,0,0,0,0,0,0,0,8.82247423800004,53.05410879900006,Neustadt,Huckelriede
995,11,2018,9,5,16,3,1,7,1,1,0,0,0,0,0,0,8.812990629000069,53.05856103700006,Neustadt,Huckelriede
1005,11,2018,9,5,16,3,6,3,1,1,1,0,0,0,0,0,8.813748290000035,53.057647280000026,Neustadt,Huckelriede
1183,11,2018,11,5,8,2,0,7,1,0,0,0,0,0,0,0,8.816258093000044,53.056207423000046,Neustadt,Huckelriede
1221,11,2018,11,5,15,3,6,4,1,0,1,0,0,0,0,0,8.815201018000039,53.05177301800006,Neustadt,Huckelriede
13,11,2019,3,3,18,3,5,3,1,1,0,0,0,0,2,0,8.809949763000077,53.05105664600006,Neustadt,Huckelriede
14,11,2019,11,6,10,3,1,3,1,1,0,0,0,0,0,0,8.816358609000076,53.04927242500003,Neustadt,Huckelriede
141,11,2019,2,3,7,3,1,6,1,1,0,0,0,0,0,0,8.819369109000036,53.04847403700006,Neustadt,Huckelriede
201,11,2019,4,2,10,3,0,2,1,1,0,0,0,0,0,0,8.812576791000026,53.056405949000066,Neustadt,Huckelriede
235,11,2019,3,3,17,3,3,3,1,1,0,0,0,0,0,0,8.806860830000062,53.060433715000045,Neustadt,Huckelriede
350,11,2019,5,4,9,3,6,4,1,0,1,0,0,0,0,0,8.82057016300007,53.050843144000055,Neustadt,Huckelriede
450,11,2019,6,6,14,3,5,3,1,1,0,0,0,0,0,0,8.819495880000034,53.04864911200008,Neustadt,Huckelriede
546,11,2019,5,5,11,3,1,5,1,1,0,0,0,0,0,0,8.809194016000049,53.06081302900003,Neustadt,Huckelriede
557,11,2019,5,2,18,3,5,3,1,1,0,0,0,0,0,0,8.813704981000058,53.05561212500004,Neustadt,Huckelriede
836,11,2019,8,2,15,3,5,2,1,0,0,0,0,1,0,0,8.814331393000032,53.055171348000044,Neustadt,Huckelriede
860,11,2019,9,2,16,3,0,7,1,0,0,0,0,0,0,0,8.808299004000048,53.05776355900008,Neustadt,Huckelriede
1001,11,2019,11,5,6,3,5,2,1,0,0,0,0,1,2,1,8.806829092000044,53.06045704500008,Neustadt,Huckelriede
2,11,2020,1,4,7,3,5,3,1,1,0,0,0,0,2,1,8.809055844000056,53.05132978700004,Neustadt,Huckelriede
5,11,2020,6,5,15,3,5,2,1,1,0,0,0,0,0,1,8.819279572000028,53.04819272100008,Neustadt,Huckelriede
89,11,2020,1,2,16,3,6,4,1,0,1,0,0,0,0,0,8.809058839000045,53.06163634400008,Neustadt,Huckelriede
214,11,2020,3,4,6,2,0,1,1,0,0,0,0,0,0,0,8.811325134000072,53.06070800400005,Neustadt,Huckelriede
234,11,2020,3,3,17,3,1,5,1,1,0,0,0,0,0,0,8.81290679700004,53.05866463000007,Neustadt,Huckelriede
240,11,2020,3,2,17,3,5,3,1,1,0,0,0,0,0,0,8.804942947000029,53.05952203700008,Neustadt,Huckelriede
266,11,2020,3,4,10,3,3,6,1,1,0,0,0,0,0,0,8.813003810000055,53.05854826600006,Neustadt,Huckelriede
323,11,2020,5,3,17,3,0,2,1,1,0,0,0,0,0,0,8.806878120000022,53.06042100600007,Neustadt,Huckelriede
334,11,2020,6,4,15,3,5,3,1,0,0,0,0,0,0,0,8.804473915000074,53.05928555100007,Neustadt,Huckelriede
350,11,2020,5,1,17,2,6,7,1,0,1,0,0,0,0,0,8.809330766000073,53.05995861900004,Neustadt,Huckelriede
432,11,2020,6,3,15,3,4,6,1,1,0,0,0,0,0,0,8.811054373000047,53.05935869100006,Neustadt,Huckelriede
435,11,2020,6,5,14,3,0,7,1,0,0,0,0,0,0,0,8.810809136000046,53.061518043000035,Neustadt,Huckelriede
561,11,2020,7,5,8,3,5,2,1,1,0,0,0,0,0,0,8.82078109300005,53.05127744200007,Neustadt,Huckelriede
644,11,2020,7,4,12,3,1,7,1,1,0,0,0,0,0,0,8.813143233000062,53.058381033000046,Neustadt,Huckelriede
1045,11,2020,10,4,8,3,0,7,1,0,0,0,0,0,0,0,8.822478216000036,53.05411422700007,Neustadt,Huckelriede
1046,11,2020,11,6,13,3,2,6,1,1,0,0,0,0,0,0,8.812536579000039,53.05910660200004,Neustadt,Huckelriede
0,11,2021,6,6,11,2,0,7,1,0,0,0,0,0,0,0,8.81773195300002,53.04889244800006,Neustadt,Huckelriede
1,11,2021,11,4,7,3,5,2,1,1,0,0,0,0,0,1,8.817518989000064,53.04895137200003,Neustadt,Huckelriede
2,11,2021,11,6,17,3,5,3,1,1,0,0,0,0,2,1,8.808258144000035,53.05157471100006,Neustadt,Huckelriede
200,11,2021,7,6,17,3,3,6,1,1,0,0,0,0,0,0,8.819735943000069,53.053704810000056,Neustadt,Huckelriede
206,11,2021,6,4,12,3,5,3,1,1,0,0,0,0,0,0,8.814842154000075,53.05481198900003,Neustadt,Huckelriede
262,11,2021,6,3,9,3,5,3,1,0,0,0,0,1,0,0,8.818926646000023,53.05181993900004,Neustadt,Huckelriede
360,11,2021,6,2,17,3,2,6,1,1,0,0,0,0,0,1,8.809339926000064,53.06070756100007,Neustadt,Huckelriede
426,11,2021,5,7,23,2,0,1,1,0,0,0,0,0,2,0,8.812891713000056,53.05868272300006,Neustadt,Huckelriede
438,11,2021,7,7,23,3,3,6,1,1,0,0,0,0,2,0,8.824143573000072,53.063149346000046,Neustadt,Huckelriede
501,11,2021,6,7,10,3,5,3,1,0,0,0,0,1,0,0,8.81682274600007,53.054246919000036,Neustadt,Huckelriede
781,11,2021,10,3,15,3,5,3,1,1,0,0,0,0,0,0,8.814712758000042,53.051099203000035,Neustadt,Huckelriede
0,11,2022,9,2,14,3,5,3,1,1,0,0,0,0,0,1,8.81772594000006,53.048894112,Neustadt,Huckelriede
11,11,2022,5,3,14,3,5,3,1,1,0,0,0,0,0,0,8.80702419800002,53.0589428710001,Neustadt,Huckelriede
95,11,2022,2,7,14,3,5,3,1,1,0,0,0,0,0,0,8.81760884400006,53.0526220530001,Neustadt,Huckelriede
276,11,2022,5,3,11,2,0,1,1,0,0,0,0,0,0,0,8.82095257800006,53.063538699,Neustadt,Huckelriede
290,11,2022,3,5,13,3,3,6,1,1,0,0,0,0,0,0,8.80809238700004,53.0594963280001,Neustadt,Huckelriede
362,11,2022,2,2,14,3,5,3,1,1,0,0,0,0,0,0,8.80812176500007,53.059511548,Neustadt,Huckelriede
506,11,2022,5,2,10,2,1,7,1,1,0,0,0,0,0,0,8.81920365400003,53.050633239,Neustadt,Huckelriede
594,11,2022,8,7,15,3,5,3,1,0,0,0,0,0,0,0,8.81442877500007,53.0551028240001,Neustadt,Huckelriede
818,11,2022,9,5,8,3,5,3,1,1,0,0,0,0,0,0,8.82112967200004,53.052280367,Neustadt,Huckelriede
839,11,2022,8,1,14,3,5,3,1,0,0,1,0,0,0,0,8.81537268400007,53.0557705030001,Neustadt,Huckelriede
1052,11,2022,9,2,16,3,5,3,1,1,0,0,0,0,0,1,8.81791098600007,53.0527449090001,Neustadt,Huckelriede
1066,11,2022,8,2,7,3,5,3,1,1,0,0,0,0,0,1,8.80803632000004,53.0594672780001,Neustadt,Huckelriede
103,11,2023,4,5,17,3,3,6,1,1,0,0,0,0,0,0,8.807875655000032,53.059691927000074,Neustadt,Huckelriede
138,11,2023,4,7,19,3,5,3,1,0,0,0,0,1,0,0,8.817916641000068,53.05272099000007,Neustadt,Huckelriede
203,11,2023,3,2,16,3,0,7,1,1,0,0,0,0,0,0,8.807526728000028,53.05994590000006,Neustadt,Huckelriede
270,11,2023,2,7,7,2,7,7,1,0,0,0,0,0,2,0,8.815616154000054,53.05417540900004,Neustadt,Huckelriede
395,11,2023,10,5,15,3,5,2,1,1,0,0,0,0,0,1,8.817687528000022,53.05263602100007,Neustadt,Huckelriede
435,11,2023,10,4,7,2,5,3,1,1,0,0,0,0,0,0,8.81938550700005,53.048496689000046,Neustadt,Huckelriede
447,11,2023,10,7,8,3,5,3,1,1,0,0,0,0,0,1,8.808495839000045,53.06130719200007,Neustadt,Huckelriede
501,11,2023,9,5,7,3,5,3,1,0,0,0,0,1,0,0,8.817672556000048,53.05528709500004,Neustadt,Huckelriede
535,11,2023,9,2,15,3,4,2,1,1,0,0,0,0,0,0,8.819736954000064,53.053705465000064,Neustadt,Huckelriede
572,11,2023,9,2,18,3,5,2,1,1,0,0,0,0,1,0,8.819433998000022,53.04842065200006,Neustadt,Huckelriede
798,11,2023,6,3,10,2,0,1,1,0,0,0,0,0,0,1,8.807593996000037,53.059896938000065,Neustadt,Huckelriede
855,11,2023,6,5,15,3,5,3,1,1,0,0,0,0,0,0,8.808878016000051,53.05898546000003,Neustadt,Huckelriede
900,11,2023,8,4,11,3,3,2,1,1,0,0,0,0,0,0,8.809542147000059,53.05842710400003,Neustadt,Huckelriede
1024,11,2023,1,2,17,2,0,7,1,0,0,0,0,0,2,1,8.818040516000053,53.05895752600003,Neustadt,Huckelriede
1043,11,2023,6,2,18,3,5,3,1,0,0,0,0,1,0,0,8.829466925000077,53.055794552000066,Neustadt,Huckelriede
1046,11,2023,7,4,17,3,5,3,1,1,0,0,0,0,0,0,8.816187472000024,53.04938632200003,Neustadt,Huckelriede
7,11,2016,12,4,17,3,5,3,1,1,0,0,0,0,2,0,8.736620022,53.142592661,Gröpelingen,Oslebshausen
20,11,2016,1,4,7,2,5,3,1,1,0,0,0,0,2,1,8.7388699,53.132916295,Gröpelingen,Oslebshausen
156,11,2016,3,6,17,3,5,3,1,1,0,0,0,0,1,0,8.737291418,53.134140503,Gröpelingen,Oslebshausen
194,11,2016,4,3,10,2,5,3,1,0,0,0,0,1,0,0,8.738165973,53.134590377,Gröpelingen,Oslebshausen
424,11,2016,7,4,20,3,1,1,1,1,0,0,0,0,0,0,8.741191654,53.126719555,Gröpelingen,Oslebshausen
471,11,2016,7,4,17,3,0,2,1,1,0,0,0,0,0,1,8.744458593,53.130227548,Gröpelingen,Oslebshausen
505,11,2016,7,2,18,3,0,1,1,0,0,0,0,0,0,0,8.736204128,53.133411823,Gröpelingen,Oslebshausen
1024,11,2016,11,5,7,3,5,2,1,1,0,0,0,0,1,1,8.739195678,53.135399013,Gröpelingen,Oslebshausen
129,11,2017,3,2,14,3,5,3,1,1,0,0,0,0,0,0,8.738541584000075,53.13723675700004,Gröpelingen,Oslebshausen
291,11,2017,4,2,12,2,0,1,1,0,0,0,0,0,0,0,8.73938247500007,53.13451431200008,Gröpelingen,Oslebshausen
513,11,2017,7,4,12,3,4,7,1,1,0,0,0,0,0,0,8.742624785000032,53.13026649200003,Gröpelingen,Oslebshausen
731,11,2017,9,6,4,3,0,7,1,0,0,0,0,0,2,0,8.724685753000074,53.139160796000056,Gröpelingen,Oslebshausen
1041,11,2017,9,6,16,3,5,3,1,1,0,0,0,0,0,0,8.740325211000027,53.13740574700006,Gröpelingen,Oslebshausen
1103,11,2017,11,7,12,3,5,3,1,1,0,0,0,0,0,1,8.741220062000025,53.13443621200008,Gröpelingen,Oslebshausen
1180,11,2017,11,2,13,3,5,2,1,1,0,0,0,0,2,0,8.73910337600006,53.13519000200006,Gröpelingen,Oslebshausen
99,11,2018,2,1,14,3,0,7,1,0,0,0,0,0,0,0,8.72172314200003,53.141813083000045,Gröpelingen,Oslebshausen
124,11,2018,2,3,7,3,0,3,1,1,0,0,0,0,0,0,8.731062224000027,53.13528010400006,Gröpelingen,Oslebshausen
296,11,2018,5,2,14,2,5,3,1,1,0,0,0,0,0,0,8.736376779000068,53.13369136000006,Gröpelingen,Oslebshausen
649,11,2018,8,6,16,3,1,7,1,1,0,0,0,0,0,0,8.741937032000067,53.12794698600004,Gröpelingen,Oslebshausen
660,11,2018,8,2,18,3,5,3,1,1,0,0,0,0,0,0,8.740496636000046,53.13759194800008,Gröpelingen,Oslebshausen
689,11,2018,8,7,1,3,1,7,1,1,0,0,0,0,2,0,8.737107460000061,53.128774055000065,Gröpelingen,Oslebshausen
790,11,2018,8,6,13,3,5,3,1,1,0,0,0,0,0,0,8.737736432000077,53.13429491000005,Gröpelingen,Oslebshausen
963,11,2018,9,5,12,3,0,7,1,0,0,0,0,0,0,0,8.739089540000066,53.13517975700006,Gröpelingen,Oslebshausen
1058,11,2018,11,5,7,3,5,3,1,1,0,0,0,0,0,1,8.741199488000063,53.13415783100004,Gröpelingen,Oslebshausen
1175,11,2018,11,1,11,3,5,3,1,1,0,0,0,0,0,1,8.739555880000069,53.13627729500007,Gröpelingen,Oslebshausen
1295,11,2018,12,3,11,3,5,3,1,1,0,0,0,0,0,0,8.738448873000038,53.13472897200006,Gröpelingen,Oslebshausen
196,11,2019,4,3,6,3,5,3,1,0,0,0,0,1,0,0,8.73581899800007,53.140697388000035,Gröpelingen,Oslebshausen
280,11,2019,5,6,11,2,5,3,1,1,0,0,0,0,0,0,8.736745144000054,53.14245129200003,Gröpelingen,Oslebshausen
313,11,2019,5,4,9,3,5,3,1,1,0,0,0,0,0,0,8.740605876000075,53.12780104700005,Gröpelingen,Oslebshausen
326,11,2019,5,2,16,3,5,2,1,1,0,0,0,0,0,0,8.744443162000039,53.13023110200004,Gröpelingen,Oslebshausen
380,11,2019,4,2,15,3,3,6,1,1,0,0,0,0,0,0,8.731375403000072,53.13087628400007,Gröpelingen,Oslebshausen
449,11,2019,6,6,16,3,5,3,1,1,0,0,0,0,0,0,8.735002136000048,53.13227154500004,Gröpelingen,Oslebshausen
503,11,2019,6,3,8,3,5,3,1,1,0,0,0,0,0,1,8.731051150000042,53.13526559600007,Gröpelingen,Oslebshausen
519,11,2019,6,4,19,3,0,7,1,1,0,0,0,0,0,0,8.741171139000073,53.13802712300003,Gröpelingen,Oslebshausen
534,11,2019,6,1,19,3,0,7,1,0,0,0,0,0,0,0,8.744291128000043,53.13697001600008,Gröpelingen,Oslebshausen
536,11,2019,6,1,21,2,7,1,1,0,0,0,0,0,2,0,8.731386464000025,53.13522203000008,Gröpelingen,Oslebshausen
612,11,2019,7,3,10,3,0,3,1,1,0,0,0,0,0,0,8.725562592000074,53.13977998800004,Gröpelingen,Oslebshausen
718,11,2019,9,6,18,3,5,3,1,1,0,0,0,0,0,0,8.73768000900003,53.13425942900005,Gröpelingen,Oslebshausen
1042,11,2019,11,6,11,3,5,3,1,1,0,0,0,0,0,0,8.737058839000042,53.13387382600007,Gröpelingen,Oslebshausen
1045,11,2019,10,7,10,3,4,6,1,1,0,0,0,0,0,0,8.736237089000042,53.12792842600004,Gröpelingen,Oslebshausen
1135,11,2019,12,7,16,2,0,7,1,0,0,0,0,0,2,1,8.736100468000075,53.13727721100008,Gröpelingen,Oslebshausen
329,11,2020,5,3,8,3,6,7,1,0,1,0,0,0,0,0,8.741731359000028,53.13098707000006,Gröpelingen,Oslebshausen
421,11,2020,5,5,20,3,5,2,1,1,0,0,0,0,0,0,8.736418039000057,53.13367911000006,Gröpelingen,Oslebshausen
442,11,2020,5,2,17,3,6,4,1,0,1,0,0,0,0,0,8.735482722000029,53.13397321400004,Gröpelingen,Oslebshausen
683,11,2020,8,2,16,3,0,1,1,0,0,0,0,0,0,1,8.74275293200003,53.13152996200006,Gröpelingen,Oslebshausen
712,11,2020,9,3,12,3,5,3,1,1,0,0,0,0,0,0,8.740805757000032,53.12931361200003,Gröpelingen,Oslebshausen
713,11,2020,9,1,13,3,4,6,1,1,0,0,0,0,0,0,8.731266899000047,53.13283601200004,Gröpelingen,Oslebshausen
808,11,2020,9,4,18,3,5,3,1,1,0,0,0,0,0,0,8.73007442900007,53.133099575000074,Gröpelingen,Oslebshausen
960,11,2020,11,6,13,3,5,3,1,1,0,0,0,0,0,0,8.736718794000069,53.133665964000045,Gröpelingen,Oslebshausen
17,11,2021,4,2,9,3,5,3,1,1,0,0,0,0,0,0,8.740809898000066,53.129310134000036,Gröpelingen,Oslebshausen
133,11,2021,6,7,21,3,0,7,1,0,0,0,0,1,1,0,8.730037602000039,53.138171131000036,Gröpelingen,Oslebshausen
321,11,2021,7,2,10,2,5,3,1,1,0,0,0,0,0,0,8.739113603000021,53.13519797200007,Gröpelingen,Oslebshausen
407,11,2021,6,7,22,3,3,6,1,0,0,0,0,0,2,0,8.738729078000063,53.146262671000045,Gröpelingen,Oslebshausen
492,11,2021,6,3,17,3,5,3,1,1,0,0,0,0,0,0,8.74241257400007,53.13177527400006,Gröpelingen,Oslebshausen
783,11,2021,11,5,17,3,0,7,1,0,0,1,0,0,2,1,8.738034735000042,53.14501775600007,Gröpelingen,Oslebshausen
192,11,2022,3,2,12,2,5,3,1,1,0,0,0,0,0,0,8.73848887900004,53.1347532070001,Gröpelingen,Oslebshausen
372,11,2022,1,6,10,3,5,3,1,1,0,0,0,0,0,1,8.73945041800005,53.1363914930001,Gröpelingen,Oslebshausen