,UKREIS,UJAHR,UMONAT,UWOCHENTAG,USTUNDE,UKATEGORIE,UART,UTYP1,IstRad,IstPKW,IstFuss,IstKrad,IstGkfz,IstSonstig,ULICHTVERH,STRZUSTAND,longitude,latitude,Stadtteil,Ortsteil
624,11,2021,11,1,17,2,1,5,1,1,0,0,0,0,2,0,8.790214927000022,53.07165294400005,Neustadt,Neustadt
224,11,2022,3,5,17,3,1,5,1,1,0,0,0,0,0,0,8.78965435400005,53.068672238,Neustadt,Neustadt
274,11,2022,5,4,17,3,4,6,1,1,0,0,0,0,0,0,8.79214487300004,53.0661670110001,Neustadt,Neustadt
340,11,2022,6,4,10,3,5,3,1,1,0,0,0,0,0,0,8.78882785700006,53.0665565640001,Neustadt,Neustadt
437,11,2022,4,4,13,3,5,3,1,1,0,0,0,0,0,0,8.79097819500004,53.067876104,Neustadt,Neustadt
559,11,2022,2,3,6,3,5,3,1,1,0,0,0,0,1,1,8.78755116900004,53.069853854,Neustadt,Neustadt
928,11,2022,10,2,13,3,5,2,1,1,0,0,0,0,0,0,8.79673085500002,53.0683895650001,Neustadt,Neustadt
936,11,2022,9,5,11,3,5,2,1,0,0,0,0,1,0,1,8.79148133000007,53.065012268,Neustadt,Neustadt
68,11,2023,5,4,16,3,2,6,1,1,0,0,0,0,0,0,8.79261907800003,53.068925472000046,Neustadt,Neustadt
266,11,2023,2,3,8,3,5,3,1,1,0,0,0,0,1,1,8.792792365000025,53.069093545000044,Neustadt,Neustadt
298,11,2023,1,4,18,3,3,6,1,1,0,0,0,0,2,1,8.788381428000037,53.069389897000065,Neustadt,Neustadt
579,11,2023,8,5,10,3,5,2,1,0,0,0,0,1,0,0,8.782501265000064,53.066984812000044,Neustadt,Neustadt
636,11,2023,8,3,11,3,1,5,1,1,0,0,0,0,0,0,8.789986208000073,53.06848484300008,Neustadt,Neustadt
997,11,2023,11,4,10,3,0,7,1,0,0,0,0,0,0,1,8.796222984000053,53.06907184600004,Neustadt,Neustadt
1000,11,2023,11,3,7,3,5,2,1,1,0,0,0,0,2,1,8.788106227000071,53.06291467400007,Neustadt,Neustadt
13,11,2016,1,5,18,3,4,2,1,0,0,0,0,0,2,1,8.837614224,53.077521113,Östliche Vorstadt,Hulsberg
269,11,2016,5,2,17,3,5,2,1,1,0,0,0,0,0,0,8.85234779,53.073675302,Östliche Vorstadt,Hulsberg
366,11,2016,5,2,18,3,5,2,1,1,0,0,0,0,0,0,8.837326367,53.076800935,Östliche Vorstadt,Hulsberg
486,11,2016,7,4,17,3,0,1,1,0,0,0,0,0,0,0,8.846571965,53.074863325,Östliche Vorstadt,Hulsberg
502,11,2016,7,2,17,3,5,7,1,1,0,0,0,0,0,0,8.841696224,53.075927983,Östliche Vorstadt,Hulsberg
529,11,2016,6,3,21,3,5,2,1,1,0,0,0,0,1,0,8.83761595,53.077525403,Östliche Vorstadt,Hulsberg
569,11,2016,7,4,12,3,5,3,1,1,0,0,0,0,0,0,8.837152679,53.0717663,Östliche Vorstadt,Hulsberg
810,11,2016,8,4,15,3,5,7,1,1,0,0,0,0,0,0,8.837003441,53.075367044,Östliche Vorstadt,Hulsberg
813,11,2016,9,3,10,3,5,3,1,1,0,0,0,0,0,0,8.844719792,53.076654921,Östliche Vorstadt,Hulsberg
849,11,2016,10,7,18,3,0,7,1,0,0,0,0,0,0,0,8.846633418,53.071590984,Östliche Vorstadt,Hulsberg
944,11,2016,11,6,7,3,5,3,1,0,0,0,0,1,0,1,8.835625733,53.073780148,Östliche Vorstadt,Hulsberg
1157,11,2016,12,4,13,3,5,3,1,0,0,0,0,1,0,0,8.845862845,53.073307918,Östliche Vorstadt,Hulsberg
69,11,2017,1,6,20,3,5,3,1,1,0,0,0,0,2,0,8.843336819000058,53.073338394000075,Östliche Vorstadt,Hulsberg
102,11,2017,3,3,8,3,5,3,1,0,0,0,0,0,0,0,8.835619147000045,53.07377044100008,Östliche Vorstadt,Hulsberg
248,11,2017,4,4,16,3,0,7,1,0,0,0,0,0,0,0,8.843773186000021,53.07436919700007,Östliche Vorstadt,Hulsberg
319,11,2017,3,2,19,3,1,5,1,1,0,0,0,0,1,0,8.835890995000057,53.074158339000064,Östliche Vorstadt,Hulsberg
385,11,2017,5,4,18,3,1,1,1,1,0,0,0,0,0,0,8.855722187000026,53.070569601000045,Östliche Vorstadt,Hulsberg
409,11,2017,5,7,17,2,5,3,1,0,0,0,0,1,0,0,8.854280583000047,53.07068310100004,Östliche Vorstadt,Hulsberg
566,11,2017,7,4,19,3,3,6,1,0,0,0,0,0,0,0,8.843399856000076,53.072170619000076,Östliche Vorstadt,Hulsberg
694,11,2017,9,5,9,3,6,6,1,0,1,0,0,0,0,0,8.84372660400004,53.07207296800004,Östliche Vorstadt,Hulsberg
737,11,2017,9,5,20,3,4,6,1,1,0,0,0,0,2,1,8.837578604000043,53.07743257700008,Östliche Vorstadt,Hulsberg
746,11,2017,8,4,18,3,5,3,1,1,0,0,0,0,0,0,8.835620066000047,53.073771796000074,Östliche Vorstadt,Hulsberg
747,11,2017,8,4,17,2,5,2,1,1,0,0,0,0,0,1,8.85247915900004,53.073582154000064,Östliche Vorstadt,Hulsberg
756,11,2017,8,3,7,3,5,3,1,1,0,0,0,0,0,0,8.844126833000075,53.07520128300007,Östliche Vorstadt,Hulsberg
801,11,2017,8,6,20,3,0,1,1,0,0,0,0,0,0,0,8.838704822000068,53.07467430500003,Östliche Vorstadt,Hulsberg
839,11,2017,8,2,16,3,5,3,1,1,0,0,0,0,0,0,8.834590470000023,53.07225430300008,Östliche Vorstadt,Hulsberg
881,11,2017,11,5,8,3,5,3,1,1,0,0,0,0,0,1,8.836361588000045,53.07482980000003,Östliche Vorstadt,Hulsberg
900,11,2017,11,3,16,3,5,2,1,1,0,0,0,0,1,0,8.854489434000072,53.07066658100007,Östliche Vorstadt,Hulsberg
951,11,2017,10,7,20,3,0,1,1,0,0,0,0,0,2,1,8.851339394000036,53.07228103700004,Östliche Vorstadt,Hulsberg
1007,11,2017,10,3,16,3,5,2,1,1,0,0,0,0,0,0,8.837346206000063,53.07684937500005,Östliche Vorstadt,Hulsberg
1082,11,2017,11,3,8,3,4,6,1,0,0,0,0,0,0,0,8.846121190000076,53.07496846500004,Östliche Vorstadt,Hulsberg
355,11,2018,5,3,7,3,3,6,1,1,0,0,0,0,0,0,8.852764430000036,53.073816589000046,Östliche Vorstadt,Hulsberg
486,11,2018,6,6,10,3,5,2,1,0,0,0,0,1,0,0,8.850906042000076,53.07170713000005,Östliche Vorstadt,Hulsberg
570,11,2018,6,6,23,3,0,2,1,1,0,0,0,0,2,0,8.844197780000059,53.07536488000005,Östliche Vorstadt,Hulsberg
725,11,2018,7,6,12,3,0,1,1,0,0,0,0,0,0,0,8.851939691000041,53.073019474000034,Östliche Vorstadt,Hulsberg
903,11,2018,10,2,16,3,3,6,1,0,0,0,1,0,0,0,8.844184054000038,53.07533270500005,Östliche Vorstadt,Hulsberg
1010,11,2018,9,2,12,3,1,6,1,1,0,0,0,0,0,0,8.84411512500003,53.07517111300007,Östliche Vorstadt,Hulsberg
1069,11,2018,11,3,17,3,5,3,1,1,0,0,0,0,2,1,8.83732815600007,53.07680530400006,Östliche Vorstadt,Hulsberg
1163,11,2018,12,5,19,3,5,2,1,1,0,0,0,0,2,1,8.852368991000048,53.073670812000046,Östliche Vorstadt,Hulsberg
1232,11,2018,11,3,7,3,4,2,1,1,0,0,0,0,1,0,8.852307566000036,53.07368382100003,Östliche Vorstadt,Hulsberg
42,11,2019,1,6,8,3,5,3,1,1,0,0,0,0,0,1,8.84712696500003,53.074750479000045,Östliche Vorstadt,Hulsberg
114,11,2019,3,2,9,3,3,2,1,0,0,0,1,0,0,1,8.850624315000061,53.07122259800008,Östliche Vorstadt,Hulsberg
242,11,2019,3,5,10,3,5,3,1,1,0,0,0,0,0,1,8.852364414000021,53.073670693000054,Östliche Vorstadt,Hulsberg
559,11,2019,5,2,16,3,1,3,1,0,0,0,0,1,0,0,8.856879681000066,53.07345004300004,Östliche Vorstadt,Hulsberg
601,11,2019,8,3,16,3,5,3,1,0,0,0,0,0,0,0,8.854070522000029,53.07485685900008,Östliche Vorstadt,Hulsberg
640,11,2019,7,3,9,3,0,2,1,1,0,0,0,0,0,0,8.853990372000055,53.070716170000026,Östliche Vorstadt,Hulsberg
774,11,2019,9,6,14,3,5,2,1,1,0,0,0,0,0,0,8.85251078500005,53.073613849000026,Östliche Vorstadt,Hulsberg
822,11,2019,8,4,13,3,3,6,1,1,0,0,0,0,0,0,8.844460635000075,53.076047748000065,Östliche Vorstadt,Hulsberg
847,11,2019,8,7,17,3,3,2,1,0,0,0,0,0,0,0,8.836687335000022,53.07529457700008,Östliche Vorstadt,Hulsberg
892,11,2019,8,3,7,3,3,6,1,1,0,0,0,0,0,0,8.85296544800002,53.070805043000064,Östliche Vorstadt,Hulsberg
954,11,2019,10,5,15,3,1,7,1,1,0,0,0,0,0,0,8.853950014000077,53.07333588800003,Östliche Vorstadt,Hulsberg
1129,11,2019,12,2,13,3,5,2,1,1,0,0,0,0,0,0,8.844226211000034,53.07537970000004,Östliche Vorstadt,Hulsberg
75,11,2020,2,1,17,3,3,6,1,1,0,0,0,0,0,0,8.839136673000041,53.07660428400004,Östliche Vorstadt,Hulsberg
80,11,2020,2,4,8,3,0,7,1,0,0,0,1,0,0,1,8.842986421000035,53.072688407000044,Östliche Vorstadt,Hulsberg
324,11,2020,7,4,13,3,4,6,1,0,0,0,0,0,0,1,8.840611528000068,53.07629640500005,Östliche Vorstadt,Hulsberg
715,11,2020,9,6,11,3,9,6,1,0,0,0,0,0,0,0,8.835644707000029,53.07380719000008,Östliche Vorstadt,Hulsberg
762,11,2020,9,2,8,2,5,2,1,0,0,0,1,0,0,1,8.844164590000048,53.07528707400007,Östliche Vorstadt,Hulsberg
845,11,2020,10,6,14,3,3,3,1,1,0,0,0,0,0,0,8.83733643200003,53.07682551000005,Östliche Vorstadt,Hulsberg
993,11,2020,11,3,18,3,0,7,1,0,0,0,0,0,2,0,8.844713113000068,53.076640016000056,Östliche Vorstadt,Hulsberg
1007,11,2020,11,6,18,3,4,3,1,0,0,0,0,1,2,1,8.844197757000074,53.07549602100005,Östliche Vorstadt,Hulsberg
1021,11,2020,11,4,11,3,1,5,1,1,0,0,0,0,0,1,8.83792072700004,53.07675120500005,Östliche Vorstadt,Hulsberg
49,11,2021,2,4,17,3,5,3,1,1,0,0,0,0,0,1,8.836683893000043,53.07528966600006,Östliche Vorstadt,Hulsberg
93,11,2021,6,2,14,3,0,7,1,0,0,0,0,0,0,0,8.852475821000041,53.07357876200007,Östliche Vorstadt,Hulsberg
131,11,2021,7,2,4,3,4,2,1,1,0,0,0,0,1,0,8.852215699000055,53.07370123100003,Östliche Vorstadt,Hulsberg
308,11,2021,4,7,18,3,5,3,1,1,0,0,0,0,0,0,8.853530689000024,53.070755071000065,Östliche Vorstadt,Hulsberg
722,11,2021,8,6,12,3,4,6,1,0,0,0,0,0,0,0,8.854008479000072,53.074779128000046,Östliche Vorstadt,Hulsberg
810,11,2021,8,2,13,3,5,2,1,1,0,0,0,0,0,0,8.854099486000052,53.07070693600008,Östliche Vorstadt,Hulsberg
872,11,2021,10,5,21,2,5,3,1,1,0,0,0,0,2,1,8.83737631200006,53.07692713500006,Östliche Vorstadt,Hulsberg
70,11,2022,5,2,9,3,4,2,1,1,0,0,0,0,0,0,8.83561918300006,53.073770494,Östliche Vorstadt,Hulsberg
81,11,2022,4,5,23,3,1,7,1,1,0,0,0,0,2,0,8.83881075200003,53.0773647890001,Östliche Vorstadt,Hulsberg
119,11,2022,6,3,8,3,5,2,1,1,0,0,0,0,0,0,8.85063458700006,53.0712404660001,Östliche Vorstadt,Hulsberg
130,11,2022,6,3,13,3,1,5,1,1,0,0,0,0,0,0,8.84382767800003,53.0744972430001,Östliche Vorstadt,Hulsberg
136,11,2022,3,3,12,3,5,3,1,1,0,0,0,0,0,0,8.84461288900008,53.0764151610001,Östliche Vorstadt,Hulsberg
148,11,2022,3,5,15,2,5,2,1,0,0,0,1,0,0,0,8.83733992500004,53.0768340400001,Östliche Vorstadt,Hulsberg
199,11,2022,5,2,13,3,0,7,1,0,0,0,0,0,0,0,8.83510638300004,53.0730147030001,Östliche Vorstadt,Hulsberg
205,11,2022,2,2,9,3,0,1,1,0,0,0,0,0,0,1,8.83733640500003,53.0768254450001,Östliche Vorstadt,Hulsberg
327,11,2022,4,1,22,2,0,7,1,0,0,0,0,0,2,0,8.85263590600005,53.073716372,Östliche Vorstadt,Hulsberg
414,11,2022,4,1,18,3,1,5,1,1,0,0,0,0,0,0,8.84411778600003,53.0751773540001,Östliche Vorstadt,Hulsberg
485,11,2022,3,3,7,3,5,3,1,0,0,0,0,0,0,0,8.85261075200003,53.073619605,Östliche Vorstadt,Hulsberg
565,11,2022,5,4,13,3,0,3,1,1,0,0,0,0,0,0,8.83561614100006,53.0737660120001,Östliche Vorstadt,Hulsberg
748,11,2022,8,2,23,3,0,7,1,0,0,1,0,0,2,0,8.84487176200003,53.075237599,Östliche Vorstadt,Hulsberg
799,11,2022,11,2,12,3,5,3,1,1,0,0,0,0,0,0,8.85234581900005,53.0736745120001,Östliche Vorstadt,Hulsberg
976,11,2022,10,1,4,3,1,7,1,1,0,0,0,0,2,1,8.84348012700002,53.073674915,Östliche Vorstadt,Hulsberg
196,11,2023,3,6,7,3,5,3,1,1,0,0,0,0,0,0,8.844190758000025,53.07534841900008,Östliche Vorstadt,Hulsberg
269,11,2023,2,2,14,3,5,2,1,1,0,0,0,0,0,0,8.852497678000077,53.07360069300006,Östliche Vorstadt,Hulsberg
303,11,2023,1,3,8,3,5,3,1,1,0,0,0,0,0,1,8.843850279000037,53.07455022900007,Östliche Vorstadt,Hulsberg
513,11,2023,9,2,12,3,6,7,1,1,1,0,0,1,0,0,8.837506700000063,53.07725385200007,Östliche Vorstadt,Hulsberg
556,11,2023,9,4,15,3,5,2,1,1,0,0,0,0,0,0,8.85687432800006,53.07346541000004,Östliche Vorstadt,Hulsberg
837,11,2023,6,3,7,3,5,3,1,0,0,0,0,1,0,0,8.844165388000022,53.075392984000075,Östliche Vorstadt,Hulsberg
854,11,2023,6,5,19,2,5,3,1,1,0,0,0,0,0,0,8.849980190000053,53.07416042400007,Östliche Vorstadt,Hulsberg
881,11,2023,6,2,19,3,3,6,1,0,0,0,0,0,0,0,8.852290604000075,53.07339153000004,Östliche Vorstadt,Hulsberg
935,11,2023,12,5,12,2,5,2,1,1,0,0,0,0,0,0,8.852553800000067,53.07365234800005,Östliche Vorstadt,Hulsberg
1002,11,2023,11,3,12,3,5,2,1,1,0,0,0,0,0,1,8.856560675000026,53.07278346900006,Östliche Vorstadt,Hulsberg
14,11,2016,1,2,12,3,5,3,1,1,0,0,0,0,0,1,8.556715767,53.188876144,Blumenthal,Blumenthal
180,11,2016,3,5,9,3,5,3,1,1,0,0,0,0,0,0,8.561150792,53.190381286,Blumenthal,Blumenthal
202,11,2016,4,2,19,3,0,1,1,0,0,0,0,0,0,0,8.576165386,53.19034619,Blumenthal,Blumenthal
260,11,2016,5,2,8,3,5,3,1,0,0,0,1,0,0,0,8.564861402,53.193269596,Blumenthal,Blumenthal
287,11,2016,4,3,17,3,5,2,1,1,0,0,0,0,0,1,8.578244954,53.181541098,Blumenthal,Blumenthal
292,11,2016,6,7,11,2,5,3,1,1,0,0,0,0,0,0,8.569737664,53.195280797,Blumenthal,Blumenthal
368,11,2016,5,6,19,3,5,3,1,1,0,0,0,0,0,0,8.578240661,53.186256968,Blumenthal,Blumenthal
472,11,2016,6,5,13,3,0,7,1,0,0,0,0,0,0,0,8.571908096,53.188640149,Blumenthal,Blumenthal
501,11,2016,6,5,15,3,5,3,1,1,0,0,0,0,0,0,8.571510758,53.191074099,Blumenthal,Blumenthal
523,11,2016,6,2,9,3,5,3,1,1,0,0,0,0,0,0,8.577099131,53.18840588,Blumenthal,Blumenthal
530,11,2016,7,4,20,3,5,3,1,1,0,0,0,0,0,0,8.58328762,53.181937219,Blumenthal,Blumenthal
560,11,2016,7,7,16,3,8,2,1,1,0,0,0,0,0,0,8.575850039,53.18342035,Blumenthal,Blumenthal
607,11,2016,8,4,7,3,5,3,1,1,0,0,0,0,0,0,8.575320132,53.1921802,Blumenthal,Blumenthal
709,11,2016,9,6,12,3,5,2,1,1,0,0,0,0,0,0,8.584576456,53.181445939,Blumenthal,Blumenthal
927,11,2016,10,6,20,3,4,2,1,1,0,0,0,0,2,0,8.568824771,53.18133162,Blumenthal,Blumenthal
994,11,2016,10,2,6,3,5,3,1,1,0,0,0,0,2,1,8.58004043,53.180281013,Blumenthal,Blumenthal
1011,11,2016,11,1,16,3,5,2,1,1,0,0,0,0,1,0,8.56483373,53.193259815,Blumenthal,Blumenthal
1044,11,2016,10,6,17,3,0,3,1,1,0,0,0,0,0,0,8.567041814,53.181911043,Blumenthal,Blumenthal
1130,11,2016,12,5,16,3,5,3,1,1,0,0,0,0,2,1,8.575713568,53.191205091,Blumenthal,Blumenthal
22,11,2017,1,2,13,2,5,3,1,1,0,0,0,0,0,1,8.57932708100003,53.18326822700004,Blumenthal,Blumenthal
103,11,2017,3,2,15,3,0,1,1,0,0,0,0,0,0,1,8.578647555000032,53.183397942000056,Blumenthal,Blumenthal
178,11,2017,2,4,8,3,5,3,1,1,0,0,0,0,0,0,8.579140094000024,53.183384587000035,Blumenthal,Blumenthal
199,11,2017,5,6,13,3,5,2,1,1,0,0,0,0,0,0,8.571907288000034,53.19603744300008,Blumenthal,Blumenthal
233,11,2017,4,2,9,3,5,2,1,1,0,0,0,0,0,0,8.572745473000055,53.19514655100005,Blumenthal,Blumenthal
263,11,2017,4,2,15,3,5,2,1,1,0,0,0,0,0,0,8.584578079000039,53.18144684200007,Blumenthal,Blumenthal
435,11,2017,5,2,18,2,5,3,1,1,0,0,0,0,0,0,8.56200870400005,53.18331385700003,Blumenthal,Blumenthal
484,11,2017,5,4,13,2,0,7,1,0,0,0,0,0,0,0,8.589438366000024,53.183151664000036,Blumenthal,Blumenthal
701,11,2017,9,4,12,3,5,3,1,0,0,1,0,0,0,1,8.572712359000036,53.18607568900006,Blumenthal,Blumenthal
719,11,2017,9,2,16,3,0,1,1,0,0,0,0,0,0,0,8.579707523000025,53.179128054000046,Blumenthal,Blumenthal
744,11,2017,8,5,16,3,4,1,1,1,0,0,0,0,0,1,8.571690139000054,53.19406487400005,Blumenthal,Blumenthal
759,11,2017,8,2,15,3,5,3,1,1,0,0,0,0,0,0,8.556193045000043,53.18510966200006,Blumenthal,Blumenthal
782,11,2017,8,5,15,3,4,6,1,0,0,0,0,0,0,0,8.572417233000067,53.195560561000036,Blumenthal,Blumenthal
819,11,2017,8,5,18,3,5,3,1,1,0,0,0,0,0,1,8.578208934000031,53.18162824400008,Blumenthal,Blumenthal
835,11,2017,8,2,5,3,0,7,1,0,0,0,0,0,1,1,8.58384757500005,53.181702114000075,Blumenthal,Blumenthal
851,11,2017,8,7,16,3,5,2,1,0,0,0,0,1,0,0,8.571494518000065,53.19106711000006,Blumenthal,Blumenthal
1065,11,2017,9,2,10,3,2,6,1,1,0,0,0,0,0,1,8.567039912000041,53.18191165400003,Blumenthal,Blumenthal
39,11,2018,1,6,6,3,5,3,1,1,0,0,0,0,2,2,8.576085393000028,53.19043166500006,Blumenthal,Blumenthal
88,11,2018,3,3,14,3,0,7,1,0,0,0,0,0,0,0,8.577520014000072,53.183551280000074,Blumenthal,Blumenthal
224,11,2018,4,6,15,3,5,2,1,0,0,0,0,1,0,0,8.584546070000044,53.18142904000007,Blumenthal,Blumenthal
253,11,2018,4,4,19,2,5,3,1,1,0,0,0,0,0,0,8.565696041000024,53.18233711600004,Blumenthal,Blumenthal
331,11,2018,5,2,10,3,0,7,1,0,0,0,0,0,0,0,8.569132060000072,53.18123986300003,Blumenthal,Blumenthal
426,11,2018,5,4,15,3,5,3,1,1,0,0,0,0,0,0,8.575580468000055,53.191813747000026,Blumenthal,Blumenthal
558,11,2018,6,7,22,2,5,3,1,0,0,0,0,1,2,0,8.56513553700006,53.18687866500005,Blumenthal,Blumenthal
639,11,2018,6,3,12,3,0,7,1,0,0,0,0,0,0,0,8.572289331000036,53.19567687500006,Blumenthal,Blumenthal
664,11,2018,8,4,14,2,6,4,1,0,1,0,0,0,0,0,8.57796669000004,53.18159824500003,Blumenthal,Blumenthal
726,11,2018,7,6,11,3,5,2,1,1,0,0,0,0,0,0,8.57250891800004,53.183962515000076,Blumenthal,Blumenthal
760,11,2018,8,4,6,3,5,2,1,1,0,0,0,0,0,0,8.556204746000049,53.18509644100004,Blumenthal,Blumenthal
823,11,2018,8,5,19,3,5,2,1,0,0,0,0,1,0,0,8.584403482000027,53.18138272500005,Blumenthal,Blumenthal
1070,11,2018,11,3,11,3,5,3,1,1,0,0,0,0,0,0,8.58896631400006,53.18305716500004,Blumenthal,Blumenthal
1081,11,2018,11,2,18,3,3,2,1,1,0,0,0,0,2,0,8.589042255000038,53.18307483800004,Blumenthal,Blumenthal
1088,11,2018,11,3,10,3,5,3,1,1,0,0,0,0,0,0,8.578277762000027,53.185004194000044,Blumenthal,Blumenthal
1111,11,2018,10,4,8,3,5,3,1,1,0,0,0,0,0,1,8.575349844000073,53.192146586000035,Blumenthal,Blumenthal
1178,11,2018,10,3,16,3,5,2,1,1,0,0,0,0,0,0,8.572457198000052,53.187135725000076,Blumenthal,Blumenthal
1198,11,2018,12,3,9,3,5,2,1,1,0,0,0,0,0,0,8.577109456000073,53.188373332000026,Blumenthal,Blumenthal
1254,11,2018,12,7,12,3,0,1,1,0,0,0,0,0,0,1,8.578767042000038,53.18192875900007,Blumenthal,Blumenthal
1260,11,2018,12,4,15,3,0,1,1,1,0,0,0,0,0,0,8.570571278000045,53.18215179400005,Blumenthal,Blumenthal
1273,11,2018,12,5,16,3,5,3,1,1,0,0,0,0,1,1,8.572736643000042,53.18146006300003,Blumenthal,Blumenthal
99,11,2019,1,4,5,2,5,3,1,0,0,0,0,1,2,0,8.58446323000004,53.18139991000004,Blumenthal,Blumenthal
106,11,2019,1,1,10,2,0,7,1,0,0,0,0,0,0,1,8.582685312000024,53.18225523800004,Blumenthal,Blumenthal
192,11,2019,4,4,10,3,5,3,1,1,0,0,0,0,0,0,8.575075001000073,53.18146590300006,Blumenthal,Blumenthal
294,11,2019,5,4,18,3,6,4,1,0,1,0,0,0,0,0,8.572996999000054,53.18146580300004,Blumenthal,Blumenthal
301,11,2019,5,7,17,3,0,7,1,0,1,0,0,0,0,0,8.57120812100004,53.183954397000036,Blumenthal,Blumenthal
319,11,2019,5,3,17,3,5,2,1,1,0,0,0,0,0,0,8.58456400800003,53.18143901700006,Blumenthal,Blumenthal
353,11,2019,5,3,23,3,0,7,1,0,0,0,0,0,2,0,8.592263177000063,53.18311298400005,Blumenthal,Blumenthal
446,11,2019,6,7,15,3,0,1,1,0,0,0,0,0,0,0,8.585063085000058,53.18118524000005,Blumenthal,Blumenthal
463,11,2019,6,4,16,2,9,7,1,1,0,0,0,0,0,0,8.57488662000003,53.192634601000066,Blumenthal,Blumenthal
499,11,2019,6,4,7,3,0,7,1,0,1,0,0,0,0,0,8.58275309000004,53.18220939000008,Blumenthal,Blumenthal
510,11,2019,6,6,12,3,5,2,1,1,0,0,0,0,0,0,8.571171184000036,53.181280195000056,Blumenthal,Blumenthal
553,11,2019,5,3,19,3,0,1,1,0,0,0,0,0,1,0,8.564392915000042,53.18272069800008,Blumenthal,Blumenthal
589,11,2019,8,5,11,3,5,3,1,1,0,0,0,0,0,0,8.571454095000036,53.18130764600005,Blumenthal,Blumenthal
630,11,2019,7,5,18,3,0,7,1,0,0,0,0,0,0,0,8.574683379000021,53.19282227200006,Blumenthal,Blumenthal
633,11,2019,7,5,21,3,5,3,1,1,0,0,0,0,2,0,8.555918475000055,53.18567210600003,Blumenthal,Blumenthal
780,11,2019,9,2,18,3,6,4,1,0,1,0,0,0,0,0,8.56162155800007,53.191796415000056,Blumenthal,Blumenthal
787,11,2019,9,4,10,3,5,3,1,1,0,0,0,0,0,0,8.572819997000067,53.19517303300006,Blumenthal,Blumenthal
899,11,2019,11,6,11,3,5,3,1,1,0,0,0,0,0,0,8.570719737000047,53.19568224400007,Blumenthal,Blumenthal
928,11,2019,11,6,10,3,0,3,1,1,0,0,0,0,0,0,8.57082015800006,53.18124613400005,Blumenthal,Blumenthal
938,11,2019,10,3,17,3,5,3,1,1,0,0,0,0,2,0,8.579454826000074,53.18289819900008,Blumenthal,Blumenthal
940,11,2019,10,3,9,3,4,2,1,1,0,0,0,0,0,1,8.56061020900006,53.184321655000076,Blumenthal,Blumenthal
1120,11,2019,12,4,17,3,5,7,1,1,0,0,0,0,2,0,8.58731448900005,53.18266853200004,Blumenthal,Blumenthal
1141,11,2019,12,5,11,3,5,3,1,1,0,0,0,0,0,0,8.571515787000067,53.18131363200007,Blumenthal,Blumenthal
3,11,2020,1,6,12,3,5,3,1,1,0,0,0,0,0,0,8.587413770000069,53.182691254000076,Blumenthal,Blumenthal
7,11,2020,1,5,19,3,8,1,1,0,0,0,0,0,2,1,8.570243806000065,53.18841309900006,Blumenthal,Blumenthal
55,11,2020,2,5,11,3,5,2,1,1,0,0,0,0,0,0,8.572784395000042,53.18146579100005,Blumenthal,Blumenthal
221,11,2020,3,7,8,2,0,7,1,0,0,0,0,0,0,0,8.572420953000062,53.18318523500005,Blumenthal,Blumenthal
330,11,2020,5,2,11,2,5,2,1,1,0,0,0,0,0,0,8.571328264000044,53.184079137000026,Blumenthal,Blumenthal
658,11,2020,7,5,13,3,0,7,1,0,0,0,0,0,0,0,8.577448736000065,53.182729607000056,Blumenthal,Blumenthal
686,11,2020,8,7,14,3,0,7,1,0,0,0,0,0,0,0,8.569312012000069,53.18190396500006,Blumenthal,Blumenthal
719,11,2020,10,3,8,3,0,3,1,1,0,0,0,0,1,1,8.557487834000028,53.18956390200003,Blumenthal,Blumenthal
854,11,2020,9,3,10,2,0,3,1,1,0,0,0,0,0,0,8.58855959300007,53.18296137100003,Blumenthal,Blumenthal
1002,11,2020,12,5,18,2,0,7,1,0,0,0,0,0,2,1,8.579124170000057,53.18331180100006,Blumenthal,Blumenthal
1067,11,2020,12,4,12,3,2,6,1,1,0,0,0,0,0,0,8.572733287000062,53.18624706400004,Blumenthal,Blumenthal
224,11,2021,4,2,10,2,3,2,1,1,0,0,0,0,0,0,8.577788203000068,53.18703785200006,Blumenthal,Blumenthal
240,11,2021,4,7,1,3,0,1,1,0,0,0,0,0,2,0,8.561284261000026,53.191609835000065,Blumenthal,Blumenthal
241,11,2021,6,5,7,3,5,3,1,1,0,0,0,0,0,0,8.56447804000004,53.193107858000076,Blumenthal,Blumenthal
317,11,2021,5,2,7,3,5,3,1,1,0,0,0,0,0,0,8.566287983000052,53.187722637000036,Blumenthal,Blumenthal
380,11,2021,4,3,15,3,5,3,1,1,0,0,0,0,0,0,8.567871469000067,53.18864378500007,Blumenthal,Blumenthal