,UKREIS,UJAHR,UMONAT,UWOCHENTAG,USTUNDE,UKATEGORIE,UART,UTYP1,IstRad,IstPKW,IstFuss,IstKrad,IstGkfz,IstSonstig,ULICHTVERH,STRZUSTAND,longitude,latitude,Stadtteil,Ortsteil
439,11,2021,6,3,16,3,1,5,1,1,0,0,0,0,0,0,8.578207048000024,53.185035550000066,Blumenthal,Blumenthal
607,11,2021,8,5,19,3,0,7,1,0,0,0,0,0,0,0,8.571786159000055,53.19051006600006,Blumenthal,Blumenthal
611,11,2021,10,3,17,3,4,6,1,1,0,0,0,0,1,1,8.556496658000071,53.186956175000034,Blumenthal,Blumenthal
664,11,2021,11,2,8,3,5,3,1,1,0,0,0,0,0,0,8.56496531700003,53.19330632400005,Blumenthal,Blumenthal
723,11,2021,10,7,12,3,5,7,1,1,0,0,0,0,0,0,8.57256577000004,53.182442525000056,Blumenthal,Blumenthal
800,11,2021,9,2,17,3,6,7,1,0,1,0,0,0,0,0,8.57071892600004,53.19568191400003,Blumenthal,Blumenthal
862,11,2021,10,4,9,3,0,7,1,0,0,0,0,1,0,1,8.58302922200005,53.18550256000003,Blumenthal,Blumenthal
887,11,2021,9,5,13,2,0,1,1,0,0,0,0,0,0,0,8.58564343300003,53.18092956500004,Blumenthal,Blumenthal
913,11,2021,9,3,16,3,7,7,1,0,1,0,0,0,0,0,8.57129139400007,53.18404187700003,Blumenthal,Blumenthal
35,11,2022,3,3,17,3,5,3,1,1,0,0,0,0,0,0,8.57868809600006,53.184442727,Blumenthal,Blumenthal
138,11,2022,5,5,5,3,0,1,1,0,0,0,0,0,1,0,8.58238917500006,53.182444149,Blumenthal,Blumenthal
183,11,2022,7,6,6,3,0,7,1,0,0,0,0,0,0,0,8.58436332800005,53.1813730690001,Blumenthal,Blumenthal
217,11,2022,3,5,14,3,5,3,1,1,0,0,0,0,0,0,8.57847844400004,53.1854558520001,Blumenthal,Blumenthal
336,11,2022,4,5,16,2,5,3,1,1,0,0,0,0,0,1,8.57901933300008,53.1836208710001,Blumenthal,Blumenthal
387,11,2022,4,6,11,2,5,3,1,1,0,0,0,0,0,0,8.57102680900005,53.1812661860001,Blumenthal,Blumenthal
421,11,2022,3,3,10,3,5,3,1,1,0,0,0,0,0,0,8.58458647800006,53.181472813,Blumenthal,Blumenthal
463,11,2022,1,3,9,3,0,7,1,0,0,0,0,0,0,2,8.56914358800003,53.181205778,Blumenthal,Blumenthal
540,11,2022,4,5,16,3,5,3,1,1,0,0,0,0,0,0,8.57189906700006,53.1886235490001,Blumenthal,Blumenthal
583,11,2022,6,5,17,3,5,3,1,1,0,0,0,0,0,0,8.56953020700007,53.1821860480001,Blumenthal,Blumenthal
634,11,2022,12,5,12,3,5,2,1,1,0,0,0,0,0,0,8.56185228100003,53.1833654390001,Blumenthal,Blumenthal
695,11,2022,10,5,12,3,0,7,1,0,0,0,0,0,0,1,8.56119382700007,53.1835754460001,Blumenthal,Blumenthal
807,11,2022,9,7,11,3,0,1,1,0,0,0,0,0,0,1,8.57339348300007,53.1917200010001,Blumenthal,Blumenthal
896,11,2022,12,4,13,3,0,7,1,0,0,0,0,0,0,1,8.57247840000002,53.1840090750001,Blumenthal,Blumenthal
1076,11,2022,9,5,17,3,0,1,1,0,0,0,0,0,0,1,8.57211164700004,53.187744432,Blumenthal,Blumenthal
8,11,2023,5,5,8,3,5,2,1,1,0,0,0,0,0,0,8.58461202500007,53.18137908600005,Blumenthal,Blumenthal
16,11,2023,5,3,10,3,5,3,1,1,0,0,0,0,0,1,8.574383455000032,53.18142681000006,Blumenthal,Blumenthal
162,11,2023,4,2,13,3,5,3,1,1,0,0,0,0,0,0,8.58451621200004,53.18143546200008,Blumenthal,Blumenthal
289,11,2023,1,4,21,3,5,2,1,1,0,0,0,0,2,0,8.567611505000059,53.194133435000026,Blumenthal,Blumenthal
367,11,2023,11,7,17,3,0,3,1,1,0,0,0,0,1,1,8.571041574000049,53.18126761800005,Blumenthal,Blumenthal
372,11,2023,11,6,14,3,5,2,1,1,0,0,0,0,0,0,8.588889179000034,53.18308148800003,Blumenthal,Blumenthal
393,11,2023,10,6,17,2,5,3,1,1,0,0,0,0,0,1,8.571704240000031,53.18987314300006,Blumenthal,Blumenthal
452,11,2023,10,6,12,3,6,6,1,0,1,0,0,0,0,1,8.575381014000072,53.18353118200008,Blumenthal,Blumenthal
527,11,2023,10,2,18,3,0,1,1,1,0,0,0,0,1,1,8.557079500000043,53.18935984400008,Blumenthal,Blumenthal
546,11,2023,9,6,17,3,4,2,1,1,0,0,0,0,0,0,8.582391720000032,53.18039600600008,Blumenthal,Blumenthal
561,11,2023,9,4,8,3,5,2,1,1,0,0,0,0,0,0,8.58483097900006,53.181285744000036,Blumenthal,Blumenthal
578,11,2023,8,5,20,3,5,3,1,1,0,0,0,0,0,0,8.567451515000073,53.194346745000075,Blumenthal,Blumenthal
597,11,2023,8,6,18,2,3,6,1,1,0,0,0,0,0,1,8.585519522000027,53.177199657000074,Blumenthal,Blumenthal
680,11,2023,8,3,15,3,5,3,1,0,0,1,0,0,0,0,8.572409500000049,53.18709889300004,Blumenthal,Blumenthal
771,11,2023,6,3,11,3,5,7,1,1,0,0,0,0,0,1,8.574374508000062,53.18136047100006,Blumenthal,Blumenthal
933,11,2023,12,7,19,3,5,3,1,1,0,0,0,0,2,1,8.588958173000037,53.18309792000008,Blumenthal,Blumenthal
15,11,2016,1,4,19,3,5,3,1,1,0,0,0,0,2,1,8.838004567,53.067872136,Östliche Vorstadt,Peterswerder
121,11,2016,3,4,13,3,5,3,1,1,0,0,0,0,0,0,8.838011301,53.067867077,Östliche Vorstadt,Peterswerder
166,11,2016,4,7,17,3,6,4,1,0,1,0,0,0,0,0,8.842432224,53.067725089,Östliche Vorstadt,Peterswerder
192,11,2016,3,6,22,3,2,6,1,1,0,0,0,0,2,1,8.848807285,53.067805024,Östliche Vorstadt,Peterswerder
209,11,2016,4,5,18,3,4,2,1,1,0,0,0,0,0,0,8.841222963,53.069286328,Östliche Vorstadt,Peterswerder
217,11,2016,4,1,11,3,3,2,1,1,0,0,0,0,0,0,8.853474984,53.064905898,Östliche Vorstadt,Peterswerder
219,11,2016,3,6,19,3,5,3,1,1,0,0,0,0,2,1,8.849310926,53.071379661,Östliche Vorstadt,Peterswerder
240,11,2016,5,6,20,3,5,3,1,1,0,0,0,0,0,0,8.847860241,53.066067389,Östliche Vorstadt,Peterswerder
241,11,2016,4,6,11,3,0,1,1,0,0,0,0,0,0,0,8.839119884,53.069649148,Östliche Vorstadt,Peterswerder
346,11,2016,4,5,7,3,1,7,1,1,0,0,0,0,0,0,8.841758253,53.070378492,Östliche Vorstadt,Peterswerder
352,11,2016,5,6,20,3,8,1,1,0,0,0,0,0,0,0,8.837399971,53.069915191,Östliche Vorstadt,Peterswerder
418,11,2016,6,5,11,3,5,2,1,1,0,0,0,0,0,0,8.85565927,53.069614208,Östliche Vorstadt,Peterswerder
448,11,2016,6,5,13,3,5,3,1,1,0,0,0,0,0,0,8.852416074,53.070814301,Östliche Vorstadt,Peterswerder
469,11,2016,6,4,16,3,1,7,1,0,0,0,1,0,0,0,8.849189855,53.071400061,Östliche Vorstadt,Peterswerder
618,11,2016,8,3,20,3,6,4,1,0,1,0,0,0,0,0,8.845567723,53.071596595,Östliche Vorstadt,Peterswerder
783,11,2016,9,4,12,2,5,3,1,1,0,0,0,0,0,0,8.832109977,53.068643296,Östliche Vorstadt,Peterswerder
794,11,2016,8,6,9,3,5,3,1,1,0,0,0,0,0,0,8.838002695,53.067873543,Östliche Vorstadt,Peterswerder
935,11,2016,10,7,19,2,7,7,1,0,0,0,0,0,2,0,8.838031836,53.067851645,Östliche Vorstadt,Peterswerder
986,11,2016,10,4,18,3,5,3,1,1,0,0,0,0,2,0,8.838033734,53.067850219,Östliche Vorstadt,Peterswerder
1085,11,2016,12,5,20,3,0,2,1,1,0,0,0,0,2,1,8.850153745,53.071237646,Östliche Vorstadt,Peterswerder
1087,11,2016,11,3,17,3,4,2,1,1,0,0,0,0,2,0,8.84399178,53.068802431,Östliche Vorstadt,Peterswerder
1091,11,2016,12,5,17,3,5,3,1,1,0,0,0,0,2,1,8.852631104,53.067339692,Östliche Vorstadt,Peterswerder
1129,11,2016,12,7,15,3,5,3,1,1,0,0,0,0,0,0,8.843021251,53.068950258,Östliche Vorstadt,Peterswerder
18,11,2017,2,6,7,3,6,4,1,0,1,0,0,0,1,1,8.837279989000024,53.071793282000044,Östliche Vorstadt,Peterswerder
168,11,2017,2,3,19,3,5,2,1,1,0,0,0,0,2,0,8.833577843000057,53.070618180000054,Östliche Vorstadt,Peterswerder
238,11,2017,4,7,21,3,3,6,1,1,0,0,0,0,1,0,8.838131632000056,53.06777665100003,Östliche Vorstadt,Peterswerder
297,11,2017,3,6,22,3,1,7,1,1,0,0,0,0,2,0,8.837238529000047,53.06960027100007,Östliche Vorstadt,Peterswerder
344,11,2017,6,5,12,3,5,3,1,1,0,0,0,0,0,0,8.842758683000056,53.07229089100008,Östliche Vorstadt,Peterswerder
444,11,2017,5,6,7,3,1,7,1,1,0,0,0,0,0,0,8.842671332000066,53.06903801800007,Östliche Vorstadt,Peterswerder
554,11,2017,7,7,0,3,0,1,1,0,0,0,0,0,2,0,8.843701097000064,53.06686279100006,Östliche Vorstadt,Peterswerder
590,11,2017,6,3,14,3,3,6,1,1,0,0,0,0,0,0,8.850451293000049,53.070915385000035,Östliche Vorstadt,Peterswerder
623,11,2017,6,3,11,3,5,2,1,1,0,0,0,0,0,0,8.85409271900005,53.06865189800004,Östliche Vorstadt,Peterswerder
659,11,2017,6,4,7,3,0,7,1,0,0,0,0,0,0,0,8.843990070000075,53.06880272600006,Östliche Vorstadt,Peterswerder
740,11,2017,8,5,7,3,5,2,1,1,0,0,0,0,0,0,8.836185966000073,53.07155082100007,Östliche Vorstadt,Peterswerder
743,11,2017,9,5,18,2,0,1,1,0,0,0,0,0,0,1,8.843991780000067,53.06880243100005,Östliche Vorstadt,Peterswerder
748,11,2017,8,4,11,3,0,7,1,0,0,0,0,0,0,0,8.844357013000035,53.07026321300003,Östliche Vorstadt,Peterswerder
887,11,2017,11,4,13,3,5,2,1,0,0,0,0,1,0,1,8.833937418000062,53.07108788600004,Östliche Vorstadt,Peterswerder
888,11,2017,9,2,7,3,5,2,1,1,0,0,0,0,1,1,8.850564615000053,53.07111758900004,Östliche Vorstadt,Peterswerder
902,11,2017,9,7,20,2,5,3,1,1,0,0,0,0,2,0,8.838002137000046,53.06787396200008,Östliche Vorstadt,Peterswerder
921,11,2017,10,5,12,3,6,1,1,0,1,0,0,0,0,0,8.848719389000053,53.071479330000045,Östliche Vorstadt,Peterswerder
957,11,2017,10,6,13,3,8,1,1,1,0,0,0,0,0,1,8.84338398400007,53.06692268000006,Östliche Vorstadt,Peterswerder
981,11,2017,10,1,11,3,4,2,1,1,0,0,0,0,0,0,8.850200108000024,53.06557663700005,Östliche Vorstadt,Peterswerder
1000,11,2017,9,2,13,3,2,6,1,0,0,0,0,0,0,0,8.833506791000048,53.070631211000034,Östliche Vorstadt,Peterswerder
1015,11,2017,10,1,17,3,5,3,1,1,0,0,0,0,0,0,8.838029431000052,53.067853452000065,Östliche Vorstadt,Peterswerder
1081,11,2017,12,3,15,3,0,7,1,0,1,0,0,0,0,0,8.843960523000021,53.066813796000076,Östliche Vorstadt,Peterswerder
1161,11,2017,11,6,15,3,5,3,1,1,0,0,0,0,0,0,8.838224054000023,53.06773422300006,Östliche Vorstadt,Peterswerder
13,11,2018,1,2,8,3,1,5,1,1,0,0,0,0,0,1,8.839142906000063,53.071188438000036,Östliche Vorstadt,Peterswerder
23,11,2018,1,5,13,3,5,3,1,1,0,0,0,0,0,0,8.838056588000029,53.06788540500003,Östliche Vorstadt,Peterswerder
36,11,2018,1,2,15,3,3,6,1,0,0,0,0,0,1,1,8.836834856000053,53.06809230300007,Östliche Vorstadt,Peterswerder
104,11,2018,3,2,23,2,0,1,1,0,0,0,0,0,2,1,8.849104992000036,53.06837636200004,Östliche Vorstadt,Peterswerder
113,11,2018,3,6,18,3,5,2,1,1,0,0,0,0,2,0,8.853548115000024,53.06489062900005,Östliche Vorstadt,Peterswerder
147,11,2018,3,6,15,3,5,2,1,1,0,0,0,0,0,1,8.838308899000026,53.06783721100004,Östliche Vorstadt,Peterswerder
221,11,2018,4,5,9,3,5,2,1,1,0,0,0,0,0,0,8.847796533000064,53.06608018800006,Östliche Vorstadt,Peterswerder
236,11,2018,4,3,18,3,5,2,1,0,0,1,0,0,0,0,8.832087278000074,53.06864508600006,Östliche Vorstadt,Peterswerder
272,11,2018,4,1,8,3,1,5,1,1,0,0,0,0,0,1,8.84753181800005,53.07158479000003,Östliche Vorstadt,Peterswerder
408,11,2018,5,4,1,3,0,1,1,0,0,0,0,0,2,0,8.847881233000066,53.06610632400003,Östliche Vorstadt,Peterswerder
424,11,2018,5,5,18,3,1,5,1,1,0,0,0,0,0,0,8.836588783000025,53.06824324200005,Östliche Vorstadt,Peterswerder
511,11,2018,6,4,17,3,6,4,1,0,1,0,0,0,0,0,8.832552210000074,53.068609148000064,Östliche Vorstadt,Peterswerder
518,11,2018,6,4,21,3,5,3,1,1,0,0,0,0,1,0,8.83819709900007,53.06775234300005,Östliche Vorstadt,Peterswerder
607,11,2018,6,5,18,2,5,3,1,1,0,0,0,0,0,0,8.83802464300004,53.06789150700007,Östliche Vorstadt,Peterswerder
702,11,2018,8,6,21,3,1,5,1,1,0,0,0,0,2,0,8.843201517000068,53.06894687800008,Östliche Vorstadt,Peterswerder
704,11,2018,7,2,15,3,1,7,1,1,0,0,0,0,0,0,8.844065372000045,53.07196123700004,Östliche Vorstadt,Peterswerder
915,11,2018,9,7,11,3,2,6,1,1,0,0,0,0,0,0,8.83214115800007,53.06864092200004,Östliche Vorstadt,Peterswerder
953,11,2018,10,7,17,3,5,3,1,1,0,0,0,0,0,0,8.838202491000061,53.067748134000055,Östliche Vorstadt,Peterswerder
987,11,2018,10,6,7,3,5,3,1,0,0,0,0,0,0,0,8.850249113000075,53.07055462500006,Östliche Vorstadt,Peterswerder
1002,11,2018,9,1,16,3,3,6,1,0,0,0,0,0,0,0,8.832273214000054,53.06863071400005,Östliche Vorstadt,Peterswerder
1024,11,2018,9,1,15,3,1,7,1,1,0,0,0,0,0,0,8.84274526400003,53.06902802600007,Östliche Vorstadt,Peterswerder
1066,11,2018,10,6,16,3,5,3,1,1,0,0,0,0,0,1,8.833164667000062,53.070140465000065,Östliche Vorstadt,Peterswerder
1135,11,2018,11,2,0,3,0,7,1,0,0,0,0,0,2,1,8.836379044000068,53.070120813000074,Östliche Vorstadt,Peterswerder
1289,11,2018,12,4,11,3,5,7,1,1,0,0,0,0,0,0,8.845070746000033,53.07163178400003,Östliche Vorstadt,Peterswerder
24,11,2019,1,1,20,3,0,7,1,0,0,0,0,1,2,1,8.854090327000051,53.06707657700008,Östliche Vorstadt,Peterswerder
173,11,2019,4,6,15,3,5,3,1,1,0,0,0,0,0,0,8.83803047500004,53.06789039300003,Östliche Vorstadt,Peterswerder
175,11,2019,4,5,15,3,5,3,1,1,0,0,0,0,0,0,8.837406011000041,53.069926974000055,Östliche Vorstadt,Peterswerder
206,11,2019,3,1,20,3,5,3,1,0,0,0,0,0,2,0,8.843622822000043,53.068898828000044,Östliche Vorstadt,Peterswerder
212,11,2019,3,6,15,2,5,3,1,1,0,0,0,0,0,0,8.832314410000038,53.06903173200004,Östliche Vorstadt,Peterswerder
364,11,2019,5,6,15,3,5,3,1,1,0,0,0,0,0,0,8.855679187000021,53.069612892000066,Östliche Vorstadt,Peterswerder
400,11,2019,4,3,19,2,5,3,1,1,0,0,0,0,1,0,8.83716054100006,53.07176794900005,Östliche Vorstadt,Peterswerder
413,11,2019,7,2,12,3,6,4,1,0,1,0,0,0,0,0,8.846502881000049,53.071590797000056,Östliche Vorstadt,Peterswerder
458,11,2019,6,5,17,3,1,5,1,1,0,0,0,0,0,0,8.848986444000047,53.068141912000044,Östliche Vorstadt,Peterswerder
533,11,2019,6,1,18,3,5,3,1,0,0,0,0,0,0,0,8.842764765000027,53.07230224500006,Östliche Vorstadt,Peterswerder
561,11,2019,8,4,19,2,0,7,1,0,0,0,0,0,0,0,8.84914249600007,53.068450530000064,Östliche Vorstadt,Peterswerder
577,11,2019,8,7,17,2,2,6,1,0,0,0,0,0,0,0,8.850173192000057,53.06774327100004,Östliche Vorstadt,Peterswerder
580,11,2019,8,6,14,3,5,3,1,1,0,0,0,0,0,0,8.853506646000028,53.06489928700006,Östliche Vorstadt,Peterswerder
845,11,2019,9,2,9,3,5,3,1,1,0,0,0,0,0,0,8.83843183700003,53.06976776400006,Östliche Vorstadt,Peterswerder
848,11,2019,9,5,12,3,4,1,1,1,0,0,0,0,0,1,8.832129758000065,53.06864180200006,Östliche Vorstadt,Peterswerder
879,11,2019,8,4,18,3,4,7,1,0,1,0,0,0,0,0,8.847542736000037,53.071584726000026,Östliche Vorstadt,Peterswerder
1031,11,2019,11,7,19,3,0,1,1,0,0,0,0,0,2,1,8.836443903000031,53.06769706300008,Östliche Vorstadt,Peterswerder
1037,11,2019,10,4,8,3,1,5,1,0,0,0,0,1,0,0,8.846776153000064,53.06832788400004,Östliche Vorstadt,Peterswerder
1166,11,2019,11,6,7,3,4,2,1,1,0,0,0,0,1,0,8.854468643000075,53.06702037500003,Östliche Vorstadt,Peterswerder
43,11,2020,1,4,12,3,1,7,1,1,0,0,0,0,0,0,8.85390626000003,53.06612233900006,Östliche Vorstadt,Peterswerder
72,11,2020,1,3,8,3,3,2,1,1,0,0,0,0,1,1,8.84263818900007,53.07206594000007,Östliche Vorstadt,Peterswerder
110,11,2020,1,1,20,3,5,2,1,1,0,0,0,0,2,0,8.84361231500003,53.06887759500006,Östliche Vorstadt,Peterswerder
137,11,2020,1,6,13,3,6,4,1,0,1,0,0,0,0,1,8.843215042000054,53.06894425400003,Östliche Vorstadt,Peterswerder
176,11,2020,4,1,18,3,0,7,1,0,0,0,0,0,0,0,8.835724172000027,53.06826955400004,Östliche Vorstadt,Peterswerder
177,11,2020,4,1,14,3,5,2,1,1,0,0,0,0,0,0,8.838014645000044,53.06789341700005,Östliche Vorstadt,Peterswerder
188,11,2020,3,4,18,3,5,3,1,0,0,0,0,0,1,1,8.840895300000057,53.06736760200005,Östliche Vorstadt,Peterswerder
261,11,2020,5,4,14,3,6,4,1,0,1,0,0,0,0,0,8.841325588000075,53.06926817200008,Östliche Vorstadt,Peterswerder
414,11,2020,6,4,16,3,3,2,1,1,0,0,0,0,0,0,8.83616928500004,53.07153646200004,Östliche Vorstadt,Peterswerder
419,11,2020,5,4,8,3,5,2,1,1,0,0,0,0,0,0,8.842814849000035,53.072331355000074,Östliche Vorstadt,Peterswerder
424,11,2020,5,4,17,3,5,3,1,1,0,0,0,0,0,0,8.844622257000026,53.07075376300003,Östliche Vorstadt,Peterswerder
459,11,2020,5,7,9,3,5,3,1,0,0,0,0,1,0,0,8.838008426000044,53.06789460500005,Östliche Vorstadt,Peterswerder
476,11,2020,6,1,17,3,1,5,1,1,0,0,0,0,0,0,8.844720038000048,53.06834552400005,Östliche Vorstadt,Peterswerder
549,11,2020,7,6,21,2,3,6,1,1,0,0,0,0,2,0,8.84115924200006,53.06926743400004,Östliche Vorstadt,Peterswerder
562,11,2020,7,6,13,3,0,7,1,1,0,0,0,0,0,1,8.836670723000054,53.07166928200007,Östliche Vorstadt,Peterswerder
564,11,2020,7,4,10,3,0,7,1,1,0,0,0,0,0,0,8.840552918000071,53.06940214200006,Östliche Vorstadt,Peterswerder
573,11,2020,8,6,13,3,5,3,1,1,0,0,0,0,0,0,8.848709171000053,53.07148105200008,Östliche Vorstadt,Peterswerder
608,11,2020,8,2,18,3,5,3,1,1,0,0,0,0,0,0,8.854778302000057,53.067734478000034,Östliche Vorstadt,Peterswerder
757,11,2020,9,1,13,3,7,7,1,0,0,0,0,1,0,0,8.837159342000064,53.069445803000065,Östliche Vorstadt,Peterswerder
888,11,2020,10,7,13,2,1,5,1,1,0,0,0,0,0,0,8.840425043000039,53.06785638700006,Östliche Vorstadt,Peterswerder
899,11,2020,8,2,19,2,5,3,1,1,0,0,0,0,1,0,8.851441688000023,53.06339306700005,Östliche Vorstadt,Peterswerder
919,11,2020,10,2,2,3,5,3,1,1,0,0,0,0,2,0,8.833541223000054,53.07062252900005,Östliche Vorstadt,Peterswerder
977,11,2020,11,5,12,3,0,3,1,1,0,0,0,1,0,1,8.83792064100004,53.07186929300008,Östliche Vorstadt,Peterswerder
1024,11,2020,11,4,12,3,0,1,1,0,0,0,0,0,0,1,8.834780842000043,53.07039052700003,Östliche Vorstadt,Peterswerder
1041,11,2020,12,2,7,3,5,2,1,0,0,0,0,1,2,1,8.846761056000048,53.068350603000056,Östliche Vorstadt,Peterswerder
5,11,2021,5,7,15,3,1,5,1,1,0,0,0,0,0,0,8.84128903800007,53.06949786700005,Östliche Vorstadt,Peterswerder
77,11,2021,6,3,14,2,4,6,1,0,0,0,0,0,0,0,8.852917999000056,53.06502223000007,Östliche Vorstadt,Peterswerder
92,11,2021,3,4,15,3,0,7,1,0,0,0,0,0,0,0,8.839645172000075,53.07227057000006,Östliche Vorstadt,Peterswerder
114,11,2021,5,5,14,3,0,7,1,0,1,0,0,0,0,0,8.837210859000038,53.069977433000076,Östliche Vorstadt,Peterswerder
135,11,2021,6,3,16,3,5,3,1,1,0,0,0,0,0,0,8.837105344000065,53.06945514100005,Östliche Vorstadt,Peterswerder
341,11,2021,6,4,17,3,7,7,1,0,0,0,0,1,0,0,8.837473244000023,53.069932737000045,Östliche Vorstadt,Peterswerder
355,11,2021,4,3,14,3,3,6,1,0,0,0,0,0,0,0,8.853462802000024,53.06490844100006,Östliche Vorstadt,Peterswerder
390,11,2021,6,2,17,3,0,3,1,1,0,0,0,0,0,0,8.849127329000055,53.068420536000076,Östliche Vorstadt,Peterswerder
415,11,2021,6,3,7,2,1,7,1,1,0,0,0,0,0,1,8.842307677000065,53.07144889600005,Östliche Vorstadt,Peterswerder
436,11,2021,3,6,12,3,1,5,1,1,0,0,0,0,0,0,8.84913122200004,53.068428235000056,Östliche Vorstadt,Peterswerder
441,11,2021,5,2,19,3,5,2,1,1,0,0,0,0,0,1,8.832102020000036,53.06868823000008,Östliche Vorstadt,Peterswerder
458,11,2021,2,3,14,3,4,6,1,1,0,0,0,0,0,2,8.835112429000048,53.06835606200008,Östliche Vorstadt,Peterswerder
494,11,2021,3,4,7,3,0,7,1,1,0,0,0,0,0,0,8.846903801000053,53.06830623700006,Östliche Vorstadt,Peterswerder
564,11,2021,9,5,13,2,5,3,1,1,0,0,0,0,0,0,8.850171425000042,53.06550364200007,Östliche Vorstadt,Peterswerder
566,11,2021,10,5,16,3,5,3,1,1,0,0,0,0,0,0,8.838052810000022,53.067886126000076,Östliche Vorstadt,Peterswerder
602,11,2021,8,1,19,3,6,7,1,0,1,0,0,0,0,0,8.836633431000052,53.06807711400006,Östliche Vorstadt,Peterswerder
630,11,2021,9,7,0,3,0,7,1,0,0,0,0,0,2,0,8.83761333600006,53.069368722000036,Östliche Vorstadt,Peterswerder
682,11,2021,10,2,8,3,2,6,1,1,0,0,0,0,0,0,8.850569652000047,53.07112657500005,Östliche Vorstadt,Peterswerder
789,11,2021,9,1,6,3,0,7,1,0,0,0,0,0,0,0,8.83556745900006,53.071444744000075,Östliche Vorstadt,Peterswerder
101,11,2022,6,6,10,3,3,6,1,0,0,1,0,0,0,0,8.83745860900007,53.0699352560001,Östliche Vorstadt,Peterswerder
149,11,2022,7,3,18,3,5,7,1,1,0,0,0,0,0,0,8.84071051400002,53.0716953310001,Östliche Vorstadt,Peterswerder
156,11,2022,6,6,16,3,5,2,1,0,0,1,0,0,0,0,8.84115167900006,53.0692527410001,Östliche Vorstadt,Peterswerder
159,11,2022,6,5,23,3,1,5,1,1,0,0,0,0,2,0,8.83513787500004,53.070330412,Östliche Vorstadt,Peterswerder
209,11,2022,3,4,7,3,5,7,1,0,0,0,0,1,0,0,8.84277587800005,53.072322995,Östliche Vorstadt,Peterswerder
221,11,2022,7,1,16,3,4,6,1,0,0,0,0,0,0,0,8.83528667100006,53.068331422,Östliche Vorstadt,Peterswerder
271,11,2022,3,4,11,3,1,1,1,0,0,0,0,1,0,0,8.84317877400002,53.072229457,Östliche Vorstadt,Peterswerder
306,11,2022,1,3,8,3,5,2,1,1,0,0,0,0,0,1,8.85344052200003,53.064913093,Östliche Vorstadt,Peterswerder
377,11,2022,7,4,23,3,1,5,1,0,0,0,0,1,2,0,8.83903939500004,53.0676996,Östliche Vorstadt,Peterswerder
444,11,2022,6,6,17,3,6,4,1,0,1,0,0,0,0,0,8.85157703900006,53.0650290450001,Östliche Vorstadt,Peterswerder
491,11,2022,3,5,16,2,0,1,1,0,0,0,0,0,0,0,8.84973784700003,53.065672369,Östliche Vorstadt,Peterswerder
703,11,2022,10,5,14,3,3,6,1,0,0,0,0,0,0,0,8.84530549800007,53.0665660070001,Östliche Vorstadt,Peterswerder
797,11,2022,8,1,15,3,3,6,1,0,0,0,0,1,0,0,8.85044446200004,53.071188659,Östliche Vorstadt,Peterswerder
880,11,2022,10,5,10,3,5,2,1,0,0,0,0,0,0,0,8.83209162200006,53.0686577990001,Östliche Vorstadt,Peterswerder
891,11,2022,10,3,15,3,3,6,1,1,0,0,0,0,0,0,8.85019909700003,53.065576627,Östliche Vorstadt,Peterswerder
899,11,2022,9,1,2,2,4,6,1,0,0,0,0,0,2,0,8.84886898300005,53.065856857,Östliche Vorstadt,Peterswerder
935,11,2022,10,3,14,3,5,2,1,1,0,0,0,0,0,0,8.85155042700006,53.0650665470001,Östliche Vorstadt,Peterswerder
983,11,2022,10,7,11,3,1,7,1,0,0,0,0,1,0,0,8.83575166600002,53.07148334,Östliche Vorstadt,Peterswerder
1013,11,2022,11,7,13,3,5,3,1,1,0,0,0,0,0,0,8.83799508500005,53.067897153,Östliche Vorstadt,Peterswerder
1060,11,2022,11,6,15,3,5,3,1,1,0,0,0,0,0,0,8.85021305300006,53.0655738560001,Östliche Vorstadt,Peterswerder
1064,11,2022,9,6,7,3,1,5,1,1,0,0,0,0,0,0,8.84961366500005,53.0713286550001,Östliche Vorstadt,Peterswerder