,UKREIS,UJAHR,UMONAT,UWOCHENTAG,USTUNDE,UKATEGORIE,UART,UTYP1,IstRad,IstPKW,IstFuss,IstKrad,IstGkfz,IstSonstig,ULICHTVERH,STRZUSTAND,longitude,latitude,Stadtteil,Ortsteil
34,11,2023,5,5,14,3,0,2,1,1,0,0,0,0,0,0,8.84885071900004,53.06788262800006,Östliche Vorstadt,Peterswerder
59,11,2023,5,5,15,3,1,7,1,1,0,0,0,0,0,0,8.832893274000071,53.06984504500008,Östliche Vorstadt,Peterswerder
67,11,2023,5,4,14,3,5,2,1,1,0,0,0,0,0,1,8.847838014000047,53.066044274000035,Östliche Vorstadt,Peterswerder
120,11,2023,4,6,23,3,0,7,1,0,0,0,0,0,2,0,8.848729458000037,53.06799670200007,Östliche Vorstadt,Peterswerder
164,11,2023,4,1,16,3,0,7,1,0,0,0,0,0,0,0,8.84249057300002,53.06708149600007,Östliche Vorstadt,Peterswerder
172,11,2023,3,4,12,3,7,7,1,0,0,0,0,1,0,0,8.848052555000038,53.068111411000075,Östliche Vorstadt,Peterswerder
204,11,2023,3,1,20,3,3,6,1,0,0,0,0,0,2,1,8.850144670000077,53.06551739300005,Östliche Vorstadt,Peterswerder
205,11,2023,3,7,17,3,5,3,1,1,0,0,0,0,0,0,8.853441427000064,53.06491262900005,Östliche Vorstadt,Peterswerder
262,11,2023,2,4,9,2,0,7,1,0,0,0,0,1,0,0,8.841042440000024,53.072549750000064,Östliche Vorstadt,Peterswerder
334,11,2023,2,3,14,3,5,2,1,1,0,0,0,0,0,0,8.848858654000026,53.06797482400003,Östliche Vorstadt,Peterswerder
375,11,2023,11,5,15,3,2,6,1,1,0,0,0,0,0,0,8.849337394000031,53.068825067000034,Östliche Vorstadt,Peterswerder
454,11,2023,10,5,17,3,5,2,1,1,0,0,0,0,0,0,8.838042821000045,53.06788803400008,Östliche Vorstadt,Peterswerder
516,11,2023,9,7,15,3,0,1,1,0,0,0,0,0,0,0,8.840794907000031,53.067385813000044,Östliche Vorstadt,Peterswerder
574,11,2023,9,6,13,3,5,3,1,1,0,0,0,0,0,0,8.852807905000077,53.06890309500005,Östliche Vorstadt,Peterswerder
657,11,2023,10,1,13,3,1,5,1,1,0,0,0,0,0,0,8.834043824000048,53.07051931700005,Östliche Vorstadt,Peterswerder
659,11,2023,8,1,3,3,0,7,1,0,0,0,0,0,2,1,8.84111534300007,53.067327688000034,Östliche Vorstadt,Peterswerder
665,11,2023,8,4,15,3,3,3,1,1,0,0,0,0,0,1,8.838013743000033,53.06789358900005,Östliche Vorstadt,Peterswerder
724,11,2023,7,1,3,3,4,6,1,0,0,0,0,0,2,0,8.832107243000053,53.06870351600003,Östliche Vorstadt,Peterswerder
903,11,2023,5,4,13,3,1,5,1,1,0,0,0,0,0,0,8.849731544000065,53.06953623800007,Östliche Vorstadt,Peterswerder
969,11,2023,12,6,19,3,0,7,1,0,0,0,0,0,2,0,8.841136154000026,53.072560630000055,Östliche Vorstadt,Peterswerder
1029,11,2023,5,7,19,3,6,4,1,0,1,0,0,0,0,0,8.843566761000034,53.066626804000066,Östliche Vorstadt,Peterswerder
1036,11,2023,6,6,7,3,2,6,1,0,0,0,0,0,0,0,8.833655646000068,53.06812963300007,Östliche Vorstadt,Peterswerder
16,11,2016,1,2,12,3,1,5,1,1,0,0,0,0,0,1,8.865293972,53.086364027,Schwachhausen,Radio Bremen
17,11,2016,1,6,7,2,0,1,1,0,0,0,0,0,1,2,8.853601762,53.083118963,Schwachhausen,Radio Bremen
87,11,2016,2,2,16,3,6,4,1,0,1,0,0,0,0,1,8.852274825,53.086008941,Schwachhausen,Radio Bremen
133,11,2016,4,4,13,3,3,6,1,0,0,0,0,0,0,0,8.859738504,53.089648262,Schwachhausen,Radio Bremen
199,11,2016,4,7,19,2,5,3,1,1,0,0,0,0,0,0,8.870557918,53.091363311,Schwachhausen,Radio Bremen
325,11,2016,5,3,11,3,0,7,1,0,0,0,1,0,0,0,8.861768007,53.088141209,Schwachhausen,Radio Bremen
544,11,2016,8,6,18,2,0,1,1,0,0,0,0,0,0,0,8.852513574,53.086265847,Schwachhausen,Radio Bremen
562,11,2016,7,4,7,3,4,5,1,1,0,0,0,0,0,0,8.872563828,53.083002803,Schwachhausen,Radio Bremen
628,11,2016,8,1,19,3,6,4,1,0,1,0,0,0,0,0,8.853244213,53.08684058,Schwachhausen,Radio Bremen
830,11,2016,9,6,13,3,5,1,1,1,0,0,0,0,0,0,8.870949795,53.087521681,Schwachhausen,Radio Bremen
922,11,2016,11,5,12,3,5,2,1,1,0,0,0,0,0,1,8.870604297,53.090316272,Schwachhausen,Radio Bremen
940,11,2016,10,3,20,3,5,3,1,1,0,0,0,0,2,0,8.87518152,53.082430093,Schwachhausen,Radio Bremen
1022,11,2016,11,4,17,3,5,2,1,1,0,0,0,0,2,1,8.866764622,53.090946025,Schwachhausen,Radio Bremen
1034,11,2016,10,2,13,3,0,1,1,0,0,0,0,0,0,0,8.856377472,53.088814285,Schwachhausen,Radio Bremen
1138,11,2016,12,2,2,3,0,1,1,0,0,0,0,0,2,1,8.870597417,53.090225504,Schwachhausen,Radio Bremen
1154,11,2016,12,3,17,3,5,2,1,1,0,0,0,0,1,1,8.870561138,53.089821503,Schwachhausen,Radio Bremen
86,11,2017,3,7,10,3,5,2,1,0,0,0,0,0,0,0,8.856531476000043,53.08872591700003,Schwachhausen,Radio Bremen
236,11,2017,4,2,7,3,5,3,1,1,0,0,0,0,0,0,8.870730029000072,53.09127798800006,Schwachhausen,Radio Bremen
338,11,2017,6,6,15,2,4,7,1,0,0,0,0,0,0,1,8.853514636000057,53.08714015100003,Schwachhausen,Radio Bremen
349,11,2017,6,4,13,3,5,2,1,1,0,0,0,0,0,1,8.852325333000067,53.08599152700003,Schwachhausen,Radio Bremen
350,11,2017,6,4,9,3,5,3,1,1,0,0,0,0,0,0,8.87566146200004,53.08249430400008,Schwachhausen,Radio Bremen
515,11,2017,7,4,22,2,0,7,1,0,0,0,0,0,2,1,8.870859108000047,53.09136806200007,Schwachhausen,Radio Bremen
609,11,2017,6,5,20,3,5,3,1,1,0,0,0,0,0,1,8.854075665000039,53.082551686000045,Schwachhausen,Radio Bremen
611,11,2017,6,4,18,3,0,1,1,0,0,0,0,0,0,0,8.851252240000065,53.08542794600004,Schwachhausen,Radio Bremen
662,11,2017,9,5,16,3,5,3,1,1,0,0,0,0,0,1,8.851101368000059,53.085204109000074,Schwachhausen,Radio Bremen
703,11,2017,9,4,5,3,5,3,1,1,0,0,0,0,2,1,8.857373868000025,53.088962138000056,Schwachhausen,Radio Bremen
720,11,2017,9,2,19,3,5,3,1,1,0,0,0,0,0,0,8.854491961000065,53.088263390000066,Schwachhausen,Radio Bremen
891,11,2017,11,4,7,3,0,7,1,1,0,0,0,0,1,1,8.871571782000046,53.08649186900004,Schwachhausen,Radio Bremen
918,11,2017,10,6,19,3,5,3,1,1,0,0,0,0,2,1,8.870986497000047,53.08748469600005,Schwachhausen,Radio Bremen
993,11,2017,10,6,13,3,3,2,1,1,0,0,0,0,0,0,8.854035143000033,53.082547102000035,Schwachhausen,Radio Bremen
1070,11,2017,12,6,12,3,5,3,1,1,0,0,0,0,0,0,8.876212055000053,53.08584902600006,Schwachhausen,Radio Bremen
1130,11,2017,11,5,17,3,1,5,1,1,0,0,0,0,0,1,8.856483445000038,53.088827879000064,Schwachhausen,Radio Bremen
1186,11,2017,11,4,6,2,0,7,1,0,0,0,0,0,2,1,8.87491732500007,53.08319024000008,Schwachhausen,Radio Bremen
21,11,2018,1,6,8,3,0,1,1,0,0,0,0,0,0,2,8.85560139100005,53.084331631000055,Schwachhausen,Radio Bremen
102,11,2018,2,1,16,3,5,3,1,1,0,0,0,0,0,1,8.87340127400006,53.08478416100007,Schwachhausen,Radio Bremen
141,11,2018,1,4,7,3,6,4,1,0,1,0,0,0,2,1,8.853971424000065,53.083343315000036,Schwachhausen,Radio Bremen
203,11,2018,4,6,7,3,5,2,1,1,0,0,0,0,0,1,8.870549553000046,53.09127504500003,Schwachhausen,Radio Bremen
223,11,2018,4,1,5,3,1,5,1,1,0,0,0,0,1,0,8.854006727000069,53.08336327200004,Schwachhausen,Radio Bremen
244,11,2018,4,5,12,3,0,7,1,0,0,0,0,0,0,0,8.850609180000049,53.08513965000003,Schwachhausen,Radio Bremen
491,11,2018,6,5,11,3,5,2,1,1,0,0,0,0,0,0,8.875130006000063,53.08242706100003,Schwachhausen,Radio Bremen
652,11,2018,8,3,17,3,5,3,1,1,0,0,0,0,0,0,8.871018132000074,53.08741685100006,Schwachhausen,Radio Bremen
757,11,2018,8,2,8,3,1,7,1,1,0,0,0,0,0,0,8.856084616000032,53.08870457900008,Schwachhausen,Radio Bremen
804,11,2018,7,3,17,3,5,3,1,1,0,0,0,0,0,0,8.85115866600006,53.08523578000006,Schwachhausen,Radio Bremen
836,11,2018,8,1,10,3,5,3,1,1,0,0,0,0,0,0,8.877687718000061,53.082528618000026,Schwachhausen,Radio Bremen
859,11,2018,9,5,18,3,5,3,1,1,0,0,0,0,0,0,8.872992106000027,53.08475883400007,Schwachhausen,Radio Bremen
934,11,2018,9,2,8,3,0,1,1,0,0,0,0,0,0,1,8.875225886000067,53.08243413400004,Schwachhausen,Radio Bremen
958,11,2018,10,3,17,3,5,2,1,1,0,0,0,0,0,1,8.853314428000033,53.08292764200007,Schwachhausen,Radio Bremen
975,11,2018,9,5,14,3,5,3,1,1,0,0,0,0,0,0,8.859063258000049,53.08444511400006,Schwachhausen,Radio Bremen
1027,11,2018,9,6,17,3,6,4,1,0,1,0,0,0,0,0,8.852332087000036,53.086016235000045,Schwachhausen,Radio Bremen
1035,11,2018,10,1,17,3,0,7,1,0,0,0,0,0,0,0,8.857973296000068,53.08272388900008,Schwachhausen,Radio Bremen
1300,11,2018,12,2,18,3,5,2,1,1,0,0,0,0,2,1,8.875719926000045,53.08245877400003,Schwachhausen,Radio Bremen
68,11,2019,2,3,6,3,5,3,1,1,0,0,0,0,2,0,8.86969576000007,53.09129325500004,Schwachhausen,Radio Bremen
87,11,2019,2,4,13,3,3,6,1,0,0,0,0,1,0,0,8.853745718000027,53.085263800000064,Schwachhausen,Radio Bremen
98,11,2019,1,4,7,3,0,7,1,0,0,0,0,0,0,2,8.857656195000061,53.085866717000044,Schwachhausen,Radio Bremen
121,11,2019,3,7,1,2,0,7,1,0,0,0,0,0,2,0,8.875712676000035,53.08246436700006,Schwachhausen,Radio Bremen
220,11,2019,3,3,12,3,5,3,1,1,0,0,0,0,0,0,8.851135011000054,53.085201909000034,Schwachhausen,Radio Bremen
223,11,2019,3,2,17,3,5,7,1,1,0,0,0,0,0,0,8.87321715400003,53.084767372000044,Schwachhausen,Radio Bremen
288,11,2019,5,5,7,3,3,6,1,0,0,0,0,0,0,0,8.855404348000036,53.08441669700005,Schwachhausen,Radio Bremen
336,11,2019,5,7,1,3,0,7,1,0,0,0,0,0,2,0,8.854550164000045,53.08259891000006,Schwachhausen,Radio Bremen
506,11,2019,6,1,21,3,5,3,1,1,0,0,0,0,0,0,8.875039550000054,53.08242038700007,Schwachhausen,Radio Bremen
590,11,2019,8,5,8,2,5,3,1,1,0,0,0,0,0,0,8.874461303000032,53.083221879000064,Schwachhausen,Radio Bremen
763,11,2019,9,3,18,3,1,7,1,1,0,0,0,0,0,0,8.86159869000005,53.08371619300004,Schwachhausen,Radio Bremen
916,11,2019,11,2,7,3,5,2,1,1,0,0,0,0,1,1,8.862891293000075,53.09018208900005,Schwachhausen,Radio Bremen
1117,11,2019,12,5,14,3,5,7,1,1,0,0,0,0,0,0,8.875308352000047,53.08280149600006,Schwachhausen,Radio Bremen
1126,11,2019,12,3,12,3,4,6,1,0,0,0,1,0,0,1,8.858009948000074,53.08903852100008,Schwachhausen,Radio Bremen
36,11,2020,1,5,16,3,3,6,1,0,0,0,0,0,0,0,8.858256681000057,53.08910558300005,Schwachhausen,Radio Bremen
100,11,2020,1,5,15,3,3,6,1,1,0,0,0,0,0,0,8.850701127000036,53.085155307000036,Schwachhausen,Radio Bremen
168,11,2020,5,4,9,3,1,7,1,1,0,0,0,0,0,0,8.859669121000024,53.08525005000007,Schwachhausen,Radio Bremen
291,11,2020,4,2,18,2,6,4,1,0,1,0,0,0,0,0,8.853863621000073,53.08263319000008,Schwachhausen,Radio Bremen
322,11,2020,5,4,18,3,5,3,1,1,0,0,0,0,0,0,8.872493827000028,53.085784028000035,Schwachhausen,Radio Bremen
361,11,2020,5,7,14,2,5,3,1,1,0,0,0,0,0,0,8.87298213500003,53.084758339000075,Schwachhausen,Radio Bremen
416,11,2020,6,5,11,2,3,6,1,0,0,0,0,0,0,0,8.854399296000054,53.088086204000035,Schwachhausen,Radio Bremen
430,11,2020,6,6,15,3,1,5,1,1,0,0,0,0,0,0,8.857067415000074,53.082726654000055,Schwachhausen,Radio Bremen
508,11,2020,8,4,7,2,4,6,1,0,0,0,0,0,0,0,8.87085025700003,53.08742640100007,Schwachhausen,Radio Bremen
583,11,2020,7,6,11,3,5,3,1,1,0,0,0,0,0,0,8.870920044000059,53.08752424900007,Schwachhausen,Radio Bremen
632,11,2020,7,5,9,3,5,2,1,1,0,0,0,0,0,1,8.875671220000072,53.082325377000075,Schwachhausen,Radio Bremen
695,11,2020,8,6,14,3,3,2,1,1,0,0,0,0,0,0,8.875203001000045,53.08243244600004,Schwachhausen,Radio Bremen
850,11,2020,10,3,23,3,0,7,1,0,0,0,0,0,2,1,8.875191958000073,53.08230477600006,Schwachhausen,Radio Bremen
852,11,2020,10,4,19,3,0,7,1,0,0,0,0,0,2,1,8.870740427000044,53.09130594000004,Schwachhausen,Radio Bremen
909,11,2020,10,2,20,3,1,5,1,1,0,0,0,0,2,0,8.857112633000042,53.08264922600006,Schwachhausen,Radio Bremen
995,11,2020,11,3,14,3,5,2,1,1,0,0,0,0,0,1,8.875258710000026,53.08230765500008,Schwachhausen,Radio Bremen
1094,11,2020,11,1,3,3,4,6,1,0,0,0,0,0,2,1,8.856973829000026,53.08535904200005,Schwachhausen,Radio Bremen
94,11,2021,1,3,8,3,5,3,1,1,0,0,0,0,0,1,8.854290825000021,53.08248335500008,Schwachhausen,Radio Bremen
219,11,2021,4,5,7,3,5,3,1,1,0,0,0,0,0,0,8.873057445000029,53.08476207700005,Schwachhausen,Radio Bremen
284,11,2021,5,2,14,3,5,3,1,0,0,0,0,1,0,0,8.875715565000064,53.08247980900006,Schwachhausen,Radio Bremen
294,11,2021,6,3,18,3,0,1,1,0,0,0,0,0,0,0,8.853740342000037,53.08726961200006,Schwachhausen,Radio Bremen
333,11,2021,6,5,11,3,0,7,1,0,0,0,0,0,0,0,8.852576234000026,53.08621819800004,Schwachhausen,Radio Bremen
395,11,2021,7,5,17,3,5,3,1,1,0,0,0,0,0,1,8.873023893000038,53.08476041200004,Schwachhausen,Radio Bremen
431,11,2021,6,3,17,2,0,7,1,0,0,0,0,0,0,0,8.85368765000004,53.08720344000005,Schwachhausen,Radio Bremen
474,11,2021,6,6,17,3,3,6,1,1,0,0,0,0,0,0,8.853668700000071,53.08717964300007,Schwachhausen,Radio Bremen
552,11,2021,10,2,13,3,5,2,1,0,0,0,0,1,0,0,8.850609186000042,53.08513965000003,Schwachhausen,Radio Bremen
561,11,2021,10,4,12,3,5,3,1,1,0,0,0,0,0,1,8.859548655000026,53.08269519900006,Schwachhausen,Radio Bremen
765,11,2021,10,5,14,3,0,7,1,0,0,0,0,0,0,1,8.853626918000032,53.082754573000045,Schwachhausen,Radio Bremen
792,11,2021,12,3,9,3,0,7,1,1,0,0,0,0,0,0,8.870186825000076,53.09128430900006,Schwachhausen,Radio Bremen
838,11,2021,10,3,9,3,5,3,1,1,0,0,0,0,0,1,8.873342002000072,53.08477701000004,Schwachhausen,Radio Bremen
895,11,2021,12,3,7,3,5,3,1,0,0,0,0,0,1,2,8.86455496800005,53.086688037000044,Schwachhausen,Radio Bremen
190,11,2022,6,6,12,3,5,3,1,1,0,0,0,0,0,0,8.87067792700003,53.091272094,Schwachhausen,Radio Bremen
210,11,2022,7,4,17,2,5,3,1,1,0,0,0,0,0,0,8.85417020100004,53.0825593000001,Schwachhausen,Radio Bremen
226,11,2022,5,6,16,3,6,4,1,0,1,0,0,0,0,0,8.87248451900007,53.085793466,Schwachhausen,Radio Bremen
260,11,2022,5,4,12,3,5,3,1,1,0,0,0,0,0,0,8.85954978600006,53.082686703,Schwachhausen,Radio Bremen
300,11,2022,5,2,15,3,5,3,1,1,0,0,0,0,0,0,8.87311196200005,53.084733966,Schwachhausen,Radio Bremen
312,11,2022,5,7,12,3,1,5,1,1,0,0,0,0,0,0,8.85570150500007,53.084406449,Schwachhausen,Radio Bremen
321,11,2022,2,6,13,3,4,6,1,1,0,0,0,0,0,0,8.85802264400007,53.0836912670001,Schwachhausen,Radio Bremen
380,11,2022,6,1,17,3,5,2,1,1,0,0,0,0,0,1,8.87101149500006,53.087422556,Schwachhausen,Radio Bremen
448,11,2022,7,2,16,3,5,2,1,1,0,0,0,0,0,0,8.87060615700005,53.0913633380001,Schwachhausen,Radio Bremen
508,11,2022,3,6,12,3,5,3,1,1,0,0,0,0,0,0,8.87313042100004,53.084714756,Schwachhausen,Radio Bremen
593,11,2022,11,5,9,3,5,3,1,1,0,0,0,0,0,0,8.85555524700004,53.0886211590001,Schwachhausen,Radio Bremen
600,11,2022,9,5,16,3,5,3,1,1,0,0,0,0,0,0,8.85433212600003,53.082576181,Schwachhausen,Radio Bremen
605,11,2022,10,6,19,3,4,6,1,0,0,0,0,1,1,1,8.87301924100007,53.0848334280001,Schwachhausen,Radio Bremen
811,11,2022,10,3,16,3,5,2,1,1,0,0,0,0,0,0,8.87512589800002,53.0824267580001,Schwachhausen,Radio Bremen
852,11,2022,11,4,7,3,5,3,1,1,0,0,0,0,1,1,8.87052372800002,53.091275705,Schwachhausen,Radio Bremen
861,11,2022,12,6,13,3,5,2,1,0,0,0,0,1,0,0,8.87053632200002,53.091275383,Schwachhausen,Radio Bremen
915,11,2022,10,4,5,3,5,3,1,0,0,0,0,0,2,0,8.85541498800006,53.084183382,Schwachhausen,Radio Bremen
943,11,2022,8,3,7,3,6,4,1,0,1,0,0,0,0,0,8.85535370500003,53.0841402930001,Schwachhausen,Radio Bremen
1038,11,2022,10,3,14,3,5,3,1,1,0,0,0,0,0,0,8.87298118000007,53.0847582910001,Schwachhausen,Radio Bremen
9,11,2023,5,5,10,3,0,1,1,0,0,0,0,0,0,0,8.870891953000068,53.09128434200005,Schwachhausen,Radio Bremen
107,11,2023,4,4,8,3,5,2,1,1,0,0,0,0,0,0,8.870605644000022,53.09135072600003,Schwachhausen,Radio Bremen
111,11,2023,4,3,11,3,5,3,1,1,0,0,0,0,0,0,8.859037275000048,53.08444203600004,Schwachhausen,Radio Bremen
118,11,2023,4,7,14,3,5,3,1,1,0,0,0,0,0,0,8.870919909000065,53.08752419700005,Schwachhausen,Radio Bremen
206,11,2023,3,5,15,3,5,3,1,1,0,0,0,0,0,0,8.856480154000053,53.08871290700006,Schwachhausen,Radio Bremen
245,11,2023,2,4,17,3,0,7,1,0,1,0,0,0,0,0,8.852040995000038,53.083690009000065,Schwachhausen,Radio Bremen
275,11,2023,2,5,16,3,5,3,1,1,0,0,0,0,0,0,8.870590221000043,53.091048166000064,Schwachhausen,Radio Bremen
357,11,2023,11,5,10,3,5,2,1,1,0,0,0,0,0,1,8.87763946800004,53.08252543000003,Schwachhausen,Radio Bremen
475,11,2023,9,5,15,2,5,2,1,1,0,0,0,0,0,0,8.875118051000072,53.08242617900004,Schwachhausen,Radio Bremen
616,11,2023,8,2,17,3,4,6,1,1,0,0,0,0,0,0,8.863661979000028,53.090333617000056,Schwachhausen,Radio Bremen
640,11,2023,8,2,16,3,3,6,1,0,0,0,0,0,0,0,8.85809434600003,53.086211398000046,Schwachhausen,Radio Bremen
655,11,2023,8,3,14,3,5,3,1,1,0,0,0,0,0,0,8.859617104000051,53.08268344900006,Schwachhausen,Radio Bremen
694,11,2023,7,3,9,3,5,2,1,1,0,0,0,0,0,0,8.854054635000068,53.08253370800003,Schwachhausen,Radio Bremen
699,11,2023,7,7,10,3,5,3,1,1,0,0,0,0,0,0,8.876073241000029,53.08234465000004,Schwachhausen,Radio Bremen
739,11,2023,7,4,9,3,0,2,1,1,0,0,0,0,0,1,8.862955774000056,53.09019476800006,Schwachhausen,Radio Bremen
757,11,2023,7,7,11,3,1,5,1,1,0,0,0,0,0,1,8.863289573000031,53.08737219000005,Schwachhausen,Radio Bremen
897,11,2023,6,5,17,3,5,3,1,1,0,0,0,0,0,0,8.877078030000064,53.085866966000026,Schwachhausen,Radio Bremen
18,11,2016,1,5,19,3,2,6,1,1,0,0,0,0,2,2,8.844116549,53.089800217,Schwachhausen,Riensberg
112,11,2016,4,6,14,3,5,3,1,1,0,0,0,0,0,0,8.862920381,53.090309473,Schwachhausen,Riensberg
190,11,2016,3,6,1,2,1,5,1,1,0,0,0,0,0,1,8.846852726,53.087989319,Schwachhausen,Riensberg
211,11,2016,4,7,9,3,5,3,1,1,0,0,0,0,0,0,8.856529946,53.089873862,Schwachhausen,Riensberg
298,11,2016,5,1,12,2,0,1,1,0,0,0,0,0,0,0,8.847637516,53.093111196,Schwachhausen,Riensberg
495,11,2016,6,3,13,2,5,2,1,0,0,0,1,0,0,0,8.84772747,53.093154296,Schwachhausen,Riensberg
611,11,2016,8,2,7,3,5,3,1,1,0,0,0,0,0,0,8.843716244,53.088290137,Schwachhausen,Riensberg
833,11,2016,9,4,8,3,5,2,1,1,0,0,0,0,0,0,8.867267059,53.091107195,Schwachhausen,Riensberg
868,11,2016,9,5,18,3,1,7,1,1,0,0,0,0,0,0,8.851726035,53.086496997,Schwachhausen,Riensberg
991,11,2016,11,4,14,3,2,6,1,0,0,0,0,0,0,1,8.851856525,53.088671584,Schwachhausen,Riensberg
1062,11,2016,10,6,16,3,3,6,1,0,0,0,0,0,0,1,8.845809896,53.091295262,Schwachhausen,Riensberg
1064,11,2016,11,2,9,3,0,7,1,0,0,0,0,0,0,1,8.847202969,53.087048696,Schwachhausen,Riensberg
32,11,2017,1,5,20,3,5,3,1,1,0,0,0,0,2,0,8.845907608000061,53.087468433000026,Schwachhausen,Riensberg
37,11,2017,1,4,19,3,5,3,1,1,0,0,0,0,2,2,8.85005863200007,53.094642183000076,Schwachhausen,Riensberg
333,11,2017,6,1,14,2,1,5,1,1,0,0,0,0,0,0,8.852099847000034,53.087650532000055,Schwachhausen,Riensberg
486,11,2017,7,1,11,3,1,5,1,1,0,0,0,0,0,0,8.848321344000055,53.08886191800008,Schwachhausen,Riensberg
697,11,2017,9,4,7,3,0,6,1,1,0,0,0,0,0,1,8.85186948300003,53.088654305000034,Schwachhausen,Riensberg
709,11,2017,9,3,17,3,3,7,1,0,0,0,0,0,0,0,8.852858032000029,53.086498636000044,Schwachhausen,Riensberg
764,11,2017,8,2,17,2,5,3,1,1,0,0,0,0,0,0,8.849976785000024,53.094688105000046,Schwachhausen,Riensberg
1048,11,2017,9,5,17,3,3,1,1,1,0,0,0,0,0,1,8.852099616000032,53.08596164900007,Schwachhausen,Riensberg
1056,11,2017,9,4,7,2,3,6,1,0,0,0,0,0,2,1,8.848857601000077,53.08848085900007,Schwachhausen,Riensberg
269,11,2018,3,7,17,3,5,2,1,1,0,0,0,0,0,1,8.850620806000052,53.09436609100004,Schwachhausen,Riensberg
466,11,2018,6,7,1,3,1,7,1,0,0,0,0,1,2,0,8.852278511000065,53.08838557400003,Schwachhausen,Riensberg
534,11,2018,6,3,9,3,0,1,1,0,0,0,0,0,0,0,8.84727498500007,53.09285415000005,Schwachhausen,Riensberg
561,11,2018,6,2,8,3,0,7,1,0,0,0,0,0,0,0,8.851701105000075,53.09563814200004,Schwachhausen,Riensberg
893,11,2018,9,1,18,3,5,3,1,1,0,0,0,0,0,0,8.853784520000033,53.090339966000045,Schwachhausen,Riensberg
1064,11,2018,12,6,11,3,5,2,1,1,0,0,0,0,0,1,8.850108615000067,53.08523314200005,Schwachhausen,Riensberg
1086,11,2018,11,5,14,3,4,6,1,0,0,0,0,0,0,1,8.851824817000022,53.08864968200004,Schwachhausen,Riensberg
1120,11,2018,10,4,17,3,3,6,1,1,0,0,0,0,2,1,8.85638190700007,53.08948131600005,Schwachhausen,Riensberg
89,11,2019,2,3,16,2,5,3,1,1,0,0,0,0,0,0,8.847143759000062,53.08701869500004,Schwachhausen,Riensberg
111,11,2019,1,6,20,3,1,7,1,1,0,0,0,0,2,2,8.850539965000053,53.087334929000065,Schwachhausen,Riensberg
392,11,2019,4,5,17,3,5,3,1,0,0,0,0,0,0,0,8.84713355200006,53.08700698500007,Schwachhausen,Riensberg
473,11,2019,6,2,9,2,6,4,1,0,1,0,0,0,0,0,8.856591478000041,53.08891121400006,Schwachhausen,Riensberg
661,11,2019,7,4,17,3,5,2,1,1,0,0,0,0,0,0,8.849974952000025,53.08770304900003,Schwachhausen,Riensberg
750,11,2019,9,6,14,3,5,3,1,1,0,0,0,0,0,0,8.847188267000035,53.087001978000046,Schwachhausen,Riensberg
837,11,2019,9,6,13,2,0,3,1,1,0,0,0,0,0,1,8.846169823000025,53.09075932300004,Schwachhausen,Riensberg
903,11,2019,11,5,19,2,4,3,1,1,0,0,0,0,2,1,8.847134307000033,53.08700785100007,Schwachhausen,Riensberg
1008,11,2019,10,4,9,3,5,3,1,1,0,0,0,0,0,1,8.852203141000075,53.086164402000065,Schwachhausen,Riensberg
1017,11,2019,10,1,14,3,4,2,1,1,0,0,0,0,0,1,8.847115822000035,53.08702890400008,Schwachhausen,Riensberg
1167,11,2019,11,6,16,3,5,2,1,1,0,0,0,0,0,1,8.857014347000074,53.091249246000075,Schwachhausen,Riensberg
468,11,2020,6,4,10,3,0,7,1,0,0,0,0,0,0,0,8.862933824000038,53.09038573300006,Schwachhausen,Riensberg
816,11,2020,9,3,20,3,1,5,1,1,0,0,0,0,1,0,8.856687779000026,53.08892271900004,Schwachhausen,Riensberg
829,11,2020,9,3,16,3,5,7,1,1,0,0,0,0,0,0,8.849966165000069,53.08769993700008,Schwachhausen,Riensberg
875,11,2020,10,6,17,3,5,2,1,1,0,0,0,0,0,0,8.847687879000034,53.09314510200005,Schwachhausen,Riensberg