,UKREIS,UJAHR,UMONAT,UWOCHENTAG,USTUNDE,UKATEGORIE,UART,UTYP1,IstRad,IstPKW,IstFuss,IstKrad,IstGkfz,IstSonstig,ULICHTVERH,STRZUSTAND,longitude,latitude,Stadtteil,Ortsteil
942,11,2020,12,5,9,3,5,3,1,0,0,1,0,0,0,1,8.856239215000073,53.08890613500006,Schwachhausen,Riensberg
950,11,2020,11,6,15,3,5,3,1,1,0,0,0,0,0,0,8.853475455000023,53.09352771300007,Schwachhausen,Riensberg
21,11,2021,3,4,12,3,0,7,1,0,0,0,0,0,0,0,8.850649959000066,53.08532413000006,Schwachhausen,Riensberg
40,11,2021,3,2,18,3,1,5,1,1,0,0,0,0,0,0,8.853028144000064,53.089352215000076,Schwachhausen,Riensberg
97,11,2021,6,4,8,3,5,3,1,0,0,0,0,0,0,0,8.856524685000068,53.08986433600006,Schwachhausen,Riensberg
573,11,2021,10,3,19,3,0,7,1,1,0,0,0,0,1,0,8.850272429000029,53.085288449000075,Schwachhausen,Riensberg
914,11,2021,11,6,13,3,4,6,1,0,0,0,0,0,0,0,8.85113629700004,53.085437752000075,Schwachhausen,Riensberg
53,11,2022,4,1,12,3,1,5,1,1,0,0,0,0,0,0,8.84368694900007,53.089494304,Schwachhausen,Riensberg
187,11,2022,5,7,12,3,2,6,1,1,0,0,0,0,0,0,8.84879881100005,53.0938407880001,Schwachhausen,Riensberg
499,11,2022,4,7,14,3,0,1,1,0,0,0,0,0,0,0,8.85629013600004,53.0892069830001,Schwachhausen,Riensberg
525,11,2022,5,5,5,3,0,7,1,0,0,0,0,0,0,0,8.85611263100003,53.0888471010001,Schwachhausen,Riensberg
591,11,2022,12,2,8,2,0,1,1,0,0,0,0,0,0,2,8.85639196200003,53.089511369,Schwachhausen,Riensberg
708,11,2022,9,4,7,3,5,3,1,1,0,0,0,0,0,1,8.85004104700005,53.0947102210001,Schwachhausen,Riensberg
747,11,2022,12,4,14,3,5,2,1,1,0,0,0,0,0,0,8.84718379100002,53.0870036590001,Schwachhausen,Riensberg
179,11,2023,3,2,7,3,0,7,1,0,0,0,0,0,0,1,8.862948711000058,53.09033020600003,Schwachhausen,Riensberg
231,11,2023,3,3,16,3,1,5,1,1,0,0,0,0,0,0,8.843435591000059,53.089320153000074,Schwachhausen,Riensberg
318,11,2023,1,2,8,3,3,6,1,1,0,0,0,0,0,1,8.857474307000075,53.08902696200005,Schwachhausen,Riensberg
338,11,2023,5,7,10,3,5,2,1,1,0,0,0,0,0,0,8.856525804000057,53.08986728100007,Schwachhausen,Riensberg
476,11,2023,9,5,17,2,5,3,1,0,0,0,0,1,0,0,8.856753386000037,53.08893055600004,Schwachhausen,Riensberg
552,11,2023,9,5,21,3,7,7,1,0,0,0,0,1,2,0,8.863453278000065,53.09161635100003,Schwachhausen,Riensberg
654,11,2023,8,3,7,3,5,2,1,1,0,0,0,0,0,0,8.850118026000075,53.085275584000044,Schwachhausen,Riensberg
838,11,2023,6,3,8,3,1,5,1,1,0,0,0,0,0,0,8.849473876000047,53.09152252800004,Schwachhausen,Riensberg
19,11,2016,1,4,9,3,5,3,1,1,0,0,0,0,0,1,8.824692533,53.084149741,Schwachhausen,Barkhof
44,11,2016,2,5,10,3,5,2,1,0,0,0,1,0,0,0,8.831329483,53.081265913,Schwachhausen,Barkhof
102,11,2016,1,2,8,3,2,2,1,1,0,0,0,0,0,1,8.822840771,53.082839755,Schwachhausen,Barkhof
356,11,2016,5,4,14,2,5,3,1,0,0,0,0,1,0,0,8.824395295,53.084380107,Schwachhausen,Barkhof
388,11,2016,5,4,17,2,5,2,1,1,0,0,0,0,0,0,8.829477647,53.080502335,Schwachhausen,Barkhof
481,11,2016,6,6,17,3,3,6,1,0,0,0,0,0,0,0,8.818040161,53.086225058,Schwachhausen,Barkhof
615,11,2016,8,5,17,3,3,6,1,1,0,0,0,0,0,1,8.822741223,53.082889821,Schwachhausen,Barkhof
713,11,2016,8,5,16,3,4,2,1,1,0,0,0,0,0,0,8.820285182,53.086470662,Schwachhausen,Barkhof
799,11,2016,9,4,10,3,6,7,1,0,0,0,0,1,0,0,8.819236932,53.083896749,Schwachhausen,Barkhof
847,11,2016,8,4,16,2,0,1,1,0,0,0,0,0,0,0,8.819741976,53.083986234,Schwachhausen,Barkhof
916,11,2016,11,5,17,3,6,4,1,0,1,0,0,0,2,1,8.818524521,53.08267001,Schwachhausen,Barkhof
926,11,2016,11,4,8,3,5,3,1,0,1,0,0,0,0,1,8.817390272,53.08350304,Schwachhausen,Barkhof
951,11,2016,11,6,20,3,5,3,1,1,0,0,0,0,2,1,8.824750675,53.084162597,Schwachhausen,Barkhof
962,11,2016,10,1,17,3,5,2,1,1,0,0,0,0,2,1,8.820246287,53.084041434,Schwachhausen,Barkhof
967,11,2016,10,6,18,3,5,3,1,1,0,0,0,0,2,1,8.821691213,53.082188404,Schwachhausen,Barkhof
989,11,2016,11,2,8,2,5,2,1,1,0,0,0,0,0,0,8.819093714,53.087046512,Schwachhausen,Barkhof
999,11,2016,11,6,13,3,5,3,1,1,0,0,0,0,0,0,8.824991634,53.081148636,Schwachhausen,Barkhof
1049,11,2016,11,2,8,3,5,3,1,1,0,0,0,0,0,1,8.82024211,53.084031234,Schwachhausen,Barkhof
30,11,2017,1,6,17,3,1,5,1,1,0,0,0,0,2,1,8.823335834000034,53.083307664000074,Schwachhausen,Barkhof
96,11,2017,3,5,17,3,5,3,1,0,0,0,0,1,0,0,8.825035108000066,53.084196226000074,Schwachhausen,Barkhof
100,11,2017,3,3,17,3,5,2,1,1,0,0,0,0,0,0,8.820244314000036,53.08403661700004,Schwachhausen,Barkhof
163,11,2017,2,6,16,3,5,2,1,1,0,0,0,0,0,1,8.824539516000073,53.08421852400005,Schwachhausen,Barkhof
164,11,2017,2,5,7,3,5,3,1,1,0,0,0,0,1,1,8.824448715000074,53.08428730700007,Schwachhausen,Barkhof
693,11,2017,9,6,14,3,5,2,1,1,0,0,0,0,0,1,8.825010956000028,53.08418363800007,Schwachhausen,Barkhof
777,11,2017,8,5,17,3,5,3,1,1,0,0,0,0,0,0,8.825044865000052,53.08420131200006,Schwachhausen,Barkhof
939,11,2017,10,3,21,3,5,3,1,1,0,0,0,0,2,1,8.82443855300005,53.08429737200004,Schwachhausen,Barkhof
1003,11,2017,10,4,10,3,5,2,1,0,0,0,0,1,0,1,8.831372128000055,53.08124783400007,Schwachhausen,Barkhof
1096,11,2017,12,5,17,3,5,2,1,1,0,0,0,0,2,1,8.824396224000054,53.08437529100007,Schwachhausen,Barkhof
1127,11,2017,12,3,22,3,5,3,1,1,0,0,0,1,2,0,8.824395739000067,53.084377810000035,Schwachhausen,Barkhof
1151,11,2017,11,6,14,3,5,3,1,1,0,0,0,0,0,1,8.820232073000057,53.08400672400006,Schwachhausen,Barkhof
1152,11,2017,12,6,22,2,5,3,1,1,0,0,0,0,2,1,8.825029785000027,53.08419345100003,Schwachhausen,Barkhof
469,11,2018,7,3,22,3,3,2,1,1,0,0,0,0,1,0,8.828314988000045,53.080194541000026,Schwachhausen,Barkhof
501,11,2018,7,5,17,3,5,2,1,1,0,0,0,0,0,0,8.824400877000073,53.08442219700004,Schwachhausen,Barkhof
706,11,2018,7,2,17,3,5,3,1,1,0,0,0,0,0,0,8.824952920000044,53.08419197500007,Schwachhausen,Barkhof
894,11,2018,9,2,13,3,5,3,1,0,0,0,0,0,0,0,8.82772932000006,53.07996489300007,Schwachhausen,Barkhof
919,11,2018,9,7,13,3,1,5,1,1,0,0,0,0,0,0,8.824226575000068,53.08381193200006,Schwachhausen,Barkhof
935,11,2018,9,6,20,3,5,3,1,1,0,0,0,0,1,0,8.824427355000068,53.08426083200004,Schwachhausen,Barkhof
1036,11,2018,8,6,13,3,6,4,1,0,1,0,0,0,0,0,8.827490191000038,53.07988263800007,Schwachhausen,Barkhof
1072,11,2018,10,6,17,3,5,2,1,1,0,0,0,0,1,1,8.82096415600006,53.081556798000065,Schwachhausen,Barkhof
1102,11,2018,10,5,7,3,5,3,1,1,0,0,0,0,1,1,8.824459175000072,53.084374988000036,Schwachhausen,Barkhof
1112,11,2018,10,4,9,3,1,3,1,1,0,0,0,0,0,1,8.824460431000034,53.08438514200003,Schwachhausen,Barkhof
1124,11,2018,10,4,7,3,5,3,1,1,0,0,0,0,2,1,8.824439033000033,53.08448651600003,Schwachhausen,Barkhof
1145,11,2018,10,2,8,2,0,3,1,1,0,0,0,0,0,1,8.821672112000044,53.08213791700007,Schwachhausen,Barkhof
1160,11,2018,11,6,18,3,4,6,1,0,0,0,0,0,2,0,8.81973034200007,53.08404543100005,Schwachhausen,Barkhof
1172,11,2018,12,2,17,3,5,3,1,0,0,0,0,0,2,1,8.82099322700003,53.08160400600008,Schwachhausen,Barkhof
1199,11,2018,11,6,14,3,5,3,1,1,0,0,0,0,0,0,8.82733441800002,53.083042688000035,Schwachhausen,Barkhof
1248,11,2018,10,4,9,3,4,2,1,1,0,0,0,0,0,0,8.817407719000073,53.08344401100004,Schwachhausen,Barkhof
1253,11,2018,12,7,18,3,5,3,1,1,0,0,0,0,2,1,8.824501553000061,53.084278665000056,Schwachhausen,Barkhof
1301,11,2018,12,2,6,2,5,3,1,1,0,0,0,0,2,1,8.820209612000042,53.08650705600007,Schwachhausen,Barkhof
34,11,2019,1,3,19,2,5,3,1,1,0,0,0,0,2,1,8.825097448000065,53.084190697000054,Schwachhausen,Barkhof
45,11,2019,1,5,8,3,5,3,1,1,0,0,0,0,0,0,8.82446014200002,53.08438281400004,Schwachhausen,Barkhof
72,11,2019,2,1,17,3,6,4,1,0,1,0,0,0,2,1,8.824780411000063,53.08285404000003,Schwachhausen,Barkhof
103,11,2019,1,3,6,3,5,3,1,1,0,0,0,0,2,2,8.824443638000048,53.084257050000076,Schwachhausen,Barkhof
139,11,2019,2,4,8,3,5,2,1,1,0,0,0,0,0,0,8.821777691000023,53.08420445100006,Schwachhausen,Barkhof
209,11,2019,3,6,13,3,5,3,1,1,0,0,0,0,0,0,8.825082913000074,53.08419877300008,Schwachhausen,Barkhof
293,11,2019,5,4,8,3,5,3,1,1,0,0,0,0,0,1,8.821770491000052,53.08420387400008,Schwachhausen,Barkhof
308,11,2019,5,6,13,3,5,3,1,0,0,0,0,1,0,0,8.82441543300007,53.08442667000003,Schwachhausen,Barkhof
394,11,2019,4,5,8,3,5,3,1,1,0,0,0,0,0,0,8.824882498000022,53.084182543000054,Schwachhausen,Barkhof
401,11,2019,4,3,9,3,3,2,1,1,0,0,0,0,0,0,8.824398771000062,53.08442465100006,Schwachhausen,Barkhof
419,11,2019,6,6,13,3,3,3,1,0,0,0,0,1,0,0,8.824542407000024,53.08418728100003,Schwachhausen,Barkhof
504,11,2019,6,2,18,3,0,7,1,0,0,0,0,0,0,0,8.817148480000071,53.08358718800008,Schwachhausen,Barkhof
600,11,2019,8,3,14,3,1,7,1,1,0,0,0,0,0,0,8.817505598000025,53.08346863500003,Schwachhausen,Barkhof
736,11,2019,9,3,8,3,3,1,1,0,0,0,0,0,0,0,8.822254937000025,53.08242563400006,Schwachhausen,Barkhof
771,11,2019,9,7,15,3,6,4,1,0,1,0,0,0,0,0,8.822643992000053,53.08533773400006,Schwachhausen,Barkhof
971,11,2019,10,1,5,3,0,7,1,0,0,0,0,0,2,1,8.817341860000056,53.085513380000066,Schwachhausen,Barkhof
1026,11,2019,11,2,14,3,5,3,1,1,0,0,0,0,1,1,8.82463793200003,53.08408623200006,Schwachhausen,Barkhof
1040,11,2019,10,2,5,3,5,3,1,1,0,0,0,0,2,0,8.82445038700007,53.08448199700007,Schwachhausen,Barkhof
1090,11,2019,12,2,15,3,5,2,1,1,0,0,0,0,0,1,8.81742190600005,53.08344690300004,Schwachhausen,Barkhof
1107,11,2019,12,2,14,3,5,2,1,0,0,0,0,1,0,1,8.824432354000066,53.084489174000055,Schwachhausen,Barkhof
9,11,2020,1,4,16,3,3,2,1,1,0,0,0,0,2,1,8.82735014900004,53.083058288000075,Schwachhausen,Barkhof
92,11,2020,1,6,12,3,5,2,1,1,0,0,0,0,0,0,8.82686779200003,53.08333233400003,Schwachhausen,Barkhof
150,11,2020,1,5,7,3,5,2,1,0,0,0,0,1,1,0,8.818521899000075,53.086457720000055,Schwachhausen,Barkhof
169,11,2020,4,2,8,3,5,2,1,1,0,0,0,0,0,0,8.824426667000068,53.08449143800004,Schwachhausen,Barkhof
173,11,2020,3,6,16,3,5,2,1,1,0,0,0,0,0,1,8.829427777000035,53.08056258000005,Schwachhausen,Barkhof
275,11,2020,3,4,10,3,5,2,1,0,0,0,0,1,0,0,8.824425918000031,53.08449173500003,Schwachhausen,Barkhof
287,11,2020,3,2,12,3,5,3,1,1,0,0,0,0,0,0,8.824931493000065,53.08418910600005,Schwachhausen,Barkhof
290,11,2020,3,2,12,2,5,3,1,1,0,0,0,0,0,0,8.82473615200007,53.08413926600008,Schwachhausen,Barkhof
502,11,2020,8,5,15,3,5,3,1,1,0,0,0,0,0,0,8.824542505000068,53.08418739500007,Schwachhausen,Barkhof
599,11,2020,8,3,16,3,5,3,1,1,0,0,0,0,0,0,8.816555483000059,53.08412197200005,Schwachhausen,Barkhof
631,11,2020,8,3,7,3,5,3,1,1,0,0,0,0,0,0,8.825081287000046,53.08419967700007,Schwachhausen,Barkhof
690,11,2020,7,3,15,3,5,3,1,1,0,0,0,0,0,1,8.825091584000063,53.084193955000046,Schwachhausen,Barkhof
717,11,2020,10,7,5,3,5,3,1,1,0,0,0,0,2,1,8.824462363000066,53.084256381000046,Schwachhausen,Barkhof
721,11,2020,9,6,13,3,5,3,1,1,0,0,0,0,0,0,8.828322427000046,53.08015633800005,Schwachhausen,Barkhof
944,11,2020,12,3,20,3,5,3,1,1,0,0,0,0,2,1,8.817797988000052,53.083544560000064,Schwachhausen,Barkhof
994,11,2020,11,3,14,3,5,3,1,1,0,0,0,0,0,1,8.827366961000052,53.07983425700007,Schwachhausen,Barkhof
1029,11,2020,11,3,7,3,1,7,1,1,0,0,0,0,1,0,8.824708380000061,53.084124270000075,Schwachhausen,Barkhof
1076,11,2020,11,3,8,3,5,3,1,0,0,0,1,0,0,0,8.824541208000028,53.08418587800003,Schwachhausen,Barkhof
10,11,2021,7,3,16,3,5,2,1,1,0,0,0,0,0,0,8.822625856000059,53.08280883400005,Schwachhausen,Barkhof
60,11,2021,7,4,19,3,0,7,1,1,0,0,0,0,0,0,8.824041929000032,53.084271407000074,Schwachhausen,Barkhof
129,11,2021,1,3,20,3,5,3,1,1,0,0,0,0,2,1,8.824431612000069,53.084257480000076,Schwachhausen,Barkhof
146,11,2021,2,6,7,2,1,5,1,1,0,0,0,0,0,0,8.817855147000046,53.08305366400003,Schwachhausen,Barkhof
197,11,2021,7,4,16,3,5,3,1,1,0,0,0,0,0,0,8.825079384000048,53.084200734000035,Schwachhausen,Barkhof
237,11,2021,7,3,13,3,0,7,1,0,0,0,0,0,0,0,8.828634229000045,53.08252753100004,Schwachhausen,Barkhof
342,11,2021,4,3,11,3,5,3,1,1,0,0,0,0,0,0,8.824425821000034,53.08449177400007,Schwachhausen,Barkhof
528,11,2021,10,1,17,3,3,2,1,0,0,1,0,0,1,0,8.824437249000027,53.08442931400003,Schwachhausen,Barkhof
556,11,2021,11,4,12,2,5,3,1,0,0,0,0,0,0,0,8.822867409000025,53.08282986300003,Schwachhausen,Barkhof
565,11,2021,12,4,20,3,1,3,1,1,0,0,0,0,2,0,8.819033237000042,53.082440037000026,Schwachhausen,Barkhof
574,11,2021,9,1,11,3,0,7,1,0,0,0,0,0,0,0,8.822020619000057,53.08563845500004,Schwachhausen,Barkhof
684,11,2021,9,5,12,3,5,3,1,1,0,0,0,0,0,0,8.825110451000057,53.08418347300005,Schwachhausen,Barkhof
699,11,2021,12,5,21,3,0,7,1,0,0,0,0,0,2,2,8.82455856200005,53.08404337600007,Schwachhausen,Barkhof
774,11,2021,12,3,8,3,5,3,1,1,0,0,0,0,0,0,8.820963139000071,53.08158449200005,Schwachhausen,Barkhof
795,11,2021,12,4,6,3,0,7,1,1,0,0,0,0,2,1,8.824483480000026,53.084302369000056,Schwachhausen,Barkhof
801,11,2021,11,7,10,3,0,7,1,0,0,0,0,0,0,1,8.82445774200005,53.08436340700007,Schwachhausen,Barkhof
103,11,2022,3,6,21,3,5,2,1,1,0,0,0,0,2,0,8.82510438900005,53.08418684,Schwachhausen,Barkhof
142,11,2022,5,2,7,3,2,6,1,1,0,0,0,0,0,0,8.82306921000003,53.0826951110001,Schwachhausen,Barkhof
197,11,2022,5,2,14,3,5,3,1,1,0,0,0,0,0,0,8.82453975100003,53.0841841750001,Schwachhausen,Barkhof
213,11,2022,5,5,14,3,3,6,1,0,0,0,0,0,0,0,8.81872105500003,53.0837653040001,Schwachhausen,Barkhof
244,11,2022,7,2,18,3,5,3,1,0,0,0,0,0,0,0,8.82020715600004,53.0841161070001,Schwachhausen,Barkhof
248,11,2022,5,5,8,3,3,6,1,0,0,0,0,0,0,0,8.82131326800004,53.0817684880001,Schwachhausen,Barkhof
258,11,2022,6,3,12,3,5,3,1,0,0,0,0,1,0,0,8.82443197000003,53.0844893300001,Schwachhausen,Barkhof
438,11,2022,7,6,8,3,5,2,1,1,0,0,0,0,0,0,8.82447085700005,53.0842560790001,Schwachhausen,Barkhof
503,11,2022,3,6,7,3,5,2,1,1,0,0,0,0,0,0,8.82466966400006,53.084185985,Schwachhausen,Barkhof
624,11,2022,10,5,9,3,5,3,1,1,0,0,0,0,0,0,8.82736897400002,53.0830939260001,Schwachhausen,Barkhof
688,11,2022,10,6,14,3,5,2,1,1,0,0,0,0,0,0,8.82739253500006,53.0798449230001,Schwachhausen,Barkhof
719,11,2022,9,5,17,3,3,2,1,1,0,0,0,0,1,0,8.82025889200003,53.084035622,Schwachhausen,Barkhof
741,11,2022,9,6,15,3,5,2,1,1,0,0,0,0,0,0,8.82509056900005,53.0841945190001,Schwachhausen,Barkhof
965,11,2022,8,6,11,3,5,2,1,0,0,0,0,1,0,1,8.82499150800004,53.0842093410001,Schwachhausen,Barkhof
15,11,2023,5,3,5,2,0,1,1,0,0,0,0,0,1,1,8.816484080000066,53.08370329100006,Schwachhausen,Barkhof
39,11,2023,5,3,11,3,1,5,1,1,0,0,0,0,0,0,8.821705651000059,53.08204228800008,Schwachhausen,Barkhof
43,11,2023,5,3,7,3,5,2,1,1,0,0,0,0,0,0,8.825083412000026,53.084198496000056,Schwachhausen,Barkhof
47,11,2023,5,2,17,3,5,2,1,0,0,0,0,1,0,0,8.831256384000028,53.08118256100005,Schwachhausen,Barkhof
48,11,2023,5,2,14,3,5,3,1,1,0,0,0,0,0,0,8.824462785000037,53.084404189000054,Schwachhausen,Barkhof
62,11,2023,5,5,12,3,5,3,1,1,0,0,0,0,0,0,8.825126037000075,53.08417481200007,Schwachhausen,Barkhof
131,11,2023,4,3,9,3,5,3,1,1,0,0,0,0,0,0,8.82439911800003,53.084424693000074,Schwachhausen,Barkhof
217,11,2023,3,2,10,3,5,3,1,1,0,0,0,0,0,1,8.825087816000064,53.08419604900007,Schwachhausen,Barkhof
243,11,2023,2,5,7,3,5,3,1,1,0,0,0,0,2,0,8.824431970000035,53.08448933000005,Schwachhausen,Barkhof
280,11,2023,1,3,6,3,5,3,1,1,0,0,0,0,2,1,8.824429375000022,53.08425756300005,Schwachhausen,Barkhof
296,11,2023,1,6,13,3,5,3,1,1,0,0,0,0,0,0,8.825104389000046,53.08418684000003,Schwachhausen,Barkhof
366,11,2023,11,3,21,3,0,7,1,0,0,0,0,0,2,1,8.820181298000023,53.08411215700005,Schwachhausen,Barkhof
410,11,2023,10,4,12,2,0,1,1,0,0,0,0,0,0,0,8.820203462000052,53.08411554400004,Schwachhausen,Barkhof
450,11,2023,10,6,17,2,3,6,1,0,0,0,0,0,0,0,8.81926216000005,53.083874310000056,Schwachhausen,Barkhof
480,11,2023,9,3,9,3,0,7,1,0,0,0,0,0,0,0,8.823131818000036,53.08303979200008,Schwachhausen,Barkhof
686,11,2023,7,1,9,3,0,7,1,0,0,0,0,0,0,0,8.817359258000067,53.08553516000006,Schwachhausen,Barkhof
736,11,2023,7,5,10,3,5,2,1,1,0,0,0,0,0,0,8.824934737000035,53.08418954000007,Schwachhausen,Barkhof
826,11,2023,6,5,9,3,5,3,1,1,0,0,0,0,0,0,8.825080711000055,53.08419999600005,Schwachhausen,Barkhof
931,11,2023,5,5,12,3,3,6,1,0,0,0,0,0,0,0,8.81769642300003,53.08367739400006,Schwachhausen,Barkhof
957,11,2023,12,4,7,3,3,6,1,0,0,0,0,1,1,0,8.822111667000058,53.08430919800003,Schwachhausen,Barkhof
979,11,2023,11,3,12,3,5,3,1,1,0,0,0,0,0,0,8.818758536000075,53.082559512000046,Schwachhausen,Barkhof
988,11,2023,11,6,12,3,5,3,1,1,0,0,0,0,0,1,8.824479922000023,53.08430703500005,Schwachhausen,Barkhof
21,11,2016,1,7,4,3,0,1,1,0,0,0,0,0,2,2,8.900954103,53.089503932,Horn-Lehe,Horn
71,11,2016,2,4,9,2,3,6,1,0,0,0,0,0,0,0,8.870205464,53.09772992,Horn-Lehe,Horn
124,11,2016,4,2,16,3,5,3,1,1,0,0,0,0,0,0,8.86427579,53.098198005,Horn-Lehe,Horn
206,11,2016,4,3,15,2,0,7,1,0,0,0,0,0,0,1,8.865487388,53.097113612,Horn-Lehe,Horn
474,11,2016,6,3,18,3,5,3,1,1,0,0,0,0,0,1,8.900968678,53.089482134,Horn-Lehe,Horn
586,11,2016,7,2,10,3,0,1,1,0,0,0,0,0,0,0,8.861785,53.099194546,Horn-Lehe,Horn
588,11,2016,8,5,16,3,0,6,1,1,0,0,0,0,0,1,8.864846165,53.095651186,Horn-Lehe,Horn
633,11,2016,8,5,11,2,5,3,1,1,0,0,0,0,0,1,8.880009305,53.090647602,Horn-Lehe,Horn
903,11,2016,10,3,22,3,3,7,1,0,0,0,0,0,2,0,8.864949693,53.095776604,Horn-Lehe,Horn
936,11,2016,10,3,9,3,1,5,1,1,0,0,0,0,0,0,8.865859849,53.09749196,Horn-Lehe,Horn
1142,11,2016,11,4,16,3,5,2,1,1,0,0,0,0,0,0,8.870546419,53.096022812,Horn-Lehe,Horn
78,11,2017,1,2,14,3,3,6,1,1,0,0,0,0,0,1,8.87881857800005,53.09083703400006,Horn-Lehe,Horn
197,11,2017,5,7,14,3,4,6,1,1,0,0,0,0,0,0,8.90155296100005,53.09344781200008,Horn-Lehe,Horn
239,11,2017,4,7,16,2,0,7,1,0,0,0,0,0,0,1,8.863965919000066,53.09346832700004,Horn-Lehe,Horn
379,11,2017,6,5,11,3,0,1,1,0,0,0,0,0,0,0,8.871929824000063,53.09150510900008,Horn-Lehe,Horn
382,11,2017,5,4,16,3,4,6,1,0,0,0,0,0,0,0,8.899526265000077,53.09138879300008,Horn-Lehe,Horn
387,11,2017,5,4,20,2,0,7,1,0,0,0,0,0,0,0,8.870062573000041,53.09713211300004,Horn-Lehe,Horn
567,11,2017,7,4,7,3,5,3,1,1,0,0,0,0,0,1,8.876445283000066,53.09119565700007,Horn-Lehe,Horn
706,11,2017,9,5,13,2,3,2,1,1,0,0,0,0,0,0,8.870352590000039,53.09788361000005,Horn-Lehe,Horn
795,11,2017,8,3,7,3,5,2,1,1,0,0,0,0,0,0,8.865958405000072,53.09755496200006,Horn-Lehe,Horn
979,11,2017,10,2,18,3,5,3,1,1,0,0,0,0,1,0,8.870748523000032,53.09590693600006,Horn-Lehe,Horn
144,11,2018,2,4,15,3,6,4,1,0,1,0,0,0,0,0,8.870687675000056,53.09589829600003,Horn-Lehe,Horn
163,11,2018,4,4,8,3,5,2,1,1,0,0,0,0,0,0,8.870608437000044,53.09485834600008,Horn-Lehe,Horn
237,11,2018,4,4,8,3,1,7,1,1,0,0,0,0,0,0,8.874498489000075,53.09702908000003,Horn-Lehe,Horn
240,11,2018,4,5,13,2,4,6,1,0,0,0,0,0,0,0,8.870621220000032,53.09602484700008,Horn-Lehe,Horn
308,11,2018,5,6,10,3,3,6,1,1,0,0,0,1,0,0,8.868273099000021,53.09124322200006,Horn-Lehe,Horn
378,11,2018,5,3,15,3,5,3,1,1,0,0,0,0,0,0,8.870612940000058,53.09613076000005,Horn-Lehe,Horn
521,11,2018,7,4,7,3,2,6,1,1,0,0,0,0,0,0,8.86492510200003,53.09578258400006,Horn-Lehe,Horn
596,11,2018,6,4,12,3,5,3,1,1,0,0,0,0,0,0,8.87054366600006,53.098179180000045,Horn-Lehe,Horn
721,11,2018,7,6,15,3,5,3,1,1,0,0,0,0,0,0,8.864670574000058,53.09509967500003,Horn-Lehe,Horn
928,11,2018,10,3,16,3,2,6,1,1,0,0,0,0,0,0,8.871765096000047,53.09143614700008,Horn-Lehe,Horn
1032,11,2018,8,6,12,3,0,3,1,1,0,0,0,0,0,0,8.89631001500004,53.09350443100004,Horn-Lehe,Horn
1098,11,2018,11,6,14,2,0,2,1,1,0,0,0,0,0,0,8.870613572000025,53.09612268500007,Horn-Lehe,Horn
97,11,2019,1,5,15,3,3,6,1,0,0,0,0,0,0,0,8.86181416100004,53.09918906300004,Horn-Lehe,Horn
266,11,2019,3,4,8,3,5,3,1,1,0,0,0,0,0,0,8.87071960700007,53.09589805500008,Horn-Lehe,Horn
475,11,2019,6,2,7,3,5,3,1,1,0,0,0,0,0,0,8.90087191400005,53.08934969900008,Horn-Lehe,Horn
573,11,2019,8,2,16,3,4,6,1,0,0,0,0,0,0,0,8.869832529000064,53.09724101300003,Horn-Lehe,Horn
857,11,2019,9,5,8,3,5,3,1,1,0,0,0,0,0,0,8.897456730000044,53.09436384400004,Horn-Lehe,Horn
1007,11,2019,10,4,17,3,5,2,1,0,0,0,1,0,0,0,8.870112936000055,53.097087385000066,Horn-Lehe,Horn
28,11,2020,1,4,6,3,0,7,1,0,0,0,0,0,2,1,8.865158225000073,53.09656592300007,Horn-Lehe,Horn
132,11,2020,1,6,10,3,0,1,1,0,0,0,0,0,0,0,8.86982696800004,53.09729244400006,Horn-Lehe,Horn
143,11,2020,1,2,16,3,5,2,1,1,0,0,0,0,0,1,8.867280899000036,53.09110922100007,Horn-Lehe,Horn
186,11,2020,4,7,12,3,5,3,1,1,0,0,0,0,0,0,8.87425823500007,53.097037208000074,Horn-Lehe,Horn
230,11,2020,4,2,12,3,3,6,1,0,0,0,0,0,0,0,8.871639064000021,53.091759299000046,Horn-Lehe,Horn
270,11,2020,5,4,16,3,5,3,1,1,0,0,0,0,0,0,8.87501743200005,53.09122139100003,Horn-Lehe,Horn
271,11,2020,2,6,8,3,0,1,1,0,0,0,0,0,0,1,8.864926166000032,53.09586754600008,Horn-Lehe,Horn
325,11,2020,6,2,19,3,5,3,1,1,0,0,0,0,0,0,8.864464233000035,53.09481890200004,Horn-Lehe,Horn
337,11,2020,6,5,7,2,5,7,1,1,0,0,0,0,0,1,8.900978283000029,53.08950005500003,Horn-Lehe,Horn
355,11,2020,6,3,7,2,2,6,1,1,0,0,0,0,0,0,8.864850542000056,53.09565825700008,Horn-Lehe,Horn
417,11,2020,6,6,21,3,3,6,1,1,0,0,0,0,0,0,8.873274430000038,53.09130929200006,Horn-Lehe,Horn
793,11,2020,9,4,12,3,5,3,1,1,0,0,0,0,0,0,8.871743250000065,53.09142402100008,Horn-Lehe,Horn