,UKREIS,UJAHR,UMONAT,UWOCHENTAG,USTUNDE,UKATEGORIE,UART,UTYP1,IstRad,IstPKW,IstFuss,IstKrad,IstGkfz,IstSonstig,ULICHTVERH,STRZUSTAND,longitude,latitude,Stadtteil,Ortsteil
956,11,2020,12,2,7,3,5,2,1,1,0,0,0,0,0,0,8.872885929000063,53.09133656900008,Horn-Lehe,Horn
1003,11,2020,10,5,10,3,0,7,1,0,0,0,0,0,0,1,8.864134618000037,53.094353341000044,Horn-Lehe,Horn
1034,11,2020,11,3,9,2,5,2,1,1,0,0,0,0,0,0,8.881506265000041,53.09698512700004,Horn-Lehe,Horn
162,11,2021,1,7,12,2,5,3,1,1,0,0,0,0,0,0,8.90096303100006,53.08951766000007,Horn-Lehe,Horn
270,11,2021,6,2,16,3,5,3,1,0,0,0,0,1,0,0,8.864196808000031,53.09444013500007,Horn-Lehe,Horn
344,11,2021,2,6,19,3,3,6,1,0,0,0,0,1,1,0,8.88930107300007,53.09024555600007,Horn-Lehe,Horn
511,11,2021,9,7,12,3,5,6,1,1,0,0,0,0,0,0,8.870042453000053,53.097304500000064,Horn-Lehe,Horn
571,11,2021,12,3,14,3,0,7,1,0,0,0,0,0,0,1,8.876975143000038,53.091148082000075,Horn-Lehe,Horn
604,11,2021,10,5,14,3,4,7,1,0,0,0,0,0,0,0,8.898600801000043,53.09289080500008,Horn-Lehe,Horn
706,11,2021,11,3,9,3,5,3,1,1,0,0,0,0,0,1,8.886619004000067,53.090468970000074,Horn-Lehe,Horn
282,11,2022,5,3,12,3,1,7,1,1,0,0,0,0,0,0,8.87265742800002,53.097097675,Horn-Lehe,Horn
434,11,2022,4,2,15,3,0,7,1,1,0,0,0,0,0,0,8.86478388500007,53.0954736690001,Horn-Lehe,Horn
519,11,2022,5,5,18,3,5,2,1,1,0,0,0,0,0,1,8.87176509600005,53.0914361470001,Horn-Lehe,Horn
520,11,2022,6,2,16,2,5,3,1,0,0,0,0,1,0,0,8.87334659200008,53.0913046000001,Horn-Lehe,Horn
548,11,2022,5,2,18,3,4,6,1,0,0,0,0,0,0,0,8.88749400200004,53.090468951,Horn-Lehe,Horn
614,11,2022,9,3,14,3,3,6,1,0,0,0,0,1,0,0,8.88757700200006,53.0904689490001,Horn-Lehe,Horn
665,11,2022,11,3,8,3,3,6,1,0,0,0,0,0,0,1,8.86268474000008,53.0988612620001,Horn-Lehe,Horn
812,11,2022,10,5,10,3,1,7,1,1,0,0,0,0,0,0,8.87006322900004,53.097426285,Horn-Lehe,Horn
905,11,2022,10,6,8,3,5,3,1,1,0,0,0,0,1,1,8.87072985400005,53.0958979810001,Horn-Lehe,Horn
1008,11,2022,8,3,17,3,6,7,1,0,1,0,0,0,0,0,8.87019476600005,53.0971343240001,Horn-Lehe,Horn
1041,11,2022,11,5,9,3,5,2,1,1,0,0,0,0,0,0,8.86803605700004,53.0912045580001,Horn-Lehe,Horn
377,11,2023,11,5,8,3,2,6,1,1,0,0,0,0,0,0,8.866023791000032,53.097604955000065,Horn-Lehe,Horn
403,11,2023,10,2,18,3,4,6,1,0,0,0,0,0,1,0,8.861782042000073,53.09920600500004,Horn-Lehe,Horn
404,11,2023,10,2,16,3,5,3,1,1,0,0,0,0,0,0,8.901162850000048,53.089454913000054,Horn-Lehe,Horn
473,11,2023,9,5,10,3,5,3,1,1,0,0,0,0,0,0,8.900965376000045,53.08951495400004,Horn-Lehe,Horn
1014,11,2023,11,6,14,3,5,3,1,1,0,0,0,0,0,0,8.900946282000064,53.089372387000026,Horn-Lehe,Horn
22,11,2016,2,5,10,3,5,3,1,0,0,1,0,0,0,0,8.889768196,53.098752264,Horn-Lehe,Lehesterdeich
347,11,2016,5,6,17,3,4,6,1,1,0,0,0,0,0,0,8.895727884,53.115597841,Horn-Lehe,Lehesterdeich
377,11,2016,4,5,17,3,0,1,1,0,0,0,0,0,0,0,8.888897428,53.098893197,Horn-Lehe,Lehesterdeich
394,11,2016,5,5,8,3,5,3,1,1,0,0,0,0,0,0,8.90169678,53.109060464,Horn-Lehe,Lehesterdeich
412,11,2016,4,6,16,3,5,2,1,1,0,0,0,0,0,0,8.887840597,53.109039651,Horn-Lehe,Lehesterdeich
851,11,2016,9,2,17,3,5,2,1,1,0,0,0,0,0,0,8.891743082,53.098485669,Horn-Lehe,Lehesterdeich
894,11,2016,10,7,9,3,5,2,1,1,0,0,0,0,0,0,8.893215187,53.111342445,Horn-Lehe,Lehesterdeich
1047,11,2016,11,6,13,3,3,6,1,1,0,0,0,0,0,0,8.893384367,53.097096112,Horn-Lehe,Lehesterdeich
1056,11,2016,10,6,12,3,4,1,1,1,0,0,0,0,0,1,8.89979154,53.116457604,Horn-Lehe,Lehesterdeich
1070,11,2016,11,6,7,3,4,6,1,0,0,0,0,0,1,1,8.889923408,53.096902606,Horn-Lehe,Lehesterdeich
59,11,2017,1,5,7,3,5,2,1,1,0,0,0,0,2,1,8.887834969000039,53.109195482000075,Horn-Lehe,Lehesterdeich
257,11,2017,4,5,8,3,5,3,1,1,0,0,0,0,0,1,8.882490129000075,53.10965755700005,Horn-Lehe,Lehesterdeich
317,11,2017,3,3,16,2,0,1,1,1,0,0,0,0,0,0,8.87880414600005,53.11227233300008,Horn-Lehe,Lehesterdeich
373,11,2017,6,6,12,2,5,3,1,1,0,0,0,0,0,0,8.890564201000075,53.10891354200004,Horn-Lehe,Lehesterdeich
391,11,2017,5,3,17,3,5,3,1,1,0,0,0,0,0,0,8.883740987000067,53.10839513600007,Horn-Lehe,Lehesterdeich
405,11,2017,5,1,17,3,5,3,1,1,0,0,0,0,0,0,8.886789282000052,53.10067299600007,Horn-Lehe,Lehesterdeich
649,11,2017,6,5,12,3,5,3,1,1,0,0,0,0,0,0,8.891885754000043,53.113182108000046,Horn-Lehe,Lehesterdeich
656,11,2017,6,4,9,3,5,3,1,1,0,0,0,0,0,0,8.89702188800004,53.11839577300003,Horn-Lehe,Lehesterdeich
860,11,2017,8,5,8,3,1,7,1,1,0,0,0,0,0,0,8.886501529000043,53.12056465200004,Horn-Lehe,Lehesterdeich
874,11,2017,11,6,12,3,5,3,1,1,0,0,0,0,0,0,8.889116307000052,53.11034739400003,Horn-Lehe,Lehesterdeich
908,11,2017,10,2,13,3,3,6,1,0,0,0,0,0,0,1,8.89572337200002,53.097137116000056,Horn-Lehe,Lehesterdeich
936,11,2017,10,3,22,3,6,4,1,0,1,0,0,0,2,1,8.882084649000035,53.10314049600004,Horn-Lehe,Lehesterdeich
977,11,2017,10,2,18,3,0,7,1,0,0,0,0,0,1,1,8.889999075000048,53.108908788000065,Horn-Lehe,Lehesterdeich
1045,11,2017,11,2,9,3,0,1,1,1,0,0,0,0,0,1,8.89454790000002,53.09710879900007,Horn-Lehe,Lehesterdeich
1175,11,2017,12,4,16,3,5,3,1,1,0,0,0,0,1,1,8.896714967000037,53.11838583800005,Horn-Lehe,Lehesterdeich
1182,11,2017,12,5,7,2,1,5,1,0,0,0,0,1,2,1,8.870342063000066,53.127963883000064,Horn-Lehe,Lehesterdeich
1185,11,2017,11,2,17,3,5,3,1,1,0,0,0,0,2,0,8.885493112000063,53.11001487500005,Horn-Lehe,Lehesterdeich
50,11,2018,1,7,10,3,5,3,1,1,0,0,0,0,0,0,8.890819192000038,53.10894701700005,Horn-Lehe,Lehesterdeich
137,11,2018,3,5,15,3,5,3,1,1,0,0,0,0,0,0,8.889269317000071,53.098842422000075,Horn-Lehe,Lehesterdeich
169,11,2018,4,2,9,2,5,3,1,1,0,0,0,0,0,0,8.896077625000032,53.11423075000005,Horn-Lehe,Lehesterdeich
179,11,2018,4,4,11,2,5,3,1,1,0,0,0,0,0,0,8.886731965000024,53.109510587000045,Horn-Lehe,Lehesterdeich
414,11,2018,5,4,9,3,5,2,1,1,0,0,0,0,0,0,8.901760576000072,53.10907580000003,Horn-Lehe,Lehesterdeich
474,11,2018,6,4,15,3,5,3,1,1,0,0,0,0,0,0,8.879699305000031,53.11255438200004,Horn-Lehe,Lehesterdeich
498,11,2018,6,5,13,3,5,3,1,1,0,0,0,0,0,0,8.897078432000058,53.118231249000075,Horn-Lehe,Lehesterdeich
678,11,2018,8,4,8,3,5,2,1,1,0,0,0,0,0,0,8.890278919000025,53.114945686000056,Horn-Lehe,Lehesterdeich
696,11,2018,7,2,15,2,1,5,1,1,0,0,0,0,0,0,8.889382269000066,53.120049719000065,Horn-Lehe,Lehesterdeich
714,11,2018,8,4,1,3,1,7,1,1,0,0,0,0,2,0,8.886603076000029,53.10050165600006,Horn-Lehe,Lehesterdeich
718,11,2018,8,1,11,3,0,7,1,0,0,0,0,1,0,0,8.886469834000025,53.100363135000066,Horn-Lehe,Lehesterdeich
870,11,2018,10,7,17,3,0,7,1,0,0,0,0,0,0,0,8.892316209000057,53.09950239500006,Horn-Lehe,Lehesterdeich
1037,11,2018,9,1,16,3,0,7,1,0,0,0,0,0,0,0,8.882878084000026,53.10413652400007,Horn-Lehe,Lehesterdeich
1050,11,2018,11,5,13,3,3,6,1,0,0,0,0,0,0,1,8.898036623000053,53.11297508800004,Horn-Lehe,Lehesterdeich
1261,11,2018,12,4,19,3,6,6,1,0,1,0,0,0,2,1,8.901501091000057,53.108093763000056,Horn-Lehe,Lehesterdeich
1285,11,2018,12,5,17,3,5,2,1,1,0,0,0,0,2,0,8.885510832000023,53.11003485200007,Horn-Lehe,Lehesterdeich
15,11,2019,1,4,16,3,5,2,1,1,0,0,0,0,2,1,8.885506231000022,53.110030219000066,Horn-Lehe,Lehesterdeich
60,11,2019,2,2,18,3,5,3,1,1,0,0,0,0,1,0,8.889713448000066,53.09872952100005,Horn-Lehe,Lehesterdeich
62,11,2019,2,7,13,3,0,1,1,0,0,0,0,0,0,0,8.898395463000043,53.11723446000008,Horn-Lehe,Lehesterdeich
79,11,2019,2,6,7,3,3,6,1,1,0,0,0,0,2,1,8.888852263000047,53.09780787500006,Horn-Lehe,Lehesterdeich
138,11,2019,2,4,17,3,5,3,1,1,0,0,0,0,0,0,8.889904760000036,53.10889921900008,Horn-Lehe,Lehesterdeich
314,11,2019,5,4,17,3,5,3,1,1,0,0,0,0,0,0,8.886768128000028,53.10067324500005,Horn-Lehe,Lehesterdeich
377,11,2019,4,3,14,3,0,6,1,0,0,0,0,0,0,0,8.882052237000039,53.10329480000007,Horn-Lehe,Lehesterdeich
420,11,2019,6,6,15,3,5,3,1,1,0,0,0,0,0,0,8.879747357000042,53.11256830700006,Horn-Lehe,Lehesterdeich
422,11,2019,6,6,17,3,5,3,1,1,0,0,0,0,0,0,8.896271833000071,53.118530545000056,Horn-Lehe,Lehesterdeich
431,11,2019,6,4,11,3,5,3,1,1,0,0,0,0,0,0,8.893566448000058,53.09839499700007,Horn-Lehe,Lehesterdeich
495,11,2019,6,5,11,3,1,5,1,1,0,0,0,0,0,0,8.890624459000037,53.11056674000008,Horn-Lehe,Lehesterdeich
707,11,2019,8,3,17,3,5,3,1,1,0,0,0,0,0,0,8.88344879300007,53.110593539000035,Horn-Lehe,Lehesterdeich
807,11,2019,8,6,20,3,5,2,1,1,0,0,0,0,2,0,8.897050272000058,53.11824490500004,Horn-Lehe,Lehesterdeich
830,11,2019,8,3,13,3,8,7,1,0,0,0,0,0,0,0,8.888763138000058,53.09693453700004,Horn-Lehe,Lehesterdeich
843,11,2019,9,2,13,3,0,1,1,0,0,0,0,0,0,1,8.899206603000039,53.10490466200008,Horn-Lehe,Lehesterdeich
962,11,2019,11,3,8,2,0,7,1,1,0,0,0,0,0,1,8.891590178000058,53.108488772000044,Horn-Lehe,Lehesterdeich
968,11,2019,11,4,18,3,0,7,1,1,0,0,0,0,2,1,8.894809735000024,53.111504023000066,Horn-Lehe,Lehesterdeich
994,11,2019,10,5,20,3,6,4,1,0,1,0,0,0,2,0,8.901625679000063,53.10866975300007,Horn-Lehe,Lehesterdeich
1033,11,2019,11,7,16,3,0,7,1,0,0,0,0,0,2,1,8.888854907000052,53.09781065300007,Horn-Lehe,Lehesterdeich
1047,11,2019,11,5,9,3,5,3,1,0,0,0,0,0,0,0,8.886112172000026,53.10972504100005,Horn-Lehe,Lehesterdeich
1075,11,2019,10,3,12,3,1,5,1,1,0,0,0,0,0,0,8.894298882000044,53.101716097000065,Horn-Lehe,Lehesterdeich
1096,11,2019,12,6,8,3,5,3,1,1,0,0,0,0,0,0,8.893914006000045,53.11524132300008,Horn-Lehe,Lehesterdeich
8,11,2020,1,6,17,3,5,2,1,1,0,0,0,0,2,1,8.879587836000042,53.11304156700004,Horn-Lehe,Lehesterdeich
49,11,2020,2,6,15,3,5,3,1,1,0,0,0,0,0,0,8.884879368000043,53.10003747900004,Horn-Lehe,Lehesterdeich
90,11,2020,2,3,16,3,5,3,1,1,0,0,0,0,0,0,8.883323587000064,53.12128890300005,Horn-Lehe,Lehesterdeich
103,11,2020,1,2,12,3,5,2,1,1,0,0,0,0,0,0,8.88172275900007,53.11124171400007,Horn-Lehe,Lehesterdeich
198,11,2020,3,2,13,3,5,2,1,0,0,0,1,0,0,1,8.888031621000039,53.10916262900008,Horn-Lehe,Lehesterdeich
265,11,2020,3,4,18,3,5,3,1,1,0,0,0,0,2,0,8.892110947000049,53.11170018000007,Horn-Lehe,Lehesterdeich
389,11,2020,6,4,17,3,5,3,1,1,0,0,0,0,0,0,8.883446040000024,53.11059077400006,Horn-Lehe,Lehesterdeich
441,11,2020,6,3,9,2,9,1,1,0,1,0,0,0,0,0,8.894762107000076,53.097113583000066,Horn-Lehe,Lehesterdeich
498,11,2020,6,4,7,3,0,3,1,0,0,0,0,0,0,0,8.883618635000062,53.12121011900007,Horn-Lehe,Lehesterdeich
934,11,2020,11,4,8,3,4,6,1,1,0,0,0,1,0,0,8.893415566000044,53.11047370800003,Horn-Lehe,Lehesterdeich
940,11,2020,11,3,14,3,2,6,1,0,0,0,0,0,0,0,8.88791264100007,53.10913232000007,Horn-Lehe,Lehesterdeich
963,11,2020,12,6,10,3,0,7,1,0,0,0,0,0,0,0,8.893156397000041,53.11447197800004,Horn-Lehe,Lehesterdeich
991,11,2020,11,3,12,3,5,3,1,1,0,0,0,0,0,1,8.882065003000037,53.106725261000065,Horn-Lehe,Lehesterdeich
42,11,2021,2,1,13,3,4,6,1,1,0,0,0,0,0,0,8.901521365000065,53.11474866000003,Horn-Lehe,Lehesterdeich
52,11,2021,3,2,19,3,1,7,1,1,0,0,0,0,2,0,8.896046341000044,53.111635214000046,Horn-Lehe,Lehesterdeich
289,11,2021,6,2,14,2,5,3,1,1,0,0,0,0,0,0,8.887735820000046,53.10911139500007,Horn-Lehe,Lehesterdeich
414,11,2021,3,4,14,3,2,7,1,0,0,0,0,0,0,0,8.88803854300005,53.10917219800007,Horn-Lehe,Lehesterdeich
453,11,2021,6,7,11,3,1,5,1,1,0,0,0,0,0,1,8.894195101000037,53.106913861000066,Horn-Lehe,Lehesterdeich
481,11,2021,5,1,15,3,0,7,1,0,0,0,0,0,0,0,8.887829451000073,53.10920089600006,Horn-Lehe,Lehesterdeich
518,11,2021,12,3,9,3,5,2,1,1,0,0,0,0,0,0,8.891412616000025,53.09851998400006,Horn-Lehe,Lehesterdeich
520,11,2021,10,7,16,3,4,6,1,0,0,0,0,0,0,0,8.882253107000054,53.103486427000064,Horn-Lehe,Lehesterdeich
572,11,2021,10,6,13,3,5,3,1,1,0,0,0,0,0,0,8.890594762000035,53.10889470800004,Horn-Lehe,Lehesterdeich
583,11,2021,9,2,18,3,0,7,1,0,0,0,0,0,0,0,8.884191162000036,53.10550613100003,Horn-Lehe,Lehesterdeich
596,11,2021,11,3,16,3,5,2,1,1,0,0,0,0,2,1,8.887607849000062,53.09916603500005,Horn-Lehe,Lehesterdeich
703,11,2021,9,5,7,3,5,3,1,1,0,0,0,0,1,0,8.893634205000069,53.11521896800008,Horn-Lehe,Lehesterdeich
721,11,2021,11,3,14,3,4,6,1,0,0,0,0,0,0,1,8.895646555000042,53.09711268500007,Horn-Lehe,Lehesterdeich
13,11,2022,3,4,7,3,5,3,1,1,0,0,0,0,0,1,8.89971876500005,53.116459176,Horn-Lehe,Lehesterdeich
34,11,2022,5,4,21,3,5,3,1,1,0,0,0,0,1,0,8.87760094100003,53.1151952650001,Horn-Lehe,Lehesterdeich
200,11,2022,4,4,15,3,5,3,1,1,0,0,0,0,0,0,8.89711908900006,53.1148084430001,Horn-Lehe,Lehesterdeich
251,11,2022,3,6,17,2,5,3,1,1,0,0,0,0,1,0,8.88413388200007,53.100271467,Horn-Lehe,Lehesterdeich
313,11,2022,1,2,12,3,5,2,1,1,0,0,0,0,0,0,8.88600725600003,53.1096432370001,Horn-Lehe,Lehesterdeich
558,11,2022,7,3,8,3,1,5,1,1,0,0,0,0,0,0,8.89228397600004,53.1103778090001,Horn-Lehe,Lehesterdeich
655,11,2022,10,4,12,3,0,2,1,1,0,0,0,0,0,0,8.88766477800004,53.109047423,Horn-Lehe,Lehesterdeich
706,11,2022,11,3,9,3,5,2,1,1,0,0,0,0,0,0,8.88770596900002,53.1090845150001,Horn-Lehe,Lehesterdeich
751,11,2022,11,3,9,3,0,7,1,0,0,0,0,0,0,2,8.88242324600003,53.1036634070001,Horn-Lehe,Lehesterdeich
835,11,2022,9,6,20,3,0,7,1,0,0,0,0,0,2,1,8.89584515900003,53.0969542780001,Horn-Lehe,Lehesterdeich
858,11,2022,8,3,7,3,3,6,1,0,0,0,0,0,0,0,8.88227861900003,53.103512965,Horn-Lehe,Lehesterdeich
1077,11,2022,9,6,8,3,0,6,1,0,0,0,0,1,0,0,8.89137178600004,53.096909811,Horn-Lehe,Lehesterdeich
133,11,2023,4,3,15,3,3,6,1,0,0,0,0,0,0,0,8.878797982000037,53.122826743000076,Horn-Lehe,Lehesterdeich
155,11,2023,5,5,16,3,5,2,1,1,0,0,0,0,0,1,8.896964697000044,53.11822385200003,Horn-Lehe,Lehesterdeich
186,11,2023,3,5,14,3,6,3,1,0,1,0,0,0,0,1,8.887950986000021,53.10906593400006,Horn-Lehe,Lehesterdeich
207,11,2023,3,4,17,3,2,6,1,1,0,0,0,0,1,0,8.891353558000048,53.09852843500005,Horn-Lehe,Lehesterdeich
276,11,2023,2,5,9,2,5,3,1,0,0,0,1,0,0,1,8.896702438000034,53.118362938000075,Horn-Lehe,Lehesterdeich
311,11,2023,1,5,17,3,5,2,1,1,0,0,0,0,2,1,8.879672847000052,53.112546715000065,Horn-Lehe,Lehesterdeich
341,11,2023,4,2,15,3,5,3,1,1,0,0,0,0,0,1,8.890902621000066,53.108865138000056,Horn-Lehe,Lehesterdeich
468,11,2023,9,6,15,3,4,6,1,0,0,0,0,0,0,0,8.89573583400005,53.11118603500006,Horn-Lehe,Lehesterdeich
477,11,2023,9,4,15,3,5,3,1,1,0,0,0,0,0,0,8.877152790000025,53.10793808400007,Horn-Lehe,Lehesterdeich
536,11,2023,9,2,15,3,8,1,1,0,0,0,1,0,0,0,8.900997395000047,53.115468727000064,Horn-Lehe,Lehesterdeich
558,11,2023,9,4,9,1,5,2,1,1,0,0,0,0,0,0,8.879834618000075,53.11259359400003,Horn-Lehe,Lehesterdeich
584,11,2023,8,3,13,2,3,7,1,0,0,0,0,0,0,0,8.894545911000023,53.09839330900007,Horn-Lehe,Lehesterdeich
653,11,2023,8,3,15,3,5,3,1,0,0,0,0,1,0,0,8.888319128000035,53.109711410000045,Horn-Lehe,Lehesterdeich
708,11,2023,7,4,16,3,4,6,1,0,0,0,0,0,0,0,8.882337094000036,53.103382890000034,Horn-Lehe,Lehesterdeich
916,11,2023,5,1,14,3,5,3,1,1,0,0,0,0,0,0,8.893749886000023,53.11186575000005,Horn-Lehe,Lehesterdeich
954,11,2023,12,5,7,3,0,7,1,1,0,0,0,0,2,0,8.900408537000033,53.11612286500008,Horn-Lehe,Lehesterdeich
23,11,2016,3,4,10,3,5,3,1,1,0,0,0,0,0,1,8.635983191,53.171282924,Vegesack,Grohn
107,11,2016,1,5,8,3,5,2,1,1,0,0,0,0,2,1,8.628419423,53.168588585,Vegesack,Grohn
639,11,2016,7,5,14,3,4,1,1,0,0,0,0,0,0,0,8.626030857,53.166729465,Vegesack,Grohn
729,11,2016,9,6,6,2,5,3,1,0,0,0,0,0,1,0,8.642388278,53.163114496,Vegesack,Grohn
909,11,2016,10,5,15,3,5,3,1,1,0,0,0,0,0,1,8.635998634,53.171277441,Vegesack,Grohn
957,11,2016,11,5,10,3,0,1,1,0,0,0,0,0,0,1,8.630235587,53.167078348,Vegesack,Grohn
586,11,2017,6,4,8,3,1,5,1,1,0,0,0,0,0,0,8.643937626000024,53.164881156000035,Vegesack,Grohn
597,11,2017,6,1,15,2,8,1,1,0,0,0,0,0,0,0,8.633492708000063,53.16580441100007,Vegesack,Grohn
770,11,2017,8,7,23,3,0,7,1,0,0,0,0,0,2,0,8.634789304000037,53.170249754000054,Vegesack,Grohn
802,11,2017,8,6,18,2,5,2,1,1,0,0,0,0,0,0,8.628406745000063,53.168601410000065,Vegesack,Grohn
864,11,2017,8,5,8,3,5,2,1,1,0,0,0,0,0,0,8.635989159000076,53.17128080600003,Vegesack,Grohn
1008,11,2017,10,3,19,3,5,3,1,1,0,0,0,0,2,1,8.637669651000067,53.16683655000003,Vegesack,Grohn
36,11,2019,1,3,7,3,5,7,1,1,0,0,0,0,2,1,8.633474052000054,53.16597925800005,Vegesack,Grohn
217,11,2019,3,3,7,2,5,3,1,1,0,0,0,0,0,0,8.636815145000071,53.16768196700008,Vegesack,Grohn
538,11,2019,6,7,11,3,7,7,1,0,0,0,0,1,0,0,8.635688410000057,53.17105037500005,Vegesack,Grohn
673,11,2019,7,5,16,3,5,2,1,0,0,0,0,1,0,0,8.634352184000022,53.170169558000055,Vegesack,Grohn
728,11,2019,9,4,17,3,5,2,1,1,0,0,0,0,0,0,8.635150917000033,53.16701166900003,Vegesack,Grohn
791,11,2019,9,3,12,3,4,6,1,0,0,0,0,0,0,1,8.634358944000041,53.16341817000006,Vegesack,Grohn
855,11,2019,8,6,16,3,1,1,1,1,0,0,0,0,0,0,8.635706554000024,53.171068957000045,Vegesack,Grohn
969,11,2019,11,3,15,2,0,1,1,0,0,0,0,0,1,1,8.630075393000027,53.165601587000026,Vegesack,Grohn
986,11,2019,11,2,13,3,0,2,1,1,0,0,0,0,0,0,8.636020834000021,53.17126956000004,Vegesack,Grohn
1005,11,2019,10,4,7,3,5,3,1,1,0,0,0,0,2,1,8.632242581000071,53.16959731000003,Vegesack,Grohn
122,11,2020,1,3,8,3,5,3,1,1,0,0,0,0,0,0,8.644118451000054,53.16504501900005,Vegesack,Grohn
152,11,2020,4,4,11,3,5,3,1,1,0,0,0,0,0,0,8.635982322000075,53.17128323400004,Vegesack,Grohn
244,11,2020,5,3,8,3,5,3,1,1,0,0,0,0,0,0,8.641245703000038,53.16228415300003,Vegesack,Grohn
706,11,2020,9,4,11,3,0,2,1,0,0,0,1,0,0,0,8.64780799500005,53.17148748300008,Vegesack,Grohn
1035,11,2020,12,3,18,3,5,3,1,1,0,0,0,0,2,1,8.635994058000051,53.17127906600007,Vegesack,Grohn
1060,11,2020,11,5,14,3,5,3,1,1,0,0,0,0,0,1,8.649191295000037,53.17244534400004,Vegesack,Grohn
370,11,2022,6,6,19,3,5,3,1,1,0,0,0,0,0,0,8.64782434700004,53.1714886,Vegesack,Grohn
477,11,2022,6,7,9,3,5,3,1,1,0,0,0,0,0,0,8.64779601000004,53.171486664,Vegesack,Grohn
536,11,2022,3,2,11,2,2,6,1,1,0,0,0,0,0,0,8.64789342700004,53.1702224260001,Vegesack,Grohn
610,11,2022,11,2,5,3,0,7,1,1,0,0,0,0,2,1,8.63500354600006,53.167026956,Vegesack,Grohn
677,11,2022,9,6,7,2,5,3,1,0,0,0,0,0,0,0,8.62996928000007,53.165630127,Vegesack,Grohn
844,11,2022,8,1,18,2,0,7,1,1,0,0,0,0,0,0,8.63435945200007,53.163429244,Vegesack,Grohn
1042,11,2022,8,3,12,3,6,4,1,0,1,0,0,0,0,0,8.62881419800004,53.168783778,Vegesack,Grohn
12,11,2023,5,4,16,3,3,6,1,1,0,0,0,0,0,0,8.634376554000028,53.163423410000064,Vegesack,Grohn
554,11,2023,9,5,8,3,5,2,1,1,0,0,0,0,0,0,8.635158182000055,53.167014237000046,Vegesack,Grohn
573,11,2023,9,1,12,2,9,1,1,0,0,0,0,0,0,0,8.646406118000073,53.161838154000066,Vegesack,Grohn
795,11,2023,6,3,15,3,5,3,1,1,0,0,0,0,0,0,8.647067952000043,53.164841540000054,Vegesack,Grohn
24,11,2016,3,3,8,3,0,1,1,0,0,0,0,0,0,0,8.801315306,53.071494269,Neustadt,Alte Neustadt
26,11,2016,2,3,8,3,5,2,1,1,0,0,0,0,0,0,8.792845982,53.073578961,Neustadt,Alte Neustadt
31,11,2016,2,6,10,3,3,6,1,0,0,0,0,0,0,0,8.799444343,53.069834378,Neustadt,Alte Neustadt
34,11,2016,2,7,11,3,5,2,1,1,0,0,0,0,0,0,8.786797304,53.074498301,Neustadt,Alte Neustadt
35,11,2016,2,6,14,3,0,3,1,0,0,0,0,1,0,0,8.79107263,53.074420376,Neustadt,Alte Neustadt
92,11,2016,2,2,18,3,5,3,1,1,0,0,0,0,0,1,8.793428594,53.073917887,Neustadt,Alte Neustadt
147,11,2016,3,6,18,3,5,3,1,1,0,0,0,0,1,0,8.78897662,53.073130957,Neustadt,Alte Neustadt
155,11,2016,4,2,9,3,3,6,1,0,0,0,0,0,0,0,8.801308121,53.071498151,Neustadt,Alte Neustadt
169,11,2016,4,1,12,3,0,1,1,0,0,0,0,0,0,0,8.794090895,53.074349536,Neustadt,Alte Neustadt
186,11,2016,3,4,18,2,6,4,1,0,1,0,0,0,0,0,8.802834206,53.069974866,Neustadt,Alte Neustadt
197,11,2016,3,4,18,3,6,4,1,0,1,0,0,0,0,0,8.794004776,53.07429341,Neustadt,Alte Neustadt
204,11,2016,3,6,16,3,5,3,1,1,0,0,0,0,0,0,8.797055925,53.071639864,Neustadt,Alte Neustadt
222,11,2016,3,4,15,3,4,6,1,0,0,0,0,0,0,0,8.799886639,53.070436697,Neustadt,Alte Neustadt
242,11,2016,5,7,16,3,1,7,1,1,0,0,0,0,0,0,8.808908757,53.069834376,Neustadt,Alte Neustadt
252,11,2016,4,4,18,3,5,2,1,1,0,0,0,0,0,1,8.785700566,53.074856886,Neustadt,Alte Neustadt
303,11,2016,5,5,5,3,0,1,1,0,0,0,0,0,0,0,8.795186303,53.075217151,Neustadt,Alte Neustadt
335,11,2016,5,2,7,3,5,3,1,1,0,0,0,0,0,0,8.797197818,53.07245445,Neustadt,Alte Neustadt
384,11,2016,6,6,7,3,5,3,1,1,0,0,0,0,0,0,8.795433219,53.075143001,Neustadt,Alte Neustadt
458,11,2016,6,3,13,3,6,4,1,0,1,0,0,0,0,0,8.793124694,53.073713057,Neustadt,Alte Neustadt
489,11,2016,6,6,7,3,0,1,1,0,0,0,0,0,0,0,8.794076256,53.074339996,Neustadt,Alte Neustadt
509,11,2016,6,6,7,3,5,3,1,0,0,0,0,1,0,0,8.794066059,53.074388603,Neustadt,Alte Neustadt
512,11,2016,6,1,15,3,5,2,1,1,0,0,0,0,0,0,8.799132563,53.06944918,Neustadt,Alte Neustadt
514,11,2016,6,6,21,2,0,7,1,0,0,0,0,0,1,0,8.802453582,53.071725916,Neustadt,Alte Neustadt
554,11,2016,8,2,13,2,0,7,1,0,0,0,0,0,0,0,8.793916457,53.07423585,Neustadt,Alte Neustadt
566,11,2016,8,2,22,3,6,4,1,0,1,0,0,0,2,0,8.796309778,53.076823029,Neustadt,Alte Neustadt
592,11,2016,8,2,7,3,3,6,1,0,0,0,0,0,0,0,8.799274749,53.071417444,Neustadt,Alte Neustadt
617,11,2016,8,2,8,3,5,3,1,0,0,1,0,0,0,0,8.799488616,53.071521047,Neustadt,Alte Neustadt
638,11,2016,8,4,13,3,3,6,1,0,0,0,0,0,0,0,8.799423844,53.070182994,Neustadt,Alte Neustadt