,UKREIS,UJAHR,UMONAT,UWOCHENTAG,USTUNDE,UKATEGORIE,UART,UTYP1,IstRad,IstPKW,IstFuss,IstKrad,IstGkfz,IstSonstig,ULICHTVERH,STRZUSTAND,longitude,latitude,Stadtteil,Ortsteil
663,11,2016,7,2,23,3,4,6,1,0,0,0,0,0,2,0,8.803215079,53.07222352,Neustadt,Alte Neustadt
743,11,2016,8,4,13,3,0,7,1,0,1,0,0,0,0,0,8.797825761,53.076811825,Neustadt,Alte Neustadt
828,11,2016,9,5,12,3,5,3,1,1,0,0,0,0,0,0,8.803220678,53.072218579,Neustadt,Alte Neustadt
839,11,2016,9,6,21,3,5,2,1,1,0,0,0,0,2,0,8.794289,53.074478513,Neustadt,Alte Neustadt
844,11,2016,9,4,12,3,6,4,1,0,1,0,0,0,0,0,8.803260445,53.069600718,Neustadt,Alte Neustadt
883,11,2016,9,3,14,3,5,2,1,0,0,0,1,0,0,0,8.788155806,53.076462274,Neustadt,Alte Neustadt
907,11,2016,11,2,7,3,0,7,1,0,0,0,0,0,0,1,8.797118318,53.07633128,Neustadt,Alte Neustadt
913,11,2016,11,6,10,3,4,6,1,0,0,0,0,0,0,1,8.799820376,53.072765362,Neustadt,Alte Neustadt
925,11,2016,10,3,18,3,5,2,1,1,0,0,0,0,0,0,8.78914619,53.073122578,Neustadt,Alte Neustadt
992,11,2016,11,5,17,3,5,3,1,1,0,0,0,0,2,1,8.792135972,53.075238037,Neustadt,Alte Neustadt
1003,11,2016,10,4,16,3,5,2,1,0,0,0,0,1,0,0,8.80361921,53.072225218,Neustadt,Alte Neustadt
1009,11,2016,11,3,10,3,3,7,1,1,0,0,0,0,0,1,8.802228836,53.069846391,Neustadt,Alte Neustadt
1029,11,2016,11,5,15,3,3,6,1,0,0,0,0,1,0,0,8.800813659,53.068469852,Neustadt,Alte Neustadt
1094,11,2016,12,4,11,3,5,3,1,1,0,0,0,0,0,1,8.799858518,53.070448857,Neustadt,Alte Neustadt
1104,11,2016,11,3,16,3,4,6,1,0,0,0,0,0,0,0,8.787128515,53.075621006,Neustadt,Alte Neustadt
1109,11,2016,12,2,6,3,5,3,1,0,0,0,0,1,2,1,8.79202241,53.073076516,Neustadt,Alte Neustadt
1137,11,2016,12,7,14,3,6,4,1,0,1,0,0,0,0,0,8.799469885,53.070168264,Neustadt,Alte Neustadt
1162,11,2016,12,3,8,3,5,3,1,1,0,0,0,0,0,0,8.792189208,53.075276428,Neustadt,Alte Neustadt
20,11,2017,2,4,17,2,5,3,1,1,0,0,0,0,1,0,8.803906274000042,53.07237027600007,Neustadt,Alte Neustadt
47,11,2017,1,6,9,3,5,2,1,1,0,0,0,0,0,1,8.792695082000023,53.07365944900005,Neustadt,Alte Neustadt
55,11,2017,1,7,10,3,5,3,1,0,0,0,0,1,0,1,8.804131347000066,53.07240242700004,Neustadt,Alte Neustadt
87,11,2017,3,6,12,3,4,6,1,0,0,0,0,0,0,0,8.802017989000035,53.07143659500008,Neustadt,Alte Neustadt
127,11,2017,3,2,11,3,5,3,1,1,0,0,0,0,0,0,8.799487447000047,53.07155290800006,Neustadt,Alte Neustadt
181,11,2017,2,3,13,3,5,3,1,1,0,0,0,0,0,0,8.799475261000055,53.07151457700007,Neustadt,Alte Neustadt
194,11,2017,5,1,19,3,0,7,1,0,0,0,0,0,0,0,8.789711453000052,53.07901912800003,Neustadt,Alte Neustadt
196,11,2017,5,7,14,3,5,3,1,1,0,0,0,0,0,0,8.803844463000075,53.07233677200003,Neustadt,Alte Neustadt
207,11,2017,5,3,8,3,5,2,1,1,0,0,0,0,0,0,8.792853741000044,53.073527210000066,Neustadt,Alte Neustadt
212,11,2017,4,7,21,2,4,6,1,0,0,0,0,0,2,0,8.799542122000048,53.07014515100008,Neustadt,Alte Neustadt
220,11,2017,4,5,17,2,3,2,1,1,0,0,0,0,0,0,8.799432763000027,53.07018014000005,Neustadt,Alte Neustadt
256,11,2017,4,5,18,3,4,6,1,0,0,0,0,0,0,0,8.804149464000034,53.07239225500007,Neustadt,Alte Neustadt
310,11,2017,3,4,5,3,0,1,1,0,0,0,0,0,2,1,8.791488336000043,53.07477273100005,Neustadt,Alte Neustadt
329,11,2017,6,2,9,3,5,2,1,0,0,0,0,1,0,0,8.788164551000023,53.07647768100003,Neustadt,Alte Neustadt
361,11,2017,6,2,20,2,0,7,1,0,0,0,0,0,0,0,8.80722449500007,53.070560354000065,Neustadt,Alte Neustadt
381,11,2017,6,5,7,3,6,4,1,0,1,0,0,0,0,0,8.788544559000059,53.07707545800008,Neustadt,Alte Neustadt
401,11,2017,5,2,12,3,3,1,1,1,0,0,0,0,0,0,8.797718263000036,53.07673804900003,Neustadt,Alte Neustadt
433,11,2017,5,2,18,3,1,7,1,1,0,0,0,0,0,0,8.80088164600005,53.07115495900007,Neustadt,Alte Neustadt
575,11,2017,7,2,20,3,5,3,1,1,0,0,0,0,0,0,8.799132563000057,53.06944918000005,Neustadt,Alte Neustadt
588,11,2017,6,3,9,3,5,3,1,1,0,0,0,0,0,0,8.799833094000064,53.07045985000008,Neustadt,Alte Neustadt
636,11,2017,6,7,9,3,4,3,1,1,0,0,0,0,0,0,8.804225778000045,53.07235078900004,Neustadt,Alte Neustadt
689,11,2017,8,4,18,2,5,2,1,1,0,0,0,0,0,0,8.786732533000077,53.074394701000074,Neustadt,Alte Neustadt
705,11,2017,8,3,7,2,5,2,1,0,0,0,0,1,0,0,8.788161097000057,53.07647159600003,Neustadt,Alte Neustadt
816,11,2017,8,6,17,3,5,3,1,1,0,0,0,0,0,0,8.802018549000024,53.07143400800004,Neustadt,Alte Neustadt
827,11,2017,8,3,12,3,5,2,1,1,0,0,0,0,0,0,8.794069513000068,53.074335602000076,Neustadt,Alte Neustadt
836,11,2017,8,2,18,3,5,3,1,1,0,0,0,0,0,0,8.795381130000067,53.07516312400003,Neustadt,Alte Neustadt
856,11,2017,8,5,8,3,5,3,1,1,0,0,0,0,0,0,8.803250824000031,53.07219198300004,Neustadt,Alte Neustadt
886,11,2017,11,4,19,3,5,3,1,1,0,0,0,0,2,1,8.809785394000073,53.068821298000046,Neustadt,Alte Neustadt
897,11,2017,11,4,8,3,5,3,1,1,0,0,0,0,0,1,8.786724843000059,53.074398243000076,Neustadt,Alte Neustadt
964,11,2017,10,5,17,3,5,2,1,1,0,0,0,0,0,0,8.786792711000032,53.07448855500007,Neustadt,Alte Neustadt
989,11,2017,9,3,8,2,5,3,1,1,0,0,0,0,0,0,8.803242029000046,53.069617262000065,Neustadt,Alte Neustadt
994,11,2017,10,5,15,3,5,3,1,0,0,1,0,0,0,0,8.799540056000069,53.07014581100003,Neustadt,Alte Neustadt
1004,11,2017,10,4,13,3,5,2,1,1,0,0,0,0,0,0,8.805817370000057,53.071460142000035,Neustadt,Alte Neustadt
1009,11,2017,9,1,20,3,5,3,1,1,0,0,0,0,2,1,8.802018017000023,53.07143647100003,Neustadt,Alte Neustadt
1036,11,2017,10,1,20,3,5,3,1,1,0,0,0,0,2,0,8.803991634000056,53.072411861000035,Neustadt,Alte Neustadt
1068,11,2017,12,7,17,3,5,2,1,1,0,0,0,0,1,1,8.78679827600007,53.07450036400007,Neustadt,Alte Neustadt
1089,11,2017,12,3,9,3,5,3,1,1,0,0,0,0,0,1,8.788150619000021,53.076453137000044,Neustadt,Alte Neustadt
1102,11,2017,12,7,15,3,6,4,1,0,1,0,0,0,0,1,8.797165977000077,53.07634593900008,Neustadt,Alte Neustadt
1145,11,2017,11,6,13,3,5,3,1,1,0,0,0,0,0,0,8.801644186000033,53.07145208900005,Neustadt,Alte Neustadt
1150,11,2017,12,5,7,3,5,3,1,1,0,0,0,0,1,1,8.788735185000064,53.07283781500007,Neustadt,Alte Neustadt
1159,11,2017,12,2,17,3,5,3,1,0,0,0,0,1,2,0,8.80384166400006,53.07233525500004,Neustadt,Alte Neustadt
1173,11,2017,11,5,13,3,5,3,1,1,0,0,0,0,0,0,8.799825069000065,53.070067305000066,Neustadt,Alte Neustadt
18,11,2018,1,4,8,3,9,6,1,1,0,0,0,0,0,0,8.800410158000034,53.06995999500003,Neustadt,Alte Neustadt
22,11,2018,1,4,8,3,6,4,1,0,1,0,0,0,2,1,8.794424209000056,53.07456654100008,Neustadt,Alte Neustadt
24,11,2018,1,5,7,2,4,6,1,0,0,0,0,0,2,1,8.787144369000032,53.07564240200003,Neustadt,Alte Neustadt
32,11,2018,1,2,7,3,5,3,1,1,0,0,0,0,1,1,8.797959337000066,53.07333256900006,Neustadt,Alte Neustadt
40,11,2018,1,3,11,3,3,6,1,0,0,0,0,0,0,0,8.799135206000074,53.069390845000044,Neustadt,Alte Neustadt
77,11,2018,3,6,16,3,5,2,1,1,0,0,0,0,0,1,8.804149099000028,53.07239246300003,Neustadt,Alte Neustadt
83,11,2018,2,4,13,3,3,5,1,0,0,0,0,1,0,0,8.80091898400002,53.07127708500008,Neustadt,Alte Neustadt
103,11,2018,2,6,11,3,5,3,1,1,0,0,0,0,0,0,8.804132755000069,53.07240163900008,Neustadt,Alte Neustadt
125,11,2018,3,3,15,3,4,6,1,1,0,0,0,0,0,0,8.804099012000052,53.072382247000064,Neustadt,Alte Neustadt
189,11,2018,4,4,6,3,1,7,1,1,0,0,0,0,0,0,8.802992214000028,53.06987230200008,Neustadt,Alte Neustadt
196,11,2018,4,3,8,3,5,3,1,1,0,0,0,0,0,0,8.796997496000074,53.076441732000035,Neustadt,Alte Neustadt
197,11,2018,4,3,18,2,5,2,1,0,0,0,1,0,0,0,8.788087080000025,53.07635666300007,Neustadt,Alte Neustadt
212,11,2018,4,6,12,3,5,3,1,1,0,0,0,0,0,0,8.79703242200003,53.07164995800008,Neustadt,Alte Neustadt
245,11,2018,4,6,16,3,5,2,1,1,0,0,0,0,0,0,8.792862181000032,53.07357312400006,Neustadt,Alte Neustadt
256,11,2018,4,1,2,3,4,6,1,1,0,0,0,0,2,1,8.803595426000072,53.072348903000034,Neustadt,Alte Neustadt
264,11,2018,3,7,12,3,5,3,1,1,0,0,0,0,0,1,8.79946680200004,53.06954279900003,Neustadt,Alte Neustadt
286,11,2018,4,6,23,3,5,3,1,1,0,0,0,0,2,0,8.80132915400003,53.07148678900006,Neustadt,Alte Neustadt
351,11,2018,5,4,17,3,6,3,1,0,1,0,0,0,0,0,8.793669636000061,53.07407498500004,Neustadt,Alte Neustadt
369,11,2018,5,7,19,3,5,2,1,1,0,0,0,0,0,0,8.786335481000037,53.07464544700008,Neustadt,Alte Neustadt
447,11,2018,6,2,22,3,0,7,1,0,0,0,0,0,1,0,8.79949330900007,53.06935744000003,Neustadt,Alte Neustadt
462,11,2018,5,1,3,3,1,5,1,1,0,0,0,0,2,0,8.794335768000053,53.07198536700008,Neustadt,Alte Neustadt
468,11,2018,6,7,18,3,0,7,1,0,0,0,0,0,0,0,8.801368969000066,53.071277218000034,Neustadt,Alte Neustadt
488,11,2018,6,2,7,3,5,3,1,1,0,0,0,0,0,0,8.792061861000036,53.07305856900007,Neustadt,Alte Neustadt
547,11,2018,7,1,10,3,4,6,1,0,0,0,0,0,0,0,8.795581088000063,53.07547363800006,Neustadt,Alte Neustadt
575,11,2018,6,6,15,3,0,3,1,0,0,0,0,1,0,0,8.790995011000064,53.07237929000007,Neustadt,Alte Neustadt
598,11,2018,6,7,19,3,6,4,1,0,1,0,0,0,0,0,8.800079437000022,53.07001409800006,Neustadt,Alte Neustadt
605,11,2018,6,5,7,3,5,3,1,1,0,0,0,0,0,0,8.803923183000052,53.072482052000055,Neustadt,Alte Neustadt
619,11,2018,6,4,7,3,5,2,1,1,0,0,0,0,0,0,8.800177096000027,53.06999463400007,Neustadt,Alte Neustadt
661,11,2018,8,3,7,3,0,7,1,0,0,0,0,0,0,0,8.799209516000076,53.06955011500003,Neustadt,Alte Neustadt
710,11,2018,8,4,17,3,5,3,1,1,0,0,0,0,0,0,8.801270971000065,53.071518224000044,Neustadt,Alte Neustadt
737,11,2018,7,5,15,3,5,3,1,1,0,0,0,0,0,0,8.801989841000022,53.071424852000064,Neustadt,Alte Neustadt
817,11,2018,7,2,11,3,5,3,1,1,0,0,0,0,0,0,8.801989713000069,53.07142506900004,Neustadt,Alte Neustadt
863,11,2018,9,2,12,3,5,3,1,1,0,0,0,0,0,1,8.804144321000024,53.07239514500003,Neustadt,Alte Neustadt
921,11,2018,10,4,17,3,5,2,1,1,0,0,0,0,0,0,8.792107126000076,53.073035779000065,Neustadt,Alte Neustadt
1068,11,2018,10,6,17,3,5,2,1,1,0,0,0,0,0,1,8.801329766000038,53.07148645900003,Neustadt,Alte Neustadt
1131,11,2018,11,3,19,3,5,3,1,1,0,0,0,0,2,0,8.80414440900006,53.07239509500005,Neustadt,Alte Neustadt
1140,11,2018,10,3,23,2,5,3,1,1,0,0,0,0,2,1,8.801323672000024,53.07148975100006,Neustadt,Alte Neustadt
1150,11,2018,10,2,12,3,5,3,1,1,0,0,0,0,0,0,8.79903209300005,53.069646179000074,Neustadt,Alte Neustadt
1177,11,2018,10,6,17,3,5,3,1,1,0,0,0,0,0,0,8.80415219300005,53.07241275700005,Neustadt,Alte Neustadt
1186,11,2018,11,5,21,3,3,2,1,1,0,0,0,0,2,0,8.794086167000046,53.07434645600006,Neustadt,Alte Neustadt
1189,11,2018,11,6,18,3,5,2,1,1,0,0,0,0,2,0,8.801977252000029,53.07144628300006,Neustadt,Alte Neustadt
1194,11,2018,11,4,18,3,4,6,1,0,0,0,0,0,2,0,8.800544982000076,53.070805879000034,Neustadt,Alte Neustadt
1205,11,2018,10,4,16,3,5,3,1,1,0,0,0,0,0,0,8.792108865000046,53.073034903000064,Neustadt,Alte Neustadt
1215,11,2018,10,2,13,2,5,3,1,0,0,0,0,0,0,0,8.79974648600006,53.07294203200007,Neustadt,Alte Neustadt
1227,11,2018,11,5,8,3,5,2,1,1,0,0,0,0,0,1,8.801315654000064,53.07149408300006,Neustadt,Alte Neustadt
1239,11,2018,12,3,12,3,5,3,1,1,0,0,0,0,0,0,8.801972698000043,53.071454035000045,Neustadt,Alte Neustadt
1267,11,2018,12,6,17,3,5,3,1,1,0,0,0,0,2,1,8.801609618000043,53.069775907000064,Neustadt,Alte Neustadt
83,11,2019,2,5,17,3,4,6,1,0,0,0,0,0,1,0,8.801434796000024,53.07129777700004,Neustadt,Alte Neustadt
135,11,2019,2,5,8,3,5,3,1,1,0,0,0,0,0,0,8.798298309000074,53.073238805000074,Neustadt,Alte Neustadt
146,11,2019,2,2,16,3,4,6,1,0,0,0,0,0,0,0,8.800554542000043,53.070989102000055,Neustadt,Alte Neustadt
177,11,2019,4,5,14,3,5,3,1,1,0,0,0,0,0,0,8.797055925000052,53.071639864000076,Neustadt,Alte Neustadt
283,11,2019,5,6,10,3,5,2,1,1,0,0,0,0,0,0,8.80418388000004,53.07237431100003,Neustadt,Alte Neustadt
344,11,2019,5,5,7,3,0,7,1,0,1,0,0,0,0,1,8.795775438000021,53.077098515000046,Neustadt,Alte Neustadt
405,11,2019,4,6,22,3,6,4,1,1,1,0,0,0,2,0,8.799814323000021,53.07037808100006,Neustadt,Alte Neustadt
453,11,2019,6,6,5,3,1,1,1,1,0,0,0,0,0,0,8.795682696000028,53.075384040000074,Neustadt,Alte Neustadt
469,11,2019,6,3,8,3,5,3,1,1,0,0,0,0,0,0,8.804201780000028,53.072364744000026,Neustadt,Alte Neustadt
524,11,2019,6,3,20,3,5,3,1,0,0,0,0,0,0,0,8.80155806700003,53.071545925000066,Neustadt,Alte Neustadt
560,11,2019,8,5,18,3,5,3,1,1,0,0,0,0,0,0,8.796419748000062,53.07191560500007,Neustadt,Alte Neustadt
565,11,2019,8,3,8,2,0,2,1,1,0,0,0,0,0,1,8.78817749500007,53.07649170600007,Neustadt,Alte Neustadt
581,11,2019,8,6,12,2,7,7,1,0,0,0,0,1,0,0,8.796893933000035,53.069624686000054,Neustadt,Alte Neustadt
596,11,2019,8,4,7,3,5,2,1,0,0,0,1,0,0,0,8.788165339000045,53.07647322000008,Neustadt,Alte Neustadt
602,11,2019,8,3,9,3,0,7,1,0,0,0,1,0,0,0,8.800762621000047,53.071161018000055,Neustadt,Alte Neustadt
607,11,2019,8,6,19,3,0,1,1,0,0,0,0,0,0,1,8.796968795000055,53.06860932400008,Neustadt,Alte Neustadt
719,11,2019,9,6,14,3,5,3,1,1,0,0,0,0,0,0,8.79713842700005,53.07634474300005,Neustadt,Alte Neustadt
742,11,2019,9,2,16,2,4,6,1,0,0,0,0,0,0,0,8.80414766900003,53.07239366700003,Neustadt,Alte Neustadt
785,11,2019,9,4,15,3,1,7,1,0,0,0,0,0,0,0,8.804148045000034,53.07241038400008,Neustadt,Alte Neustadt
797,11,2019,9,1,20,3,5,3,1,0,0,0,0,0,0,0,8.801659237000024,53.071371372000044,Neustadt,Alte Neustadt
811,11,2019,8,5,15,3,4,6,1,0,0,0,0,0,0,0,8.800488483000038,53.06874186200008,Neustadt,Alte Neustadt
831,11,2019,8,3,11,2,6,4,1,0,1,0,0,0,0,0,8.793760930000076,53.07413447300007,Neustadt,Alte Neustadt
846,11,2019,8,7,23,3,0,7,1,0,0,0,0,0,2,0,8.792851147000022,53.07357227700004,Neustadt,Alte Neustadt
887,11,2019,9,4,13,3,0,2,1,1,0,0,0,0,0,1,8.795218592000026,53.075245249000034,Neustadt,Alte Neustadt
890,11,2019,8,3,18,3,0,7,1,1,0,0,0,0,0,0,8.800693147000061,53.07110361800005,Neustadt,Alte Neustadt
956,11,2019,10,4,23,3,5,2,1,1,0,0,0,0,2,0,8.801320288000056,53.07149157900005,Neustadt,Alte Neustadt
1048,11,2019,11,5,17,3,5,3,1,1,0,0,0,0,2,0,8.797101114000043,53.07355684700008,Neustadt,Alte Neustadt
19,11,2020,1,1,17,2,5,2,1,1,0,0,0,0,2,1,8.805636915000036,53.07157014400008,Neustadt,Alte Neustadt
23,11,2020,1,5,5,3,0,5,1,0,0,0,0,0,2,0,8.802396471000066,53.070731168000066,Neustadt,Alte Neustadt
32,11,2020,1,5,13,2,5,2,1,0,0,0,0,0,0,0,8.802846721000037,53.06997846000007,Neustadt,Alte Neustadt
97,11,2020,2,3,15,3,1,5,1,1,0,0,0,0,0,0,8.802710098000034,53.07023090700005,Neustadt,Alte Neustadt
158,11,2020,4,5,10,3,5,3,1,1,0,0,0,0,0,0,8.78677413400004,53.07450059200005,Neustadt,Alte Neustadt
163,11,2020,4,3,11,2,5,3,1,1,0,0,0,0,0,0,8.804163183000071,53.072419041000046,Neustadt,Alte Neustadt
243,11,2020,3,2,17,3,5,3,1,0,0,0,0,0,0,0,8.786935784000036,53.075373855000066,Neustadt,Alte Neustadt
346,11,2020,6,3,13,3,5,3,1,1,0,0,0,0,0,0,8.795932334000042,53.07294213500006,Neustadt,Alte Neustadt
373,11,2020,5,3,15,3,0,1,1,0,0,0,0,0,0,0,8.80720911700007,53.07057152800007,Neustadt,Alte Neustadt
388,11,2020,5,5,15,3,6,6,1,0,1,0,0,0,0,0,8.797615148000034,53.076830200000074,Neustadt,Alte Neustadt
406,11,2020,6,2,12,3,2,7,1,0,0,0,0,0,0,0,8.790986797000073,53.07239564300005,Neustadt,Alte Neustadt
447,11,2020,5,7,12,3,0,7,1,0,0,0,0,1,0,0,8.803257534000068,53.07194323200008,Neustadt,Alte Neustadt
470,11,2020,6,5,10,3,5,3,1,1,0,0,0,0,0,1,8.797863513000038,53.07069863100003,Neustadt,Alte Neustadt
485,11,2020,5,7,21,3,5,3,1,1,0,0,0,0,2,0,8.796410510000044,53.071889319000036,Neustadt,Alte Neustadt
499,11,2020,6,4,20,3,4,6,1,1,0,0,0,0,0,0,8.800684190000027,53.07109621800004,Neustadt,Alte Neustadt
546,11,2020,8,5,14,3,0,7,1,0,0,0,0,1,0,0,8.80396459700006,53.07230259900007,Neustadt,Alte Neustadt
566,11,2020,8,7,1,2,0,7,1,0,0,0,0,0,2,0,8.801710786000058,53.07052456200006,Neustadt,Alte Neustadt
580,11,2020,8,7,13,3,5,2,1,1,0,0,0,0,0,0,8.801341103000027,53.07148033300007,Neustadt,Alte Neustadt
589,11,2020,7,6,15,3,0,7,1,1,0,0,0,0,0,0,8.78765349400004,53.076392027000054,Neustadt,Alte Neustadt
616,11,2020,8,5,17,3,6,7,1,0,1,0,0,0,0,0,8.795194920000029,53.074074609000036,Neustadt,Alte Neustadt
624,11,2020,8,5,16,2,5,3,1,1,0,0,0,0,0,0,8.803221141000051,53.07221882400006,Neustadt,Alte Neustadt
641,11,2020,8,2,19,3,0,7,1,0,0,0,0,0,0,1,8.801139387000035,53.06867359600005,Neustadt,Alte Neustadt
649,11,2020,8,6,15,3,1,6,1,1,0,0,0,0,0,0,8.802589283000032,53.070407524000075,Neustadt,Alte Neustadt
731,11,2020,9,3,10,3,5,2,1,1,0,0,0,0,0,0,8.801267051000025,53.07152034200004,Neustadt,Alte Neustadt
735,11,2020,9,6,15,3,6,4,1,0,1,0,0,0,0,1,8.800435639000057,53.069956207000075,Neustadt,Alte Neustadt
797,11,2020,9,4,20,2,0,7,1,0,0,0,0,0,1,0,8.792045958000074,53.07306608400006,Neustadt,Alte Neustadt
822,11,2020,10,5,18,2,5,3,1,1,0,0,0,0,0,0,8.799645400000031,53.07285684300007,Neustadt,Alte Neustadt
830,11,2020,10,1,0,2,0,7,1,0,0,0,0,0,2,1,8.792349473000058,53.07318590400007,Neustadt,Alte Neustadt
849,11,2020,9,3,22,3,5,2,1,1,0,0,0,0,2,0,8.801319751000051,53.071491870000045,Neustadt,Alte Neustadt
980,11,2020,12,5,10,3,5,3,1,1,0,0,0,0,0,0,8.79975644700005,53.07048181000005,Neustadt,Alte Neustadt
982,11,2020,12,7,18,3,4,2,1,1,0,0,0,0,2,1,8.796999142000061,53.076438722000034,Neustadt,Alte Neustadt
987,11,2020,12,7,13,3,6,7,1,0,1,0,0,0,0,0,8.803113962000054,53.06975945600004,Neustadt,Alte Neustadt
1058,11,2020,11,4,16,3,5,3,1,0,0,0,0,0,1,0,8.802610301000072,53.07037679900003,Neustadt,Alte Neustadt
1081,11,2020,12,5,20,3,5,7,1,1,0,0,0,0,2,1,8.801594228000056,53.07090885100007,Neustadt,Alte Neustadt
6,11,2021,7,3,19,3,5,2,1,1,0,0,0,0,0,0,8.794515576000038,53.07279659400007,Neustadt,Alte Neustadt
35,11,2021,7,6,18,3,4,2,1,1,0,0,0,0,0,0,8.791800113000022,53.07499542200003,Neustadt,Alte Neustadt
56,11,2021,1,5,7,2,5,3,1,0,0,0,0,0,1,1,8.801592952000021,53.07135009800004,Neustadt,Alte Neustadt
58,11,2021,4,4,17,3,5,3,1,1,0,0,0,0,0,0,8.79983462000007,53.07044659600007,Neustadt,Alte Neustadt
104,11,2021,7,7,17,3,5,3,1,1,0,0,0,0,0,0,8.797177831000056,53.072461848000046,Neustadt,Alte Neustadt
151,11,2021,7,7,20,3,5,3,1,0,0,0,0,1,0,0,8.792059746000064,53.07305788800005,Neustadt,Alte Neustadt
165,11,2021,7,2,13,3,3,2,1,1,0,0,0,0,0,0,8.79948141400007,53.07016460800003,Neustadt,Alte Neustadt
183,11,2021,4,7,15,3,5,3,1,0,0,0,0,0,0,0,8.801530248000063,53.071537515000045,Neustadt,Alte Neustadt
228,11,2021,5,4,7,3,5,3,1,1,0,0,0,0,0,0,8.801980836000041,53.07144012300006,Neustadt,Alte Neustadt
304,11,2021,7,6,13,3,5,3,1,0,0,0,0,1,0,0,8.799432219000039,53.07006566000007,Neustadt,Alte Neustadt
313,11,2021,2,6,9,3,5,1,1,0,0,0,0,0,0,0,8.803244359000075,53.069634618000066,Neustadt,Alte Neustadt
320,11,2021,1,3,23,3,0,7,1,0,0,0,0,0,2,2,8.802584729000046,53.07169191700007,Neustadt,Alte Neustadt
336,11,2021,5,2,8,3,5,3,1,0,0,0,0,1,0,0,8.79726061200006,53.076424157000076,Neustadt,Alte Neustadt
337,11,2021,4,3,7,3,5,7,1,0,0,0,0,1,0,1,8.792382522000025,53.07320874900006,Neustadt,Alte Neustadt
338,11,2021,4,6,13,3,0,3,1,1,0,0,0,0,0,0,8.797061541000062,53.07360365000005,Neustadt,Alte Neustadt
397,11,2021,2,5,22,3,5,3,1,1,0,0,0,0,2,1,8.798482211000021,53.07102986800004,Neustadt,Alte Neustadt
469,11,2021,3,6,16,3,5,3,1,1,0,0,0,0,0,0,8.80084460300003,53.068505791000064,Neustadt,Alte Neustadt
472,11,2021,6,3,13,3,3,7,1,0,0,0,0,0,0,0,8.793902181000021,53.07442847300007,Neustadt,Alte Neustadt
482,11,2021,7,4,17,3,5,3,1,1,0,0,0,0,0,0,8.80578917500003,53.07162245100005,Neustadt,Alte Neustadt
512,11,2021,8,4,17,3,5,3,1,1,0,0,0,0,0,0,8.799812619000022,53.070456507000074,Neustadt,Alte Neustadt
558,11,2021,8,7,20,3,0,7,1,0,0,0,0,0,2,0,8.794595600000036,53.074837726000055,Neustadt,Alte Neustadt
563,11,2021,8,5,17,3,4,6,1,0,0,0,0,1,0,0,8.793697515000076,53.07379157400004,Neustadt,Alte Neustadt
619,11,2021,10,6,10,3,3,6,1,1,0,0,0,0,0,1,8.80157711000004,53.07155168200006,Neustadt,Alte Neustadt
620,11,2021,10,2,15,3,5,2,1,0,0,0,0,0,0,0,8.801991934000057,53.07147819900007,Neustadt,Alte Neustadt
646,11,2021,7,7,5,2,5,3,1,1,0,0,0,0,1,0,8.797149570000045,53.07633677600006,Neustadt,Alte Neustadt
694,11,2021,11,2,16,3,4,6,1,0,0,0,0,0,1,0,8.801204518000077,53.07141234900007,Neustadt,Alte Neustadt
831,11,2021,8,4,13,3,5,2,1,0,0,0,1,0,0,0,8.801271883000027,53.071517732000075,Neustadt,Alte Neustadt
15,11,2022,4,4,22,3,5,3,1,1,0,0,0,0,2,0,8.79401387000007,53.0744943920001,Neustadt,Alte Neustadt
16,11,2022,5,1,15,3,1,7,1,0,0,0,0,1,0,0,8.79250074400005,53.0748192820001,Neustadt,Alte Neustadt
25,11,2022,7,5,15,2,5,2,1,0,0,0,1,0,0,0,8.78818137700006,53.07649761,Neustadt,Alte Neustadt
63,11,2022,5,5,14,3,1,5,1,1,0,0,0,0,0,0,8.80726061200005,53.070315254,Neustadt,Alte Neustadt
106,11,2022,7,6,18,2,5,3,1,0,0,0,0,0,0,0,8.79711827400007,53.0763314430001,Neustadt,Alte Neustadt
107,11,2022,7,3,19,3,4,2,1,0,0,0,0,1,0,0,8.79782200600005,53.070671422,Neustadt,Alte Neustadt
124,11,2022,5,3,15,3,5,2,1,1,0,0,0,0,0,0,8.79401892100003,53.074497373,Neustadt,Alte Neustadt
132,11,2022,6,7,3,3,0,7,1,0,0,0,0,0,2,0,8.79594549300003,53.0755574770001,Neustadt,Alte Neustadt
155,11,2022,2,7,16,3,5,3,1,0,0,0,0,0,0,0,8.80187689800005,53.0716423550001,Neustadt,Alte Neustadt