,UKREIS,UJAHR,UMONAT,UWOCHENTAG,USTUNDE,UKATEGORIE,UART,UTYP1,IstRad,IstPKW,IstFuss,IstKrad,IstGkfz,IstSonstig,ULICHTVERH,STRZUSTAND,longitude,latitude,Stadtteil,Ortsteil
169,11,2022,5,2,14,3,3,2,1,1,0,0,0,0,0,0,8.78815919000004,53.0764638700001,Neustadt,Alte Neustadt
237,11,2022,5,1,19,3,3,6,1,0,0,0,0,0,0,0,8.80416574200007,53.0724205050001,Neustadt,Alte Neustadt
254,11,2022,6,4,18,3,5,3,1,1,0,0,0,0,0,0,8.78677342400005,53.0744996020001,Neustadt,Alte Neustadt
263,11,2022,2,6,13,3,1,7,1,0,0,0,0,0,0,1,8.79904378300006,53.0697473810001,Neustadt,Alte Neustadt
287,11,2022,4,2,22,3,5,3,1,1,0,0,0,0,2,0,8.80130533700003,53.0714647510001,Neustadt,Alte Neustadt
322,11,2022,3,4,11,2,5,2,1,1,0,0,0,0,0,1,8.80135342900007,53.071600689,Neustadt,Alte Neustadt
350,11,2022,5,5,9,3,2,6,1,1,0,0,0,0,0,0,8.80131039800006,53.0690056560001,Neustadt,Alte Neustadt
490,11,2022,6,2,18,3,5,3,1,1,0,0,0,0,0,1,8.80407683100003,53.0723687020001,Neustadt,Alte Neustadt
497,11,2022,3,5,16,3,0,7,1,0,0,0,0,0,0,0,8.80379832900007,53.072430486,Neustadt,Alte Neustadt
597,11,2022,9,4,15,3,6,7,1,0,1,0,0,0,0,0,8.79982107200004,53.071769745,Neustadt,Alte Neustadt
680,11,2022,8,3,19,3,5,2,1,1,0,0,0,0,0,0,8.80417669600007,53.0723781510001,Neustadt,Alte Neustadt
699,11,2022,8,6,18,3,5,2,1,0,0,0,0,0,0,0,8.80414831600007,53.072393321,Neustadt,Alte Neustadt
721,11,2022,10,5,11,3,5,3,1,1,0,0,0,0,0,0,8.78639175700005,53.0746241160001,Neustadt,Alte Neustadt
727,11,2022,9,5,14,3,3,6,1,0,0,0,0,0,0,0,8.79741095100007,53.068891104,Neustadt,Alte Neustadt
786,11,2022,7,4,23,3,4,3,1,1,0,0,0,0,2,0,8.80415390900004,53.0723903310001,Neustadt,Alte Neustadt
798,11,2022,10,7,14,3,6,4,1,0,1,0,0,0,0,0,8.80007113100004,53.070589698,Neustadt,Alte Neustadt
833,11,2022,8,1,17,3,0,7,1,0,0,0,0,0,0,0,8.81074267500003,53.068761178,Neustadt,Alte Neustadt
929,11,2022,7,3,8,2,5,2,1,1,0,0,0,0,0,1,8.80136403600005,53.071592857,Neustadt,Alte Neustadt
932,11,2022,10,7,0,3,4,6,1,0,0,0,0,1,2,0,8.80166310800007,53.071372614,Neustadt,Alte Neustadt
975,11,2022,8,3,17,3,5,2,1,1,0,0,0,0,0,0,8.79543253600002,53.0751426370001,Neustadt,Alte Neustadt
994,11,2022,9,6,18,3,5,3,1,1,0,0,0,0,0,0,8.79419684300007,53.0744182600001,Neustadt,Alte Neustadt
997,11,2022,8,5,19,3,5,3,1,0,0,0,0,1,0,0,8.79289518100006,53.073562845,Neustadt,Alte Neustadt
1028,11,2022,7,5,14,3,5,3,1,0,0,0,0,1,0,1,8.79697871900004,53.076399709,Neustadt,Alte Neustadt
1071,11,2022,12,6,20,3,5,3,1,1,0,0,0,0,2,1,8.79290461700003,53.0735691310001,Neustadt,Alte Neustadt
33,11,2023,5,5,19,3,6,4,1,0,1,0,0,0,2,0,8.812807520000035,53.06768132600007,Neustadt,Alte Neustadt
66,11,2023,5,4,8,3,5,3,1,0,0,0,0,0,0,1,8.79140798000003,53.07250753200003,Neustadt,Alte Neustadt
83,11,2023,5,6,8,3,5,3,1,1,0,0,0,0,0,0,8.801659891000043,53.06977006100004,Neustadt,Alte Neustadt
188,11,2023,3,5,15,2,3,2,1,0,0,0,0,0,0,1,8.800389407000068,53.07198171400006,Neustadt,Alte Neustadt
239,11,2023,2,7,22,3,9,1,1,0,0,0,0,0,2,1,8.801522099000067,53.071327359000065,Neustadt,Alte Neustadt
297,11,2023,1,6,14,3,5,3,1,1,0,0,0,0,0,0,8.80320884400004,53.07222983200006,Neustadt,Alte Neustadt
424,11,2023,10,6,22,3,2,6,1,1,0,0,0,0,2,1,8.786801801000024,53.07453914800004,Neustadt,Alte Neustadt
467,11,2023,9,6,13,3,5,3,1,1,0,0,0,0,0,0,8.789115356000025,53.074727721000045,Neustadt,Alte Neustadt
565,11,2023,9,3,15,3,3,7,1,0,0,0,0,0,0,0,8.80393480500004,53.07228505200004,Neustadt,Alte Neustadt
602,11,2023,8,4,16,3,3,6,1,0,0,0,0,0,0,0,8.801221067000029,53.07169897000006,Neustadt,Alte Neustadt
622,11,2023,8,7,17,3,5,3,1,1,0,0,0,0,0,1,8.795212568000068,53.073219538000046,Neustadt,Alte Neustadt
623,11,2023,8,7,13,2,5,3,1,1,0,0,0,0,0,0,8.799887828000067,53.07043824600004,Neustadt,Alte Neustadt
629,11,2023,8,6,13,3,3,2,1,1,0,0,0,0,0,0,8.79694999700007,53.076465219000056,Neustadt,Alte Neustadt
688,11,2023,7,7,13,3,4,6,1,1,0,0,0,0,0,0,8.79469804100006,53.07182017700006,Neustadt,Alte Neustadt
693,11,2023,7,3,13,3,4,6,1,1,0,0,0,0,0,0,8.795627635000073,53.07228188800008,Neustadt,Alte Neustadt
698,11,2023,7,7,15,2,5,3,1,0,0,0,0,0,0,0,8.80354017600007,53.07206508100006,Neustadt,Alte Neustadt
707,11,2023,7,5,23,2,4,6,1,0,0,0,0,0,2,1,8.797796467000069,53.06900082200008,Neustadt,Alte Neustadt
761,11,2023,6,5,17,3,6,4,1,0,1,0,0,0,0,1,8.795864634000054,53.07550411200003,Neustadt,Alte Neustadt
791,11,2023,6,4,13,3,0,7,1,0,0,0,0,0,0,0,8.80067979100005,53.07091718800007,Neustadt,Alte Neustadt
811,11,2023,6,1,14,3,4,6,1,0,0,1,0,0,0,0,8.804007476000038,53.07232785300005,Neustadt,Alte Neustadt
818,11,2023,6,6,19,3,1,7,1,1,0,0,0,0,0,0,8.80567092900003,53.07154335700005,Neustadt,Alte Neustadt
849,11,2023,6,6,14,3,5,3,1,1,0,0,0,0,0,0,8.787788144000046,53.07653553500006,Neustadt,Alte Neustadt
873,11,2023,6,3,21,3,5,2,1,1,0,0,0,0,2,0,8.786379193000073,53.07456678300008,Neustadt,Alte Neustadt
928,11,2023,5,5,13,3,5,3,1,1,0,0,0,0,0,0,8.791171459000054,53.07232536600003,Neustadt,Alte Neustadt
958,11,2023,12,3,16,3,0,2,1,1,0,0,0,0,1,0,8.80099029400003,53.07130895900008,Neustadt,Alte Neustadt
963,11,2023,12,2,9,3,5,2,1,1,0,0,0,0,0,1,8.797151272000065,53.07633555900003,Neustadt,Alte Neustadt
964,11,2023,12,2,17,3,5,3,1,0,0,0,0,1,2,1,8.797918259000028,53.07333557700008,Neustadt,Alte Neustadt
25,11,2016,2,6,13,3,5,3,1,1,0,0,0,0,0,0,8.877945722,53.101386713,Horn-Lehe,Lehe
38,11,2016,2,6,12,2,0,1,1,0,0,0,0,0,0,0,8.870184272,53.102140597,Horn-Lehe,Lehe
103,11,2016,2,3,19,3,0,3,1,1,0,0,0,0,2,1,8.864158638,53.099120124,Horn-Lehe,Lehe
122,11,2016,4,1,14,3,4,6,1,0,0,0,0,0,0,0,8.837167228,53.107344156,Horn-Lehe,Lehe
225,11,2016,4,7,23,3,0,1,1,0,0,0,0,0,2,0,8.881044393,53.102276665,Horn-Lehe,Lehe
243,11,2016,4,4,7,3,5,2,1,0,0,0,0,1,0,1,8.87904389,53.101399589,Horn-Lehe,Lehe
273,11,2016,5,5,14,3,4,6,1,0,0,0,0,0,0,0,8.848323219,53.113570257,Horn-Lehe,Lehe
277,11,2016,5,5,16,3,5,2,1,1,0,0,0,0,0,0,8.84554964,53.106315291,Horn-Lehe,Lehe
281,11,2016,5,5,15,3,2,6,1,0,0,0,0,0,0,0,8.85127516,53.104810029,Horn-Lehe,Lehe
301,11,2016,5,2,14,3,1,7,1,1,0,0,0,0,0,0,8.874525974,53.102248098,Horn-Lehe,Lehe
307,11,2016,5,2,11,3,5,3,1,0,0,0,0,1,0,0,8.852212814,53.111362239,Horn-Lehe,Lehe
355,11,2016,6,1,10,3,5,3,1,1,0,0,0,0,0,0,8.862526626,53.099287577,Horn-Lehe,Lehe
391,11,2016,6,3,8,3,1,5,1,1,0,0,0,0,0,0,8.872178687,53.098364094,Horn-Lehe,Lehe
392,11,2016,5,3,19,2,5,3,1,0,0,0,0,1,0,0,8.852735153,53.104547077,Horn-Lehe,Lehe
438,11,2016,6,5,18,3,5,3,1,0,0,0,0,0,0,0,8.831989089,53.108708432,Horn-Lehe,Lehe
445,11,2016,6,3,11,3,5,3,1,1,0,0,0,0,0,0,8.877933957,53.101386574,Horn-Lehe,Lehe
446,11,2016,6,3,16,1,3,6,1,0,0,0,0,0,0,0,8.872914173,53.100532923,Horn-Lehe,Lehe
465,11,2016,6,3,7,3,5,3,1,1,0,0,0,0,0,1,8.873800519,53.101297378,Horn-Lehe,Lehe
653,11,2016,7,1,12,3,7,1,1,0,0,0,0,1,0,0,8.832126864,53.108670507,Horn-Lehe,Lehe
654,11,2016,8,5,9,2,0,3,1,0,0,0,0,1,0,1,8.880177935,53.101501703,Horn-Lehe,Lehe
695,11,2016,8,2,15,3,0,1,1,0,0,0,0,0,0,1,8.853149551,53.1042719,Horn-Lehe,Lehe
702,11,2016,8,2,9,3,5,3,1,1,0,0,0,0,0,0,8.875247304,53.101368637,Horn-Lehe,Lehe
757,11,2016,9,6,17,3,5,3,1,1,0,0,0,0,0,0,8.883394173,53.100539235,Horn-Lehe,Lehe
785,11,2016,8,4,9,3,5,3,1,1,0,0,0,0,0,0,8.873966216,53.101336209,Horn-Lehe,Lehe
789,11,2016,9,3,9,3,3,6,1,1,0,0,0,0,0,0,8.859622973,53.102814678,Horn-Lehe,Lehe
895,11,2016,10,4,7,3,5,3,1,0,0,0,0,1,1,0,8.851267953,53.104811467,Horn-Lehe,Lehe
933,11,2016,11,3,17,3,5,3,1,1,0,0,0,0,1,1,8.878505499,53.101393278,Horn-Lehe,Lehe
971,11,2016,11,3,10,2,5,2,1,0,0,0,0,1,0,1,8.852612274,53.10444922,Horn-Lehe,Lehe
1036,11,2016,10,2,14,3,5,3,1,1,0,0,0,0,0,0,8.836550578,53.114971932,Horn-Lehe,Lehe
1057,11,2016,11,6,15,3,0,1,1,0,0,0,0,0,0,0,8.850788534,53.105571369,Horn-Lehe,Lehe
1077,11,2016,11,6,17,2,5,3,1,1,0,0,0,0,2,0,8.864695223,53.10629288,Horn-Lehe,Lehe
1082,11,2016,12,6,10,3,0,1,1,0,0,0,0,0,0,2,8.845539539,53.106292813,Horn-Lehe,Lehe
1171,11,2016,12,3,7,3,5,2,1,1,0,0,0,0,2,0,8.848363012,53.11007913,Horn-Lehe,Lehe
23,11,2017,1,2,14,2,3,6,1,1,0,0,0,0,0,1,8.861669449000033,53.09929393400006,Horn-Lehe,Lehe
24,11,2017,1,2,17,3,5,3,1,1,0,0,0,0,2,1,8.872660771000028,53.10512611300004,Horn-Lehe,Lehe
49,11,2017,1,4,15,3,4,7,1,1,0,0,0,0,0,1,8.880140719000053,53.10255444400008,Horn-Lehe,Lehe
54,11,2017,1,2,16,3,5,3,1,1,0,0,0,0,0,2,8.852215130000047,53.111364293000065,Horn-Lehe,Lehe
81,11,2017,1,2,7,3,5,3,1,1,0,0,0,0,2,1,8.862530587000037,53.09928721400007,Horn-Lehe,Lehe
89,11,2017,3,6,13,2,6,4,1,0,1,0,0,0,0,0,8.820469875000072,53.11201453500007,Horn-Lehe,Lehe
294,11,2017,4,2,22,3,5,2,1,0,0,0,0,0,2,0,8.873034688000075,53.10065777300008,Horn-Lehe,Lehe
341,11,2017,6,5,8,3,5,2,1,1,0,0,0,0,0,0,8.879470980000065,53.10138436600005,Horn-Lehe,Lehe
358,11,2017,6,3,15,3,1,5,1,1,0,0,0,0,0,1,8.857379326000057,53.10893305600007,Horn-Lehe,Lehe
437,11,2017,5,7,11,3,1,5,1,1,0,0,0,0,0,0,8.874067398000022,53.10420291600008,Horn-Lehe,Lehe
476,11,2017,5,6,10,3,5,3,1,1,0,0,0,0,0,1,8.858541772000024,53.11028585400004,Horn-Lehe,Lehe
490,11,2017,7,5,16,3,5,3,1,1,0,0,0,0,0,0,8.866429261000064,53.103693400000054,Horn-Lehe,Lehe
495,11,2017,7,4,15,2,3,7,1,0,0,0,0,0,0,0,8.863270864000071,53.09921148400008,Horn-Lehe,Lehe
622,11,2017,6,3,11,3,5,7,1,1,0,0,0,0,0,0,8.858281306000038,53.10285351400006,Horn-Lehe,Lehe
824,11,2017,8,4,19,3,5,3,1,1,0,0,0,0,0,0,8.86934569400006,53.098599844000034,Horn-Lehe,Lehe
832,11,2017,8,3,8,3,5,3,1,0,0,0,0,1,0,0,8.853923609000049,53.104111113000044,Horn-Lehe,Lehe
871,11,2017,11,2,13,3,5,3,1,1,0,0,0,0,0,0,8.858229747000053,53.10527071100006,Horn-Lehe,Lehe
906,11,2017,10,2,10,3,3,6,1,0,0,0,0,0,0,0,8.870799586000032,53.09848948500007,Horn-Lehe,Lehe
914,11,2017,9,6,11,2,5,3,1,1,0,0,0,0,0,0,8.88260546500004,53.10081010700003,Horn-Lehe,Lehe
931,11,2017,10,4,20,2,3,2,1,1,0,0,0,0,2,1,8.882558320000044,53.10082629600004,Horn-Lehe,Lehe
1012,11,2017,10,3,11,3,5,3,1,1,0,0,0,0,0,0,8.862523980000049,53.09928782000003,Horn-Lehe,Lehe
1022,11,2017,10,4,11,3,5,3,1,1,0,0,0,0,0,0,8.882517328000063,53.100840375000075,Horn-Lehe,Lehe
1072,11,2017,11,3,12,3,5,3,1,1,0,0,0,0,0,1,8.862509725000052,53.099289128000066,Horn-Lehe,Lehe
1091,11,2017,11,3,16,3,5,3,1,0,0,0,0,1,2,1,8.842897622000066,53.10603945500003,Horn-Lehe,Lehe
1108,11,2017,12,6,8,3,5,2,1,1,0,0,0,0,0,0,8.84790969200003,53.10574675600003,Horn-Lehe,Lehe
1143,11,2017,11,6,16,3,5,2,1,1,0,0,0,0,0,0,8.861718151000048,53.10282246400004,Horn-Lehe,Lehe
5,11,2018,1,2,16,3,3,6,1,1,0,0,0,0,0,1,8.873230337000052,53.10137267200008,Horn-Lehe,Lehe
43,11,2018,1,3,12,3,5,3,1,1,0,0,0,0,0,0,8.86165012500004,53.09929103500008,Horn-Lehe,Lehe
131,11,2018,3,2,11,3,5,3,1,1,0,0,0,0,0,0,8.881258657000046,53.10130423600003,Horn-Lehe,Lehe
172,11,2018,4,5,12,2,0,7,1,0,0,0,0,0,0,0,8.870119315000068,53.10217027200008,Horn-Lehe,Lehe
225,11,2018,4,6,8,3,5,3,1,0,0,0,0,1,0,0,8.851261452000074,53.10484017300007,Horn-Lehe,Lehe
257,11,2018,4,7,10,3,5,2,1,1,0,0,0,0,0,0,8.873848285000065,53.10125990000006,Horn-Lehe,Lehe
275,11,2018,3,5,7,3,5,3,1,1,0,0,0,0,0,1,8.876952378000055,53.101339333000055,Horn-Lehe,Lehe
477,11,2018,6,3,15,3,0,7,1,0,0,0,0,0,0,0,8.882244411000045,53.10097491800008,Horn-Lehe,Lehe
611,11,2018,6,5,9,3,5,2,1,1,0,0,0,0,0,0,8.860280124000042,53.102824858000076,Horn-Lehe,Lehe
707,11,2018,8,3,18,3,5,3,1,0,0,0,0,1,0,0,8.855941581000025,53.10349068200003,Horn-Lehe,Lehe
788,11,2018,8,5,17,3,5,3,1,1,0,0,0,0,0,0,8.866420709000067,53.098888798000075,Horn-Lehe,Lehe
847,11,2018,8,2,16,3,2,3,1,1,0,0,0,0,0,1,8.882919773000026,53.10071635000003,Horn-Lehe,Lehe
866,11,2018,8,5,8,3,5,3,1,1,0,0,0,0,0,1,8.864192100000025,53.099127242000066,Horn-Lehe,Lehe
896,11,2018,9,2,14,3,0,4,1,0,1,0,0,0,0,0,8.87958049100007,53.10153827000005,Horn-Lehe,Lehe
901,11,2018,9,3,10,2,0,7,1,0,0,0,0,0,0,0,8.870459881000045,53.09850184000004,Horn-Lehe,Lehe
955,11,2018,9,6,8,2,4,6,1,0,0,0,0,0,0,0,8.870726252000054,53.09847968200006,Horn-Lehe,Lehe
1054,11,2018,10,7,15,3,5,3,1,1,0,0,0,0,0,0,8.862503427000036,53.09928260500004,Horn-Lehe,Lehe
1138,11,2018,11,2,16,3,5,2,1,0,0,0,0,1,1,0,8.871036748000051,53.09869232800003,Horn-Lehe,Lehe
1161,11,2018,10,1,18,3,5,2,1,1,0,0,0,0,2,0,8.862477385000034,53.10676647100007,Horn-Lehe,Lehe
1179,11,2018,10,6,11,3,5,2,1,1,0,0,0,0,0,0,8.88222255100004,53.100982972000054,Horn-Lehe,Lehe
1219,11,2018,12,2,15,3,0,2,1,1,0,0,0,0,0,1,8.880992078000077,53.10142826600003,Horn-Lehe,Lehe
1271,11,2018,12,5,16,3,0,3,1,1,0,0,0,0,1,1,8.865912660000049,53.09894911300006,Horn-Lehe,Lehe
1276,11,2018,12,4,7,3,4,2,1,1,0,0,0,0,1,1,8.870969270000046,53.09845934500004,Horn-Lehe,Lehe
1281,11,2018,12,2,8,3,0,7,1,0,0,0,0,0,0,1,8.871001802000023,53.09843230100006,Horn-Lehe,Lehe
46,11,2019,1,5,17,3,0,1,1,0,0,0,0,0,2,0,8.870672640000066,53.09848414100003,Horn-Lehe,Lehe
51,11,2019,2,5,11,3,5,3,1,0,0,0,0,0,0,0,8.874145790000057,53.10129541100008,Horn-Lehe,Lehe
116,11,2019,3,2,19,3,5,3,1,1,0,0,0,0,2,1,8.882661305000056,53.10081622400003,Horn-Lehe,Lehe
150,11,2019,2,1,22,3,8,7,1,1,0,0,0,0,2,0,8.87753093200007,53.09780239200006,Horn-Lehe,Lehe
166,11,2019,4,2,17,2,9,1,1,1,0,0,0,0,0,0,8.871800449000034,53.099476638000056,Horn-Lehe,Lehe
194,11,2019,4,4,16,3,0,1,1,0,0,0,0,0,0,1,8.873432623000042,53.10133900100004,Horn-Lehe,Lehe
203,11,2019,4,2,16,1,5,3,1,0,0,0,0,1,0,0,8.852783095000063,53.10449966300007,Horn-Lehe,Lehe
232,11,2019,3,5,12,3,5,3,1,1,0,0,0,0,0,0,8.880250075000049,53.10173055200005,Horn-Lehe,Lehe
263,11,2019,3,5,14,3,5,3,1,1,0,0,0,0,0,0,8.862264969000023,53.102823123000064,Horn-Lehe,Lehe
274,11,2019,3,2,17,3,5,2,1,1,0,0,0,0,0,1,8.880476200000032,53.10160724800005,Horn-Lehe,Lehe
366,11,2019,5,6,14,3,6,4,1,0,1,0,0,0,0,0,8.846525280000037,53.10609104900004,Horn-Lehe,Lehe
374,11,2019,5,4,5,3,1,7,1,1,0,0,0,0,1,0,8.871839660000035,53.098372880000056,Horn-Lehe,Lehe
378,11,2019,4,3,14,3,3,6,1,1,0,0,0,0,0,0,8.864135262000048,53.10255054900006,Horn-Lehe,Lehe
486,11,2019,6,6,22,3,1,5,1,0,0,0,0,1,2,0,8.868490090000023,53.09868456800007,Horn-Lehe,Lehe
497,11,2019,6,4,15,3,3,2,1,1,0,0,0,0,0,1,8.861637316000042,53.09930055500007,Horn-Lehe,Lehe
517,11,2019,6,5,17,3,5,7,1,0,0,0,0,0,0,0,8.880681786000025,53.10164110000005,Horn-Lehe,Lehe
548,11,2019,5,4,13,3,5,7,1,1,0,0,0,0,0,0,8.859135030000061,53.11100604100005,Horn-Lehe,Lehe
584,11,2019,8,6,17,3,5,2,1,1,0,0,0,0,0,1,8.861689340000055,53.09936578800006,Horn-Lehe,Lehe
621,11,2019,7,2,16,3,6,7,1,0,1,0,0,0,0,0,8.867852870000036,53.103229843000065,Horn-Lehe,Lehe
731,11,2019,9,3,16,3,5,3,1,0,0,0,0,0,0,0,8.859442922000028,53.10046371200008,Horn-Lehe,Lehe
743,11,2019,9,2,9,3,0,1,1,0,0,0,0,0,0,0,8.868732119000072,53.09866100200003,Horn-Lehe,Lehe
777,11,2019,9,5,7,3,0,1,1,1,0,0,0,0,0,0,8.865921229000037,53.10078524800008,Horn-Lehe,Lehe
784,11,2019,9,4,19,3,5,3,1,1,0,0,0,0,2,1,8.874266808000073,53.101296829000034,Horn-Lehe,Lehe
814,11,2019,8,5,11,3,5,3,1,1,0,0,0,0,0,0,8.883073343000035,53.10065700900003,Horn-Lehe,Lehe
815,11,2019,8,5,8,2,5,3,1,1,0,0,0,0,0,1,8.873776290000023,53.10132411400008,Horn-Lehe,Lehe
820,11,2019,8,4,16,3,4,6,1,0,0,0,0,0,0,0,8.86165025500003,53.09929093800008,Horn-Lehe,Lehe
833,11,2019,9,6,17,3,0,7,1,0,0,0,0,0,0,1,8.87024905900006,53.10211992200004,Horn-Lehe,Lehe
880,11,2019,8,4,18,3,0,1,1,0,0,0,0,0,0,1,8.86904650200006,53.10262507600004,Horn-Lehe,Lehe
990,11,2019,10,5,10,3,0,7,1,0,0,0,0,0,0,0,8.881382894000069,53.10261160600004,Horn-Lehe,Lehe
992,11,2019,10,5,17,2,4,6,1,0,0,0,0,0,0,0,8.873019569000064,53.10074745800006,Horn-Lehe,Lehe
997,11,2019,10,5,17,3,5,3,1,1,0,0,0,0,0,1,8.839230334000035,53.10677638000004,Horn-Lehe,Lehe
1002,11,2019,11,5,17,3,5,2,1,1,0,0,0,0,2,1,8.858231390000071,53.105023886000026,Horn-Lehe,Lehe
1012,11,2019,10,3,10,3,3,6,1,1,0,0,0,0,0,0,8.877931918000058,53.10142593900008,Horn-Lehe,Lehe
1072,11,2019,11,2,15,3,5,2,1,1,0,0,0,0,0,0,8.862254060000055,53.10282311000003,Horn-Lehe,Lehe
1083,11,2019,11,3,15,2,5,3,1,1,0,0,0,0,2,1,8.86164833600003,53.09929236500005,Horn-Lehe,Lehe
1161,11,2019,11,6,16,2,5,3,1,1,0,0,0,0,1,1,8.862112340000067,53.09932256700006,Horn-Lehe,Lehe
1163,11,2019,11,6,11,3,5,3,1,1,0,0,0,0,0,1,8.880519261000074,53.10162176300008,Horn-Lehe,Lehe
21,11,2020,1,4,9,2,5,3,1,1,0,0,0,0,0,1,8.863734856000065,53.10632571600007,Horn-Lehe,Lehe
45,11,2020,1,4,19,3,5,3,1,1,0,0,0,0,2,1,8.85816752900007,53.105056484000045,Horn-Lehe,Lehe
51,11,2020,2,2,8,3,6,4,1,0,1,0,0,0,0,1,8.880672016000062,53.10167895600006,Horn-Lehe,Lehe
98,11,2020,1,6,9,3,5,2,1,1,0,0,0,0,0,0,8.862372164000021,53.102823252000064,Horn-Lehe,Lehe
128,11,2020,1,6,16,3,0,7,1,0,0,0,0,1,1,1,8.86242648600006,53.10894657400007,Horn-Lehe,Lehe
309,11,2020,6,6,12,3,5,3,1,1,0,0,0,0,0,0,8.877907445000062,53.101425866000056,Horn-Lehe,Lehe
391,11,2020,6,3,18,3,5,3,1,1,0,0,0,0,0,0,8.861635328000034,53.09930203200008,Horn-Lehe,Lehe
585,11,2020,8,4,11,2,0,7,1,0,0,0,0,0,0,1,8.88081663500003,53.10154860400007,Horn-Lehe,Lehe
716,11,2020,9,2,12,3,0,6,1,0,1,0,0,0,0,0,8.882140217000028,53.10101330400005,Horn-Lehe,Lehe
742,11,2020,10,2,5,3,5,3,1,1,0,0,0,0,2,1,8.861647811000068,53.09929275500008,Horn-Lehe,Lehe
761,11,2020,10,4,19,3,5,3,1,1,0,0,0,0,2,1,8.880749612000045,53.10172289800005,Horn-Lehe,Lehe
771,11,2020,10,3,14,2,3,2,1,0,0,0,0,1,0,0,8.88083128300002,53.10176914700003,Horn-Lehe,Lehe
914,11,2020,10,2,7,3,0,3,1,1,0,0,0,0,0,1,8.87474787800005,53.10125540900003,Horn-Lehe,Lehe
951,11,2020,12,3,14,3,4,6,1,1,0,0,0,0,0,1,8.86257800900006,53.099323696000056,Horn-Lehe,Lehe
979,11,2020,12,2,15,3,5,3,1,1,0,0,0,0,2,1,8.880669365000074,53.10167745400008,Horn-Lehe,Lehe
1016,11,2020,11,5,16,3,4,6,1,1,0,0,0,0,1,1,8.864457901000037,53.09942976600007,Horn-Lehe,Lehe
1017,11,2020,10,5,11,3,0,1,1,0,0,0,0,0,0,0,8.879817982000077,53.10160442800003,Horn-Lehe,Lehe
1064,11,2020,10,4,7,3,5,2,1,0,0,0,0,0,0,1,8.871780968000053,53.10185336600006,Horn-Lehe,Lehe
1083,11,2020,11,2,5,3,5,2,1,1,0,0,0,0,2,0,8.880685605000053,53.10168665100008,Horn-Lehe,Lehe
11,11,2021,5,5,14,3,5,3,1,1,0,0,0,0,0,0,8.880370218000053,53.101571524000065,Horn-Lehe,Lehe
128,11,2021,7,2,16,3,0,7,1,1,0,0,0,0,0,0,8.88080178100006,53.10155879300004,Horn-Lehe,Lehe
164,11,2021,7,3,12,3,5,2,1,1,0,0,0,0,0,0,8.862525943000037,53.106783964000044,Horn-Lehe,Lehe
247,11,2021,6,5,9,3,6,7,1,0,1,0,0,0,0,0,8.860579948000066,53.10282389200006,Horn-Lehe,Lehe
297,11,2021,7,6,14,3,0,7,1,0,0,0,0,0,0,0,8.870932605000064,53.10377888900007,Horn-Lehe,Lehe
358,11,2021,5,2,10,3,3,2,1,1,0,0,0,0,0,0,8.871068354000045,53.098450021000076,Horn-Lehe,Lehe
382,11,2021,6,1,15,3,5,3,1,0,0,0,0,0,0,0,8.832925225000054,53.10845073400003,Horn-Lehe,Lehe
581,11,2021,12,2,13,3,5,3,1,0,0,0,0,1,0,0,8.852767766000056,53.104504775000066,Horn-Lehe,Lehe
666,11,2021,12,2,9,3,5,3,1,1,0,0,0,0,0,1,8.881864850000056,53.09734778900008,Horn-Lehe,Lehe
677,11,2021,8,4,6,3,5,2,1,1,0,0,0,0,0,0,8.87117287500007,53.09843956800006,Horn-Lehe,Lehe
750,11,2021,8,7,22,3,3,6,1,0,0,0,0,0,2,0,8.839115119000041,53.10680579000007,Horn-Lehe,Lehe
782,11,2021,9,5,10,2,5,3,1,1,0,0,0,0,0,0,8.871719847000065,53.10183211600008,Horn-Lehe,Lehe
832,11,2021,11,6,8,3,5,3,1,1,0,0,0,0,0,1,8.87105086400004,53.09870646100006,Horn-Lehe,Lehe
890,11,2021,9,4,18,3,0,7,1,0,0,0,0,0,0,1,8.862922769000022,53.09924120800008,Horn-Lehe,Lehe
87,11,2022,2,3,7,3,5,3,1,1,0,0,0,0,0,0,8.86166101100002,53.099282944,Horn-Lehe,Lehe
88,11,2022,3,1,16,3,5,3,1,1,0,0,0,0,0,0,8.86164213000006,53.0992969770001,Horn-Lehe,Lehe
222,11,2022,7,5,8,2,0,7,1,1,0,0,0,0,0,0,8.88220809700005,53.1009882970001,Horn-Lehe,Lehe
277,11,2022,6,2,11,3,5,3,1,1,0,0,0,0,0,0,8.83642687900004,53.107554242,Horn-Lehe,Lehe
323,11,2022,6,2,20,2,4,2,1,1,0,0,0,0,1,0,8.86643925700002,53.1036633480001,Horn-Lehe,Lehe
480,11,2022,6,7,12,3,5,3,1,1,0,0,0,0,0,0,8.87260817000003,53.102681046,Horn-Lehe,Lehe
488,11,2022,6,4,20,3,5,3,1,1,0,0,0,0,1,0,8.87521329900005,53.1013131240001,Horn-Lehe,Lehe
545,11,2022,5,3,8,3,5,3,1,1,0,0,0,0,0,0,8.86119025500005,53.108528397,Horn-Lehe,Lehe
619,11,2022,10,2,7,2,6,4,1,0,1,0,0,0,1,0,8.88119128200003,53.1021658020001,Horn-Lehe,Lehe
672,11,2022,9,2,17,3,5,3,1,1,0,0,0,0,0,0,8.85280118000003,53.104378706,Horn-Lehe,Lehe
722,11,2022,10,5,17,3,5,2,1,1,0,0,0,0,0,0,8.86250237800004,53.1067754740001,Horn-Lehe,Lehe
723,11,2022,8,5,10,3,2,6,1,1,0,0,0,0,0,0,8.87210710500005,53.098346135,Horn-Lehe,Lehe
731,11,2022,10,2,8,3,5,2,1,1,0,0,0,0,0,0,8.85003343000005,53.112042435,Horn-Lehe,Lehe
816,11,2022,8,6,11,3,2,2,1,1,0,0,0,0,0,1,8.87366933900006,53.1013263300001,Horn-Lehe,Lehe
823,11,2022,11,4,11,3,0,3,1,0,0,0,0,1,0,0,8.86732871200007,53.09881892,Horn-Lehe,Lehe
827,11,2022,10,5,9,3,5,3,1,0,0,0,0,1,0,0,8.85055961700004,53.111886392,Horn-Lehe,Lehe
867,11,2022,9,5,18,3,1,6,1,0,0,0,0,1,0,0,8.87075585100007,53.0984772190001,Horn-Lehe,Lehe