,UKREIS,UJAHR,UMONAT,UWOCHENTAG,USTUNDE,UKATEGORIE,UART,UTYP1,IstRad,IstPKW,IstFuss,IstKrad,IstGkfz,IstSonstig,ULICHTVERH,STRZUSTAND,longitude,latitude,Stadtteil,Ortsteil
870,11,2022,12,7,21,3,5,2,1,1,0,0,0,0,2,0,8.87792915600005,53.1014259310001,Horn-Lehe,Lehe
941,11,2022,9,4,15,3,1,7,1,1,0,0,0,0,0,0,8.87181287200002,53.1055262730001,Horn-Lehe,Lehe
1024,11,2022,8,4,16,3,5,3,1,0,0,0,0,1,0,0,8.85942865200008,53.1004846230001,Horn-Lehe,Lehe
1031,11,2022,10,6,15,3,1,5,1,1,0,0,0,0,0,0,8.87237942000007,53.1048439790001,Horn-Lehe,Lehe
1046,11,2022,11,3,12,3,5,2,1,1,0,0,0,0,0,0,8.86973895700004,53.0985629620001,Horn-Lehe,Lehe
108,11,2023,4,4,6,3,4,6,1,0,0,0,0,1,0,0,8.868637756000055,53.104319685000064,Horn-Lehe,Lehe
116,11,2023,4,1,6,3,4,6,1,1,0,0,0,0,0,0,8.871250284000041,53.098906115000034,Horn-Lehe,Lehe
141,11,2023,5,4,15,3,5,3,1,1,0,0,0,0,0,0,8.862487526000052,53.09928423000008,Horn-Lehe,Lehe
157,11,2023,4,4,12,3,5,3,1,0,0,0,0,1,0,0,8.859454852000056,53.100446230000045,Horn-Lehe,Lehe
259,11,2023,2,4,8,3,5,2,1,1,0,0,0,0,0,0,8.861673625000037,53.09927357000004,Horn-Lehe,Lehe
279,11,2023,1,3,15,3,5,3,1,1,0,0,0,0,0,1,8.854894069000068,53.102464722000036,Horn-Lehe,Lehe
351,11,2023,11,7,8,3,5,3,1,1,0,0,0,0,0,1,8.873638679000067,53.10128266500004,Horn-Lehe,Lehe
400,11,2023,10,3,9,3,5,3,1,1,0,0,0,0,0,1,8.848699169000042,53.10305473100004,Horn-Lehe,Lehe
413,11,2023,10,3,11,3,5,3,1,1,0,0,0,0,0,0,8.87477199600005,53.10128017200003,Horn-Lehe,Lehe
415,11,2023,10,3,17,3,5,2,1,1,0,0,0,0,0,0,8.859407205000025,53.102752930000065,Horn-Lehe,Lehe
474,11,2023,9,5,18,3,5,3,1,0,1,0,0,0,0,0,8.880150899000057,53.102623797000035,Horn-Lehe,Lehe
503,11,2023,9,4,10,3,4,6,1,0,0,0,0,0,0,0,8.848130337000043,53.10570788800004,Horn-Lehe,Lehe
519,11,2023,9,6,15,3,2,6,1,0,0,0,0,0,0,0,8.835229395000056,53.10786660600007,Horn-Lehe,Lehe
679,11,2023,7,4,12,3,5,3,1,0,0,0,0,1,0,0,8.852815178000071,53.104669182000066,Horn-Lehe,Lehe
691,11,2023,7,5,15,2,0,7,1,0,0,0,0,0,0,0,8.882238157000074,53.10097722200004,Horn-Lehe,Lehe
839,11,2023,6,3,15,3,5,3,1,1,0,0,0,0,0,0,8.862529321000068,53.09927995900006,Horn-Lehe,Lehe
907,11,2023,5,4,5,3,0,7,1,0,0,0,0,0,1,0,8.88276238800006,53.10077716400008,Horn-Lehe,Lehe
28,11,2016,2,2,13,3,0,1,1,0,0,0,0,0,0,1,8.71435687,53.182078147,Burglesum,Burgdamm
128,11,2016,4,1,20,2,0,1,1,0,0,0,0,0,2,0,8.703137511,53.162087334,Burglesum,Burgdamm
130,11,2016,4,4,16,3,5,3,1,1,0,0,0,0,0,0,8.717234463,53.172910747,Burglesum,Burgdamm
139,11,2016,4,2,10,3,5,3,1,1,0,0,0,0,0,0,8.702148538,53.168182758,Burglesum,Burgdamm
175,11,2016,3,5,16,3,8,1,1,0,0,0,0,0,0,0,8.702028919,53.173133958,Burglesum,Burgdamm
193,11,2016,3,4,12,2,5,3,1,1,0,0,0,0,0,0,8.704928727,53.171046871,Burglesum,Burgdamm
278,11,2016,5,2,18,3,0,1,1,0,0,0,0,0,0,0,8.724668935,53.176679808,Burglesum,Burgdamm
289,11,2016,5,3,9,3,0,7,1,0,0,0,1,0,0,0,8.704627273,53.171353105,Burglesum,Burgdamm
319,11,2016,5,5,18,3,6,7,1,0,1,0,0,0,0,0,8.702167964,53.168491022,Burglesum,Burgdamm
330,11,2016,5,5,15,3,5,3,1,1,0,0,0,0,0,0,8.705369578,53.174375495,Burglesum,Burgdamm
338,11,2016,4,2,10,3,5,3,1,1,0,0,0,0,0,1,8.717515719,53.17627378,Burglesum,Burgdamm
415,11,2016,7,6,17,3,0,1,1,0,0,0,0,0,0,1,8.732628768,53.172806636,Burglesum,Burgdamm
419,11,2016,6,4,14,3,1,1,1,1,0,0,0,0,0,0,8.703012009,53.171805553,Burglesum,Burgdamm
452,11,2016,7,5,18,2,5,3,1,1,0,0,0,0,0,1,8.710113707,53.17488984,Burglesum,Burgdamm
540,11,2016,7,6,20,3,5,3,1,0,0,0,0,0,1,1,8.704910751,53.171039857,Burglesum,Burgdamm
612,11,2016,7,2,8,3,5,2,1,1,0,0,0,0,0,0,8.702132439,53.167995647,Burglesum,Burgdamm
1007,11,2016,10,5,6,3,6,4,1,0,1,0,0,0,2,1,8.702511393,53.170102808,Burglesum,Burgdamm
235,11,2017,4,2,16,3,5,3,1,1,0,0,0,0,0,1,8.716129042000034,53.17823056600008,Burglesum,Burgdamm
323,11,2017,6,3,13,3,5,3,1,1,0,0,0,0,0,0,8.713841629000058,53.17071829400004,Burglesum,Burgdamm
386,11,2017,5,4,16,3,0,1,1,0,0,0,0,0,0,0,8.702730041000052,53.16832903000005,Burglesum,Burgdamm
462,11,2017,5,3,13,3,5,3,1,1,0,0,0,0,0,1,8.717266535000022,53.17292340000006,Burglesum,Burgdamm
474,11,2017,5,7,12,3,2,7,1,1,0,0,0,0,0,0,8.707971238000027,53.17642486300008,Burglesum,Burgdamm
1099,11,2017,12,2,7,2,2,6,1,1,0,0,0,0,0,2,8.716736051000055,53.17743462200008,Burglesum,Burgdamm
320,11,2018,5,2,17,3,5,3,1,1,0,0,0,0,0,0,8.70248400500003,53.17002592700004,Burglesum,Burgdamm
371,11,2018,5,2,18,2,5,2,1,1,0,0,0,0,0,0,8.711477824000042,53.168428110000036,Burglesum,Burgdamm
431,11,2018,5,7,13,3,1,7,1,1,0,0,0,0,0,0,8.707190139000033,53.17059820500003,Burglesum,Burgdamm
467,11,2018,6,6,18,3,5,3,1,1,0,0,0,0,0,0,8.71768379200006,53.176031968000075,Burglesum,Burgdamm
538,11,2018,6,6,12,3,5,3,1,1,0,0,0,0,0,0,8.702887787000066,53.171096498000054,Burglesum,Burgdamm
560,11,2018,6,5,8,3,5,3,1,1,0,0,0,0,0,0,8.711070248000055,53.16830642800005,Burglesum,Burgdamm
591,11,2018,6,2,15,3,5,3,1,1,0,0,0,0,0,0,8.700752038000076,53.16792699600006,Burglesum,Burgdamm
688,11,2018,7,3,13,3,2,6,1,0,0,0,0,0,0,0,8.705675937000024,53.174125598000046,Burglesum,Burgdamm
758,11,2018,8,4,7,3,5,3,1,1,0,0,0,0,0,0,8.716139248000047,53.17821715400004,Burglesum,Burgdamm
772,11,2018,8,6,11,2,5,3,1,1,0,0,0,0,0,0,8.703006023000057,53.17132843500008,Burglesum,Burgdamm
791,11,2018,8,4,9,2,5,3,1,1,0,0,0,0,0,0,8.718133120000061,53.17542117100004,Burglesum,Burgdamm
970,11,2018,9,6,12,3,4,6,1,1,0,0,0,0,0,0,8.720428682000033,53.17287646600005,Burglesum,Burgdamm
1154,11,2018,12,4,9,3,3,2,1,1,0,0,0,0,0,1,8.712750405000065,53.16985490700006,Burglesum,Burgdamm
1211,11,2018,11,2,15,3,0,6,1,0,0,0,1,0,0,1,8.707513681000023,53.17156468100006,Burglesum,Burgdamm
3,11,2019,11,7,23,2,5,3,1,1,0,0,0,0,2,1,8.714133018000041,53.18022764600005,Burglesum,Burgdamm
267,11,2019,3,4,5,3,5,3,1,1,0,0,0,0,2,1,8.711754670000062,53.17361571400005,Burglesum,Burgdamm
310,11,2019,5,5,15,3,1,5,1,1,0,0,0,0,0,1,8.709615991000021,53.17536957900006,Burglesum,Burgdamm
667,11,2019,7,7,11,3,5,3,1,1,0,0,0,0,0,1,8.716135720000068,53.178221790000066,Burglesum,Burgdamm
712,11,2019,7,3,18,3,0,2,1,1,0,0,0,0,0,0,8.70343374600003,53.16073723100004,Burglesum,Burgdamm
800,11,2019,8,7,16,3,5,2,1,1,0,0,0,0,0,0,8.702493974000049,53.16766862600008,Burglesum,Burgdamm
826,11,2019,9,7,10,3,0,7,1,0,0,0,0,0,0,1,8.700897919000056,53.16788964300008,Burglesum,Burgdamm
301,11,2020,5,2,13,2,0,7,1,0,0,0,0,0,0,0,8.70636046900006,53.17525249900007,Burglesum,Burgdamm
319,11,2020,5,3,13,3,5,3,1,1,0,0,0,0,0,0,8.702039697000032,53.167708005000065,Burglesum,Burgdamm
495,11,2020,6,5,13,3,5,3,1,1,0,0,0,0,0,0,8.729712733000042,53.17824086200005,Burglesum,Burgdamm
509,11,2020,8,1,14,3,2,6,1,1,0,0,0,0,0,0,8.70745138500007,53.16127161000003,Burglesum,Burgdamm
609,11,2020,7,3,10,2,4,2,1,1,0,0,0,0,0,0,8.714407951000055,53.18017343900004,Burglesum,Burgdamm
802,11,2020,10,6,18,3,5,2,1,1,0,0,0,0,0,0,8.703975168000056,53.15813482600004,Burglesum,Burgdamm
119,11,2021,4,4,17,3,3,2,1,1,0,0,0,0,0,0,8.701906731000065,53.16770983500004,Burglesum,Burgdamm
155,11,2021,3,3,16,2,8,1,1,0,0,0,0,0,0,0,8.716525742000044,53.18179672400004,Burglesum,Burgdamm
185,11,2021,5,2,6,3,5,2,1,1,0,0,0,0,0,0,8.70215537200005,53.16770641200003,Burglesum,Burgdamm
367,11,2021,7,4,9,3,5,3,1,1,0,0,0,0,0,0,8.716143910000028,53.17821102800008,Burglesum,Burgdamm
636,11,2021,12,2,9,3,4,3,1,1,0,0,0,0,0,0,8.70707087900007,53.17159108700008,Burglesum,Burgdamm
853,11,2021,10,5,12,3,4,1,1,0,0,0,0,0,0,0,8.713448498000048,53.18072390800006,Burglesum,Burgdamm
871,11,2021,11,2,14,3,6,4,1,0,1,0,0,0,0,0,8.728805074000036,53.178072505000046,Burglesum,Burgdamm
5,11,2022,9,2,7,3,0,3,1,1,0,0,0,0,1,1,8.71429777300006,53.1801401550001,Burglesum,Burgdamm
109,11,2022,5,3,7,3,5,3,1,1,0,0,0,0,0,0,8.70754895200002,53.1645728400001,Burglesum,Burgdamm
266,11,2022,1,5,16,3,0,2,1,1,0,0,0,0,0,1,8.70368760400004,53.1724454000001,Burglesum,Burgdamm
375,11,2022,6,7,13,3,5,2,1,1,0,0,0,0,0,0,8.70397516800006,53.158134826,Burglesum,Burgdamm
584,11,2022,6,2,14,3,5,3,1,1,0,0,0,0,0,0,8.70370092500002,53.172465034,Burglesum,Burgdamm
681,11,2022,12,2,16,3,3,6,1,1,0,0,0,0,1,1,8.71248454100004,53.1694699650001,Burglesum,Burgdamm
863,11,2022,8,4,15,3,3,2,1,1,0,0,0,0,0,0,8.70401641000007,53.1578994050001,Burglesum,Burgdamm
949,11,2022,12,3,12,3,5,3,1,0,0,0,0,0,0,0,8.70763850000003,53.1762102970001,Burglesum,Burgdamm
1063,11,2022,8,3,18,3,2,6,1,1,0,0,0,0,0,0,8.70194568800002,53.1677092990001,Burglesum,Burgdamm
70,11,2023,5,4,13,3,0,7,1,0,0,0,0,0,0,0,8.703259721000052,53.161920198000075,Burglesum,Burgdamm
380,11,2023,11,4,14,3,0,7,1,0,0,0,0,0,0,1,8.702453431000038,53.16993325900006,Burglesum,Burgdamm
445,11,2023,11,3,20,3,5,2,1,1,0,0,0,0,2,1,8.714323625000077,53.18013436400008,Burglesum,Burgdamm
461,11,2023,10,2,12,3,0,3,1,1,0,0,0,0,0,0,8.703045676000045,53.17132916300005,Burglesum,Burgdamm
563,11,2023,9,3,17,3,5,3,1,1,0,0,0,0,0,0,8.71948393100007,53.17378991900006,Burglesum,Burgdamm
675,11,2023,7,7,13,3,3,2,1,1,0,0,0,0,0,0,8.702253417000065,53.16769547100006,Burglesum,Burgdamm
966,11,2023,12,7,14,3,6,7,1,0,1,0,0,0,0,0,8.713284907000059,53.18082939000004,Burglesum,Burgdamm
29,11,2016,3,6,12,3,5,3,1,1,0,0,0,0,0,0,8.750082588,53.125848633,Gröpelingen,Ohlenhof
369,11,2016,4,5,15,3,0,7,1,1,0,0,0,0,0,0,8.757907691,53.121362608,Gröpelingen,Ohlenhof
406,11,2016,5,2,7,3,5,3,1,1,0,0,0,0,0,0,8.758826879,53.119225521,Gröpelingen,Ohlenhof
541,11,2016,6,5,18,3,3,6,1,0,0,0,0,0,0,0,8.751972898,53.122103877,Gröpelingen,Ohlenhof
550,11,2016,7,2,13,3,5,3,1,1,0,0,0,0,0,0,8.757905614,53.122920688,Gröpelingen,Ohlenhof
772,11,2016,9,6,16,3,5,3,1,1,0,0,0,0,0,0,8.754795907,53.119762067,Gröpelingen,Ohlenhof
861,11,2016,9,2,18,3,5,2,1,1,0,0,0,0,1,0,8.756948953,53.11792513,Gröpelingen,Ohlenhof
886,11,2016,9,1,17,3,5,3,1,1,0,0,0,0,0,0,8.755681807,53.118894814,Gröpelingen,Ohlenhof
1061,11,2016,11,6,8,3,5,3,1,1,0,0,0,0,0,0,8.754778603,53.119754091,Gröpelingen,Ohlenhof
301,11,2017,3,6,16,3,5,3,1,1,0,0,0,0,0,0,8.760935286000063,53.12355843800003,Gröpelingen,Ohlenhof
389,11,2017,5,3,15,3,4,1,1,0,0,0,0,0,0,1,8.755725096000049,53.11885837900007,Gröpelingen,Ohlenhof
445,11,2017,5,6,7,3,0,7,1,1,0,0,0,0,0,0,8.756883763000076,53.12578013000007,Gröpelingen,Ohlenhof
534,11,2017,7,6,15,3,5,3,1,1,0,0,0,0,0,0,8.74880749700003,53.12488157400003,Gröpelingen,Ohlenhof
558,11,2017,7,6,8,3,0,7,1,0,0,0,0,0,0,0,8.75280616300006,53.121392273000026,Gröpelingen,Ohlenhof
696,11,2017,8,3,13,3,0,2,1,1,0,0,0,0,0,0,8.755269744000032,53.12767216000003,Gröpelingen,Ohlenhof
868,11,2017,11,7,10,3,6,6,1,0,1,0,0,0,0,1,8.747888085000056,53.12571120500007,Gröpelingen,Ohlenhof
916,11,2017,10,6,13,3,5,3,1,1,0,0,0,0,0,1,8.755534477000026,53.12476496200003,Gröpelingen,Ohlenhof
1087,11,2017,11,3,7,3,5,3,1,0,0,0,0,1,1,0,8.751971746000038,53.12210489700004,Gröpelingen,Ohlenhof
41,11,2018,1,2,11,2,5,3,1,1,0,0,0,0,0,0,8.750272589000076,53.12646333400005,Gröpelingen,Ohlenhof
349,11,2018,5,1,15,3,7,7,1,0,0,0,0,1,0,0,8.751365510000028,53.12974204600005,Gröpelingen,Ohlenhof
354,11,2018,5,3,14,3,1,7,1,1,0,0,0,0,0,0,8.751393914000062,53.12575232300003,Gröpelingen,Ohlenhof
513,11,2018,6,4,17,3,5,3,1,1,0,0,0,0,0,0,8.757827883000061,53.12299784600003,Gröpelingen,Ohlenhof
541,11,2018,7,2,16,3,0,7,1,0,0,0,0,0,0,0,8.759492891000036,53.12521086100003,Gröpelingen,Ohlenhof
555,11,2018,6,7,13,3,5,3,1,1,0,0,0,0,0,0,8.753341729000056,53.12091973200006,Gröpelingen,Ohlenhof
567,11,2018,7,2,19,3,5,3,1,1,0,0,0,0,0,0,8.756382334000023,53.11842556000005,Gröpelingen,Ohlenhof
657,11,2018,8,5,11,3,6,7,1,0,1,0,0,0,0,0,8.756170653000027,53.12522360200006,Gröpelingen,Ohlenhof
711,11,2018,7,1,17,3,5,3,1,1,0,0,0,0,0,0,8.760548726000025,53.12286467700005,Gröpelingen,Ohlenhof
782,11,2018,7,5,22,3,5,3,1,1,0,0,0,0,2,0,8.748458768000035,53.12515801100005,Gröpelingen,Ohlenhof
806,11,2018,8,2,12,3,5,3,1,1,0,0,0,0,0,0,8.753758628000071,53.123433625000075,Gröpelingen,Ohlenhof
834,11,2018,7,7,8,3,5,3,1,1,0,0,0,0,0,0,8.75166160300006,53.122342668000044,Gröpelingen,Ohlenhof
842,11,2018,7,6,14,3,5,3,1,1,0,0,0,0,0,0,8.752014787000064,53.12211109900005,Gröpelingen,Ohlenhof
846,11,2018,7,5,13,3,5,3,1,1,0,0,0,0,0,0,8.750121991000071,53.12589783300007,Gröpelingen,Ohlenhof
885,11,2018,9,1,17,3,5,3,1,1,0,0,0,0,0,0,8.76141328500006,53.12324029800004,Gröpelingen,Ohlenhof
939,11,2018,9,6,17,3,5,3,1,1,0,0,0,0,0,0,8.755381816000067,53.119147300000066,Gröpelingen,Ohlenhof
1191,11,2018,11,4,15,3,5,3,1,1,0,0,0,0,0,0,8.747222726000075,53.12624488900008,Gröpelingen,Ohlenhof
393,11,2019,4,5,9,3,5,3,1,1,0,0,0,0,0,0,8.754086141000073,53.12198080500008,Gröpelingen,Ohlenhof
399,11,2019,4,3,13,3,3,3,1,1,0,0,0,0,0,0,8.75392230600005,53.12040746500003,Gröpelingen,Ohlenhof
770,11,2019,9,7,12,3,5,2,1,0,0,1,0,0,0,0,8.752902198000072,53.12278734300003,Gröpelingen,Ohlenhof
891,11,2019,9,3,19,3,3,6,1,0,0,0,0,0,1,0,8.759687803000077,53.12514346700004,Gröpelingen,Ohlenhof
926,11,2019,11,6,8,3,5,2,1,1,0,0,0,0,0,0,8.759499369000025,53.11995186900003,Gröpelingen,Ohlenhof
950,11,2019,10,6,14,3,3,6,1,1,0,0,0,0,0,0,8.747196597000027,53.126266989000044,Gröpelingen,Ohlenhof
951,11,2019,10,6,14,3,6,7,1,0,1,0,0,0,0,0,8.755788979000044,53.124581625000076,Gröpelingen,Ohlenhof
952,11,2019,10,6,14,3,5,3,1,1,0,0,0,0,0,0,8.751788547000046,53.12223032500003,Gröpelingen,Ohlenhof
975,11,2019,10,6,8,2,0,7,1,0,0,0,0,0,0,1,8.755479212000068,53.119962989000044,Gröpelingen,Ohlenhof
980,11,2019,10,6,17,3,5,3,1,1,0,0,0,0,1,0,8.753568164000058,53.123304888000064,Gröpelingen,Ohlenhof
989,11,2019,11,7,16,2,0,7,1,0,0,0,0,0,1,0,8.753700346000073,53.12338996900007,Gröpelingen,Ohlenhof
1103,11,2019,12,4,11,3,5,3,1,1,0,0,0,0,0,0,8.755378577000045,53.11915002600006,Gröpelingen,Ohlenhof
81,11,2020,1,2,11,3,5,3,1,1,0,0,0,0,0,1,8.758324985000058,53.12154641600006,Gröpelingen,Ohlenhof
127,11,2020,1,2,17,3,0,7,1,0,0,0,0,1,1,0,8.753250946000037,53.12841083300003,Gröpelingen,Ohlenhof
200,11,2020,3,4,17,3,2,7,1,1,0,0,0,0,0,1,8.756324910000046,53.12415553100004,Gröpelingen,Ohlenhof
385,11,2020,6,6,12,3,3,6,1,0,0,0,0,0,0,0,8.74846169500006,53.125155447000054,Gröpelingen,Ohlenhof
395,11,2020,5,2,11,3,5,3,1,1,0,0,0,0,0,0,8.75349529600004,53.123254994000035,Gröpelingen,Ohlenhof
486,11,2020,6,6,8,3,4,6,1,1,0,0,0,0,0,0,8.754461838000054,53.12395690900007,Gröpelingen,Ohlenhof
514,11,2020,8,3,2,3,0,7,1,0,0,0,0,0,2,1,8.753830478000054,53.12048849000007,Gröpelingen,Ohlenhof
538,11,2020,8,6,8,3,4,6,1,1,0,0,0,0,0,0,8.748906224000052,53.12495444100006,Gröpelingen,Ohlenhof
637,11,2020,7,4,18,3,0,3,1,0,0,0,0,0,0,0,8.751816640000072,53.12914943200008,Gröpelingen,Ohlenhof
820,11,2020,10,2,8,3,0,3,1,1,0,0,0,0,0,0,8.75412384200007,53.12708381600004,Gröpelingen,Ohlenhof
867,11,2020,9,7,23,3,0,7,1,1,0,0,0,0,0,1,8.75336002900002,53.120903586000054,Gröpelingen,Ohlenhof
891,11,2020,9,6,15,3,4,6,1,1,0,0,0,0,0,0,8.755127455000036,53.11990164400004,Gröpelingen,Ohlenhof
893,11,2020,10,6,7,3,5,2,1,1,0,0,0,0,0,1,8.759736390000057,53.12428138000007,Gröpelingen,Ohlenhof
974,11,2020,10,6,14,3,4,7,1,1,0,0,0,0,0,1,8.755490063000025,53.12023677600007,Gröpelingen,Ohlenhof
4,11,2021,1,3,14,3,0,7,1,0,0,0,0,0,0,0,8.757785605000038,53.12297625000008,Gröpelingen,Ohlenhof
75,11,2021,2,6,10,3,5,2,1,1,0,0,0,0,0,0,8.751923988000044,53.12211046200008,Gröpelingen,Ohlenhof
168,11,2021,6,5,12,3,0,6,1,1,0,0,0,0,0,0,8.765102760000048,53.124245915000074,Gröpelingen,Ohlenhof
316,11,2021,6,4,15,3,5,3,1,1,0,0,0,0,0,0,8.754753510000057,53.11974696900006,Gröpelingen,Ohlenhof
396,11,2021,5,2,18,3,5,3,1,1,0,0,0,0,0,1,8.75010626300002,53.12587695900004,Gröpelingen,Ohlenhof
429,11,2021,3,3,14,3,5,3,1,1,0,0,0,0,0,1,8.748807716000044,53.124853561000066,Gröpelingen,Ohlenhof
649,11,2021,9,2,16,3,5,3,1,1,0,0,0,0,0,0,8.754823742000042,53.119788397000036,Gröpelingen,Ohlenhof
856,11,2021,8,5,13,2,5,3,1,1,0,0,0,0,0,0,8.761277719000077,53.123323181000046,Gröpelingen,Ohlenhof
166,11,2022,2,4,16,3,5,3,1,0,0,0,0,1,0,1,8.75343880500003,53.1232122220001,Gröpelingen,Ohlenhof
417,11,2022,7,3,16,3,5,7,1,1,0,0,0,0,0,0,8.75898592300007,53.1192862710001,Gröpelingen,Ohlenhof
441,11,2022,7,3,19,3,5,3,1,1,0,0,0,0,0,0,8.75008748600004,53.1258526940001,Gröpelingen,Ohlenhof
1018,11,2022,8,3,18,3,5,3,1,1,0,0,0,0,0,0,8.75535419900007,53.1191705430001,Gröpelingen,Ohlenhof
139,11,2023,4,7,18,3,5,3,1,1,0,0,0,0,0,0,8.754780937000021,53.11976314800006,Gröpelingen,Ohlenhof
161,11,2023,4,2,17,3,5,3,1,1,0,0,0,0,0,0,8.76124214300006,53.12331926200005,Gröpelingen,Ohlenhof
238,11,2023,2,7,22,3,5,3,1,1,0,0,0,0,2,1,8.756360287000064,53.11841750000008,Gröpelingen,Ohlenhof
271,11,2023,2,7,12,3,5,3,1,1,0,0,0,0,0,0,8.755735750000042,53.124911713000074,Gröpelingen,Ohlenhof
580,11,2023,8,4,14,3,5,2,1,1,0,0,0,0,0,0,8.751977733000047,53.122063670000045,Gröpelingen,Ohlenhof
1004,11,2023,11,2,9,3,5,2,1,1,0,0,0,0,0,1,8.748831505000055,53.124900893000074,Gröpelingen,Ohlenhof
30,11,2016,2,3,15,3,5,3,1,1,0,0,0,0,0,1,8.875541387,53.062067344,Hemelingen,Hastedt
48,11,2016,1,2,16,2,0,1,1,0,0,0,0,0,1,1,8.871147347,53.061774517,Hemelingen,Hastedt
81,11,2016,2,3,8,3,5,3,1,1,0,0,0,0,0,0,8.867779119,53.072669373,Hemelingen,Hastedt
149,11,2016,4,4,14,2,5,2,1,1,0,0,0,0,0,0,8.856585417,53.071355158,Hemelingen,Hastedt
178,11,2016,4,7,13,3,5,2,1,1,0,0,0,0,0,0,8.860624644,53.066172923,Hemelingen,Hastedt
179,11,2016,3,2,14,3,5,3,1,1,0,0,0,0,0,0,8.880964898,53.064490035,Hemelingen,Hastedt
213,11,2016,3,2,7,3,2,7,1,0,0,0,0,1,0,0,8.867994968,53.06959393,Hemelingen,Hastedt
218,11,2016,3,5,16,3,5,3,1,0,0,0,0,0,0,0,8.862881653,53.065278698,Hemelingen,Hastedt
299,11,2016,5,5,13,3,5,3,1,0,0,0,0,1,0,0,8.871058598,53.067089672,Hemelingen,Hastedt
326,11,2016,5,5,9,3,4,2,1,1,0,0,0,0,0,0,8.860761835,53.066156954,Hemelingen,Hastedt
360,11,2016,6,7,13,3,5,3,1,1,0,0,0,0,0,0,8.856877414,53.072419522,Hemelingen,Hastedt
363,11,2016,5,4,15,3,1,1,1,1,0,0,0,0,0,0,8.860375132,53.065109588,Hemelingen,Hastedt
379,11,2016,5,4,8,3,5,3,1,1,0,0,0,0,0,0,8.866094249,53.070292791,Hemelingen,Hastedt
487,11,2016,6,2,11,3,5,3,1,1,0,0,0,0,0,0,8.863403468,53.068424397,Hemelingen,Hastedt
517,11,2016,6,2,10,3,3,6,1,0,0,0,0,1,0,0,8.866464506,53.066905185,Hemelingen,Hastedt
599,11,2016,8,6,7,3,1,5,1,1,0,0,0,0,0,0,8.866744036,53.070145039,Hemelingen,Hastedt
687,11,2016,8,2,19,2,5,3,1,1,0,0,0,0,0,0,8.867286943,53.06990895,Hemelingen,Hastedt
691,11,2016,8,7,12,3,5,2,1,1,0,0,0,0,0,0,8.853544711,53.064832079,Hemelingen,Hastedt
696,11,2016,8,5,7,3,4,3,1,0,0,0,0,0,0,0,8.863046102,53.071430211,Hemelingen,Hastedt
731,11,2016,8,6,16,3,3,6,1,0,0,0,0,0,0,0,8.853551223,53.064846837,Hemelingen,Hastedt
752,11,2016,9,5,13,3,5,3,1,0,0,1,0,0,0,0,8.872446106,53.063127631,Hemelingen,Hastedt
765,11,2016,9,6,11,3,1,1,1,0,0,0,0,1,0,0,8.872205784,53.064131244,Hemelingen,Hastedt
928,11,2016,10,5,18,2,0,1,1,0,0,0,0,0,1,1,8.863794017,53.064898962,Hemelingen,Hastedt
983,11,2016,10,5,15,3,5,3,1,1,0,0,0,0,0,0,8.873253809,53.067168044,Hemelingen,Hastedt
1000,11,2016,10,6,15,3,5,2,1,1,0,0,0,0,0,0,8.856903633,53.0726742,Hemelingen,Hastedt
1005,11,2016,10,5,13,3,0,2,1,0,0,0,0,1,0,1,8.86482143,53.07086104,Hemelingen,Hastedt
1020,11,2016,10,2,11,3,5,3,1,1,0,0,0,0,0,0,8.872321865,53.067339602,Hemelingen,Hastedt
1100,11,2016,11,5,19,3,5,3,1,1,0,0,0,0,2,1,8.8567152,53.071394091,Hemelingen,Hastedt
1173,11,2016,12,6,6,3,5,3,1,1,0,0,0,0,1,1,8.879708037,53.06073661,Hemelingen,Hastedt
29,11,2017,1,6,5,3,5,3,1,1,0,0,0,0,2,0,8.87572646600006,53.062000510000075,Hemelingen,Hastedt
64,11,2017,1,3,6,3,5,3,1,1,0,0,0,0,2,1,8.856590599000072,53.07136736100006,Hemelingen,Hastedt
142,11,2017,3,2,15,3,5,2,1,1,0,0,0,0,0,1,8.87543054300005,53.06190690400007,Hemelingen,Hastedt
219,11,2017,4,6,12,3,5,3,1,1,0,0,0,0,0,0,8.862971556000048,53.071448788000055,Hemelingen,Hastedt
240,11,2017,4,6,23,2,5,3,1,1,0,0,0,0,2,1,8.853992670000025,53.06610842200007,Hemelingen,Hastedt
293,11,2017,4,2,14,3,5,2,1,1,0,0,0,0,0,0,8.867988987000047,53.07293794800006,Hemelingen,Hastedt
357,11,2017,6,3,6,3,5,3,1,1,0,0,0,0,0,0,8.85659277600007,53.071372491000034,Hemelingen,Hastedt
448,11,2017,5,6,14,3,3,2,1,0,0,0,0,0,0,0,8.864964159000067,53.06687494500005,Hemelingen,Hastedt
454,11,2017,5,4,19,3,0,1,1,0,0,0,0,0,0,0,8.856124802000068,53.066795796000065,Hemelingen,Hastedt
498,11,2017,7,2,15,3,0,7,1,1,0,0,0,0,0,0,8.857509287000028,53.066607445000045,Hemelingen,Hastedt
522,11,2017,7,2,10,3,5,2,1,1,0,0,0,0,0,0,8.862872324000023,53.07147351700007,Hemelingen,Hastedt
535,11,2017,7,6,5,2,5,2,1,1,0,0,0,0,0,0,8.86996748200005,53.06186273800006,Hemelingen,Hastedt
568,11,2017,7,4,9,3,5,3,1,1,0,0,0,0,0,0,8.872445167000024,53.06312661100003,Hemelingen,Hastedt
591,11,2017,7,2,15,3,5,3,1,1,0,0,0,0,0,0,8.854811064000046,53.06770681900008,Hemelingen,Hastedt