,UKREIS,UJAHR,UMONAT,UWOCHENTAG,USTUNDE,UKATEGORIE,UART,UTYP1,IstRad,IstPKW,IstFuss,IstKrad,IstGkfz,IstSonstig,ULICHTVERH,STRZUSTAND,longitude,latitude,Stadtteil,Ortsteil
749,11,2017,8,3,7,3,5,3,1,1,0,0,0,0,0,0,8.864821430000063,53.07086104000007,Hemelingen,Hastedt
763,11,2017,8,2,22,3,5,2,1,0,0,0,0,0,2,0,8.863844908000033,53.06278625200008,Hemelingen,Hastedt
773,11,2017,8,7,16,3,5,3,1,0,0,0,0,0,0,0,8.85771001300003,53.06658158600004,Hemelingen,Hastedt
877,11,2017,11,6,7,3,1,5,1,1,0,0,0,0,0,1,8.86702149000007,53.070026846000076,Hemelingen,Hastedt
899,11,2017,10,3,13,2,0,1,1,0,0,0,0,0,0,0,8.882562561000043,53.063615739000056,Hemelingen,Hastedt
953,11,2017,10,7,15,3,0,7,1,0,0,0,0,1,0,1,8.873870005000072,53.06450410900004,Hemelingen,Hastedt
975,11,2017,10,3,16,3,5,3,1,1,0,0,0,0,0,0,8.864261938000027,53.06270569800006,Hemelingen,Hastedt
983,11,2017,9,3,14,3,5,3,1,1,0,0,0,0,0,0,8.874773486000038,53.061230411000054,Hemelingen,Hastedt
1037,11,2017,11,4,17,3,5,2,1,1,0,0,0,0,2,0,8.863017667000065,53.071437297000045,Hemelingen,Hastedt
1101,11,2017,11,7,17,3,5,7,1,1,0,0,0,0,0,0,8.863564067000027,53.071360913000035,Hemelingen,Hastedt
1139,11,2017,12,3,9,3,5,3,1,1,0,0,0,0,0,0,8.874516345000075,53.06097997200004,Hemelingen,Hastedt
1165,11,2017,12,1,16,3,0,1,1,0,0,0,0,0,0,1,8.869343221000065,53.06701102900007,Hemelingen,Hastedt
1168,11,2017,11,3,10,3,5,3,1,1,0,0,0,0,0,0,8.861946100000068,53.071690028000035,Hemelingen,Hastedt
54,11,2018,1,5,21,3,0,1,1,0,0,0,0,0,2,1,8.87085184700004,53.067090859000075,Hemelingen,Hastedt
61,11,2018,2,4,7,3,5,2,1,1,0,0,0,0,1,0,8.863419385000043,53.06843806200004,Hemelingen,Hastedt
63,11,2018,2,3,10,3,2,6,1,0,0,0,0,0,0,0,8.882612763000054,53.06370006600008,Hemelingen,Hastedt
74,11,2018,3,4,14,3,6,4,1,0,1,0,0,0,0,0,8.86741879400006,53.06598690800007,Hemelingen,Hastedt
82,11,2018,3,2,16,3,5,2,1,1,0,0,0,0,0,0,8.862549948000037,53.067639608000036,Hemelingen,Hastedt
160,11,2018,4,6,10,3,5,3,1,1,0,0,0,0,0,1,8.85958314000004,53.07219018100005,Hemelingen,Hastedt
162,11,2018,4,6,11,2,5,3,1,1,0,0,0,0,0,0,8.867990145000022,53.07293937500003,Hemelingen,Hastedt
200,11,2018,4,3,18,2,0,7,1,0,0,0,0,0,0,0,8.865638231000048,53.06655723700004,Hemelingen,Hastedt
227,11,2018,4,2,14,3,5,3,1,1,0,0,0,0,0,0,8.85902840500006,53.07230733100005,Hemelingen,Hastedt
233,11,2018,4,5,16,3,5,3,1,1,0,0,0,0,0,1,8.882521759000042,53.06367941700006,Hemelingen,Hastedt
251,11,2018,4,1,0,3,3,6,1,0,1,0,0,0,2,0,8.871912374000033,53.06689188000007,Hemelingen,Hastedt
305,11,2018,6,7,17,3,5,3,1,1,0,0,0,0,0,0,8.868217671000025,53.06194058500006,Hemelingen,Hastedt
307,11,2018,5,4,8,3,4,6,1,0,0,1,0,0,0,0,8.852619314000037,53.06050469200005,Hemelingen,Hastedt
309,11,2018,5,6,15,2,5,3,1,1,0,0,0,0,0,0,8.864423816000055,53.06698099100004,Hemelingen,Hastedt
335,11,2018,5,3,19,3,5,3,1,0,0,0,0,1,0,0,8.88104118700005,53.06105966000007,Hemelingen,Hastedt
430,11,2018,5,1,12,2,0,7,1,0,0,0,0,0,0,0,8.86270084900002,53.06535287000003,Hemelingen,Hastedt
461,11,2018,5,6,17,3,6,4,1,0,1,0,0,0,0,0,8.87078668600003,53.06468844700004,Hemelingen,Hastedt
478,11,2018,6,7,18,3,4,6,1,0,0,0,0,0,0,0,8.860923537000076,53.06338723400006,Hemelingen,Hastedt
481,11,2018,6,6,11,3,5,2,1,1,0,0,0,0,0,0,8.853830148000043,53.06571276500006,Hemelingen,Hastedt
485,11,2018,6,7,18,2,5,3,1,1,0,0,0,0,0,0,8.879071916000044,53.06507172500005,Hemelingen,Hastedt
492,11,2018,6,4,14,3,5,7,1,1,0,0,0,0,0,0,8.871628540000074,53.06227655200007,Hemelingen,Hastedt
549,11,2018,6,2,11,3,5,3,1,1,0,0,0,0,0,0,8.85876311100003,53.07236335400006,Hemelingen,Hastedt
557,11,2018,6,7,18,3,5,2,1,1,0,0,0,0,0,0,8.853631620000044,53.06487338200003,Hemelingen,Hastedt
564,11,2018,6,4,17,3,0,1,1,0,0,0,0,0,0,0,8.869411074000027,53.06701667600004,Hemelingen,Hastedt
565,11,2018,7,6,15,3,5,3,1,1,0,0,0,0,0,0,8.856585559000052,53.07135794000004,Hemelingen,Hastedt
586,11,2018,6,6,14,3,4,6,1,0,0,0,0,0,0,0,8.867192962000047,53.062140029000034,Hemelingen,Hastedt
622,11,2018,7,1,14,3,0,7,1,0,0,0,0,0,0,0,8.864165823000064,53.068901700000026,Hemelingen,Hastedt
646,11,2018,8,3,20,3,0,6,1,0,1,0,0,0,0,0,8.880479121000064,53.059824623000054,Hemelingen,Hastedt
674,11,2018,8,4,7,2,5,2,1,1,0,0,0,0,0,0,8.874160360000076,53.06685717000005,Hemelingen,Hastedt
730,11,2018,7,5,18,2,5,3,1,1,0,0,0,0,0,0,8.865093827000067,53.06678939500006,Hemelingen,Hastedt
765,11,2018,8,3,5,3,5,3,1,1,0,0,0,0,1,1,8.868524533000027,53.06694205000008,Hemelingen,Hastedt
785,11,2018,8,3,14,3,5,3,1,1,0,0,0,0,0,0,8.871044512000026,53.06463150900004,Hemelingen,Hastedt
810,11,2018,7,2,19,3,5,3,1,1,0,0,0,0,0,0,8.854041641000038,53.06610081400004,Hemelingen,Hastedt
828,11,2018,7,7,14,3,1,5,1,1,0,0,0,0,0,0,8.87180756400005,53.06246332500007,Hemelingen,Hastedt
875,11,2018,10,2,5,3,1,5,1,1,0,0,0,0,2,1,8.87437514000004,53.06330464300004,Hemelingen,Hastedt
990,11,2018,9,3,14,2,5,3,1,0,0,0,0,1,0,0,8.871961733000035,53.06713391200003,Hemelingen,Hastedt
1031,11,2018,10,6,7,3,5,2,1,1,0,0,0,0,0,0,8.854505681000035,53.06700811700006,Hemelingen,Hastedt
1083,11,2018,12,5,7,3,0,1,1,0,0,0,0,0,1,1,8.861747657000024,53.067924324000046,Hemelingen,Hastedt
1226,11,2018,10,3,17,3,1,5,1,1,0,0,0,0,0,0,8.878528111000037,53.06530285600007,Hemelingen,Hastedt
41,11,2019,1,1,16,3,1,5,1,1,0,0,0,0,1,1,8.878603635000047,53.06467834100005,Hemelingen,Hastedt
180,11,2019,4,2,16,3,5,3,1,1,0,0,0,0,2,0,8.864742553000042,53.07094020000005,Hemelingen,Hastedt
183,11,2019,4,1,16,3,3,6,1,0,0,0,0,0,0,0,8.866165181000042,53.06230896200003,Hemelingen,Hastedt
230,11,2019,3,5,17,3,5,2,1,1,0,0,0,0,0,0,8.875422890000038,53.061897112000054,Hemelingen,Hastedt
269,11,2019,4,4,10,3,3,7,1,1,0,0,0,0,0,0,8.875674336000031,53.066162914000074,Hemelingen,Hastedt
292,11,2019,5,4,19,3,5,2,1,1,0,0,0,0,0,0,8.860868139000047,53.06339875400005,Hemelingen,Hastedt
298,11,2019,5,1,12,3,1,5,1,1,0,0,0,0,0,0,8.861018546000025,53.06649207700008,Hemelingen,Hastedt
334,11,2019,5,7,15,3,4,6,1,0,0,0,0,0,0,0,8.867925462000073,53.061427939000055,Hemelingen,Hastedt
357,11,2019,5,2,9,3,5,3,1,1,0,0,0,0,0,0,8.870179145000066,53.06399433400003,Hemelingen,Hastedt
412,11,2019,7,2,9,3,1,3,1,0,0,0,0,0,0,0,8.870304824000073,53.06488049600006,Hemelingen,Hastedt
476,11,2019,6,1,20,3,5,2,1,1,0,0,0,0,0,1,8.85913879100002,53.06370777700005,Hemelingen,Hastedt
558,11,2019,6,6,22,2,4,6,1,0,0,0,0,0,2,0,8.876493698000047,53.06598702800005,Hemelingen,Hastedt
562,11,2019,8,4,16,2,5,2,1,1,0,0,0,0,0,0,8.85655434000006,53.071352395000076,Hemelingen,Hastedt
563,11,2019,8,4,16,2,4,6,1,0,0,0,0,0,0,0,8.857644746000062,53.06989720300004,Hemelingen,Hastedt
648,11,2019,7,2,16,3,5,2,1,1,0,0,0,0,0,0,8.871455046000051,53.06662626200006,Hemelingen,Hastedt
655,11,2019,7,5,13,3,5,2,1,1,0,0,0,0,0,0,8.86664289600003,53.062228074000075,Hemelingen,Hastedt
672,11,2019,7,6,14,3,5,3,1,1,0,0,0,0,0,0,8.854500409000025,53.06700216200005,Hemelingen,Hastedt
698,11,2019,7,5,20,3,4,6,1,0,0,0,0,0,0,0,8.852781333000053,53.06140367900008,Hemelingen,Hastedt
775,11,2019,9,6,15,3,0,3,1,0,0,0,0,0,0,0,8.86266538700005,53.06771661200003,Hemelingen,Hastedt
778,11,2019,9,5,9,3,5,2,1,0,0,0,0,1,0,0,8.867884424000067,53.06207327000004,Hemelingen,Hastedt
781,11,2019,9,5,17,3,5,3,1,1,0,0,0,0,0,0,8.855136021000021,53.068432107000035,Hemelingen,Hastedt
789,11,2019,9,4,7,3,5,3,1,1,0,0,0,0,0,0,8.863710917000049,53.07128221700003,Hemelingen,Hastedt
812,11,2019,8,5,8,3,1,5,1,1,0,0,0,0,0,1,8.878892982000025,53.06492729200005,Hemelingen,Hastedt
827,11,2019,8,4,9,3,5,3,1,1,0,0,0,0,0,0,8.874436628000069,53.06666652700005,Hemelingen,Hastedt
854,11,2019,9,5,8,3,1,5,1,1,0,0,0,0,0,1,8.860720514000036,53.07026692000005,Hemelingen,Hastedt
873,11,2019,8,5,12,3,1,5,1,1,0,0,0,0,0,0,8.864334671000051,53.06447631600008,Hemelingen,Hastedt
874,11,2019,8,5,8,3,0,7,1,0,0,0,0,0,0,0,8.85655689300006,53.071358616000055,Hemelingen,Hastedt
910,11,2019,11,3,7,3,5,3,1,1,0,0,0,0,0,1,8.858035193000035,53.072510847000046,Hemelingen,Hastedt
944,11,2019,10,3,12,3,5,2,1,1,0,0,0,0,0,0,8.875029357000074,53.06225246900004,Hemelingen,Hastedt
958,11,2019,10,4,7,3,5,2,1,1,0,0,0,0,0,0,8.85809125700007,53.06948123500007,Hemelingen,Hastedt
1000,11,2019,11,5,18,3,5,2,1,1,0,0,0,0,2,1,8.856935558000032,53.07268701900006,Hemelingen,Hastedt
1011,11,2019,11,5,17,3,5,3,1,1,0,0,0,0,2,0,8.868054693000033,53.072957451000036,Hemelingen,Hastedt
1024,11,2019,10,6,17,2,1,5,1,1,0,0,0,0,1,0,8.858586714000069,53.06851985900005,Hemelingen,Hastedt
1028,11,2019,10,5,10,3,5,3,1,1,0,0,0,0,0,1,8.863026561000027,53.07147456200005,Hemelingen,Hastedt
1036,11,2019,10,4,13,3,5,3,1,1,0,0,0,0,0,0,8.870197119000068,53.06398811400004,Hemelingen,Hastedt
1076,11,2019,11,2,14,3,5,3,1,0,0,0,0,1,0,0,8.867430056000046,53.066896936000035,Hemelingen,Hastedt
1099,11,2019,12,5,14,2,5,3,1,1,0,0,0,0,0,0,8.872456567000029,53.06314041200005,Hemelingen,Hastedt
1164,11,2019,11,6,16,2,5,2,1,1,0,0,0,0,2,1,8.867501626000035,53.06984746400008,Hemelingen,Hastedt
1165,11,2019,11,6,7,3,4,2,1,1,0,0,0,0,1,0,8.863793436000037,53.07125571600005,Hemelingen,Hastedt
24,11,2020,2,3,13,3,5,2,1,1,0,0,0,0,0,0,8.868851023000047,53.06194906300004,Hemelingen,Hastedt
50,11,2020,2,7,1,3,0,7,1,0,0,0,0,0,2,0,8.86349277100004,53.065024347000076,Hemelingen,Hastedt
96,11,2020,1,2,8,2,5,3,1,1,0,0,0,0,0,0,8.856186514000058,53.07048713000006,Hemelingen,Hastedt
121,11,2020,2,3,14,3,5,3,1,1,0,0,0,0,0,1,8.880491671000073,53.06097873500005,Hemelingen,Hastedt
172,11,2020,4,4,13,3,6,4,1,0,1,0,0,0,0,0,8.876976375000027,53.06334120200006,Hemelingen,Hastedt
204,11,2020,4,2,6,3,5,3,1,0,0,0,0,1,0,0,8.860904159000029,53.06339126300003,Hemelingen,Hastedt
224,11,2020,3,2,6,3,5,2,1,1,0,0,0,0,2,0,8.853543215000059,53.06482870200006,Hemelingen,Hastedt
232,11,2020,3,4,12,3,5,3,1,1,0,0,0,0,0,0,8.870633601000065,53.06705762100006,Hemelingen,Hastedt
239,11,2020,4,4,13,3,3,2,1,1,0,0,0,0,0,0,8.856191799000044,53.070535981000035,Hemelingen,Hastedt
273,11,2020,4,4,13,3,5,2,1,1,0,0,0,0,0,0,8.872434915000042,53.06311782200004,Hemelingen,Hastedt
306,11,2020,7,7,4,3,0,1,1,0,0,0,0,0,1,0,8.852643029000035,53.06070914700007,Hemelingen,Hastedt
347,11,2020,5,6,8,3,5,3,1,0,0,0,0,0,0,0,8.865760649000038,53.066520197000045,Hemelingen,Hastedt
428,11,2020,6,3,12,3,5,3,1,1,0,0,0,0,0,0,8.872450603000061,53.063185557000054,Hemelingen,Hastedt
437,11,2020,5,5,16,3,6,4,1,0,1,0,0,0,0,0,8.852579767000066,53.060049434000064,Hemelingen,Hastedt
450,11,2020,6,2,6,2,5,2,1,0,0,0,0,1,0,0,8.867536278000046,53.07233388000003,Hemelingen,Hastedt
455,11,2020,7,5,8,3,5,2,1,1,0,0,0,0,0,1,8.868021648000024,53.07293490700005,Hemelingen,Hastedt
519,11,2020,8,3,15,3,5,3,1,1,0,0,0,0,0,0,8.863025408000055,53.071474866000074,Hemelingen,Hastedt
550,11,2020,7,6,18,3,6,7,1,0,1,0,0,0,0,0,8.852567503000046,53.05989086300008,Hemelingen,Hastedt
582,11,2020,8,4,11,3,5,3,1,1,0,0,0,0,0,0,8.856559610000033,53.071365239000045,Hemelingen,Hastedt
603,11,2020,7,4,13,3,3,6,1,0,0,0,0,0,0,0,8.856417007000061,53.06675602800004,Hemelingen,Hastedt
613,11,2020,7,5,7,3,5,3,1,1,0,0,0,0,0,1,8.87305126900003,53.06701239800003,Hemelingen,Hastedt
662,11,2020,8,5,13,3,5,3,1,1,0,0,0,0,0,0,8.87342890900004,53.06699621900003,Hemelingen,Hastedt
694,11,2020,8,4,15,3,5,2,1,1,0,0,0,0,0,0,8.854482783000037,53.06700427700008,Hemelingen,Hastedt
703,11,2020,7,2,16,2,5,3,1,0,0,1,0,0,0,0,8.866658402000041,53.06222544800005,Hemelingen,Hastedt
774,11,2020,9,4,16,3,0,7,1,0,0,0,0,0,0,0,8.880627615000037,53.06037472200006,Hemelingen,Hastedt
791,11,2020,9,3,9,3,5,6,1,1,0,0,0,0,0,0,8.856940226000063,53.07273156800005,Hemelingen,Hastedt
1056,11,2020,11,4,14,3,5,3,1,1,0,0,0,0,0,0,8.871639986000048,53.06228849300004,Hemelingen,Hastedt
1080,11,2020,11,3,14,3,4,2,1,1,0,0,0,0,0,0,8.866623122000021,53.06223142200008,Hemelingen,Hastedt
44,11,2021,1,3,12,3,5,2,1,1,0,0,0,0,0,1,8.868209414000034,53.06192609800007,Hemelingen,Hastedt
76,11,2021,7,6,20,3,5,3,1,0,0,0,0,0,0,0,8.871064571000034,53.06690678900003,Hemelingen,Hastedt
79,11,2021,1,2,12,3,0,1,1,0,0,0,0,0,0,1,8.882325735000052,53.06372246500007,Hemelingen,Hastedt
84,11,2021,7,5,17,3,0,7,1,0,1,0,0,0,0,1,8.867736557000057,53.07257164100008,Hemelingen,Hastedt
112,11,2021,6,3,16,3,0,7,1,0,0,0,0,0,0,0,8.853353264000077,53.06430918400008,Hemelingen,Hastedt
117,11,2021,7,5,13,3,5,3,1,1,0,0,0,0,0,0,8.858298313000034,53.07246151000004,Hemelingen,Hastedt
139,11,2021,6,7,17,3,1,1,1,1,0,0,0,0,0,1,8.866286614000046,53.06386271800005,Hemelingen,Hastedt
160,11,2021,7,2,16,3,5,2,1,1,0,0,0,0,0,0,8.872446916000058,53.06313034400006,Hemelingen,Hastedt
174,11,2021,7,6,11,3,5,3,1,1,0,0,0,0,0,0,8.870247756000026,53.06485454400007,Hemelingen,Hastedt
190,11,2021,2,4,12,3,5,3,1,1,0,0,0,0,0,0,8.864971009000044,53.071567248000065,Hemelingen,Hastedt
225,11,2021,6,1,14,3,0,7,1,0,0,0,0,0,0,0,8.866135685000074,53.06392703800003,Hemelingen,Hastedt
282,11,2021,6,2,16,3,5,3,1,1,0,0,0,0,0,0,8.872444915000074,53.06312825700007,Hemelingen,Hastedt
343,11,2021,6,3,17,3,5,2,1,1,0,0,0,0,0,0,8.875400170000034,53.06211829800003,Hemelingen,Hastedt
440,11,2021,1,3,12,3,4,2,1,1,0,0,0,0,0,1,8.85693535400003,53.07268604500007,Hemelingen,Hastedt
451,11,2021,7,2,8,3,0,1,1,0,0,0,0,0,0,0,8.88220242400007,53.06376748800005,Hemelingen,Hastedt
452,11,2021,3,6,7,3,0,1,1,0,0,0,0,0,0,0,8.881945347000055,53.06392657400005,Hemelingen,Hastedt
464,11,2021,1,3,18,3,1,5,1,1,0,0,0,0,2,1,8.876878758000032,53.061789805000046,Hemelingen,Hastedt
515,11,2021,8,2,18,3,5,3,1,1,0,0,0,0,0,0,8.875739517000056,53.06221545600005,Hemelingen,Hastedt
645,11,2021,9,2,7,2,5,3,1,1,0,0,0,0,0,0,8.862939785000037,53.062967926000056,Hemelingen,Hastedt
700,11,2021,12,5,12,3,1,7,1,1,0,0,0,0,0,1,8.877236788000062,53.06165603200003,Hemelingen,Hastedt
705,11,2021,9,4,17,3,4,6,1,1,0,0,0,0,0,0,8.870143765000023,53.06184767700006,Hemelingen,Hastedt
711,11,2021,12,2,14,3,5,3,1,1,0,0,0,0,0,0,8.85693906900002,53.07270381500007,Hemelingen,Hastedt
19,11,2022,6,6,23,3,1,5,1,1,0,0,0,0,2,0,8.86932216000002,53.0670139360001,Hemelingen,Hastedt
42,11,2022,3,4,21,3,0,7,1,0,0,0,0,0,2,0,8.85930083700003,53.0688668130001,Hemelingen,Hastedt
71,11,2022,4,6,18,3,6,4,1,0,1,0,0,0,0,0,8.85331069000006,53.0641548350001,Hemelingen,Hastedt
79,11,2022,2,2,13,3,0,7,1,0,0,0,0,1,0,0,8.87570329600004,53.066189539,Hemelingen,Hastedt
160,11,2022,4,6,11,3,1,7,1,1,0,0,0,0,0,0,8.86484812100002,53.0644635510001,Hemelingen,Hastedt
161,11,2022,5,3,13,3,5,3,1,1,0,0,0,0,0,0,8.85717720200006,53.072661898,Hemelingen,Hastedt
212,11,2022,4,5,14,3,5,3,1,1,0,0,0,0,0,0,8.85710676200006,53.072674298,Hemelingen,Hastedt
239,11,2022,5,2,12,2,5,3,1,0,0,0,0,1,0,0,8.87068100700003,53.0670175910001,Hemelingen,Hastedt
284,11,2022,6,1,19,3,5,3,1,1,0,0,0,0,0,0,8.85398535600007,53.0660914740001,Hemelingen,Hastedt
305,11,2022,3,1,0,3,6,4,1,0,1,0,0,0,2,0,8.85313597200008,53.062507764,Hemelingen,Hastedt
310,11,2022,6,4,15,2,5,2,1,1,0,0,0,0,0,0,8.85367012500006,53.064865458,Hemelingen,Hastedt
325,11,2022,7,3,16,3,8,3,1,1,0,0,0,0,0,0,8.88253809700007,53.06364104,Hemelingen,Hastedt
332,11,2022,2,3,7,3,4,6,1,0,0,0,0,1,0,0,8.88056722700003,53.0646277230001,Hemelingen,Hastedt
361,11,2022,6,5,15,3,1,5,1,1,0,0,0,0,0,0,8.86612206000007,53.0639328450001,Hemelingen,Hastedt
371,11,2022,2,4,15,3,3,6,1,1,0,0,0,0,0,0,8.85573571400005,53.074038332,Hemelingen,Hastedt
382,11,2022,2,6,7,3,5,3,1,1,0,0,0,0,0,0,8.86057058900008,53.0719816440001,Hemelingen,Hastedt
413,11,2022,1,2,7,2,5,2,1,0,0,0,0,0,2,1,8.87327823000004,53.067205599,Hemelingen,Hastedt
426,11,2022,7,4,17,3,4,6,1,0,0,1,0,0,0,0,8.85315158000003,53.0625563560001,Hemelingen,Hastedt
452,11,2022,3,2,8,3,3,6,1,0,0,0,0,1,0,0,8.88041785800004,53.0604945850001,Hemelingen,Hastedt
456,11,2022,4,1,16,3,6,4,1,0,1,0,0,0,0,0,8.87118571600007,53.061765558,Hemelingen,Hastedt
517,11,2022,5,1,15,3,0,7,1,0,0,0,0,0,0,0,8.86815847600008,53.073129011,Hemelingen,Hastedt
550,11,2022,3,3,0,3,0,7,1,0,0,0,0,0,2,0,8.87163954200003,53.06228803,Hemelingen,Hastedt
552,11,2022,2,1,22,3,5,3,1,1,0,0,0,0,2,0,8.88020821900005,53.0605906760001,Hemelingen,Hastedt
553,11,2022,5,1,12,2,2,6,1,1,0,0,0,0,0,0,8.85395382800004,53.0660184110001,Hemelingen,Hastedt
569,11,2022,2,5,12,3,5,2,1,1,0,0,0,0,0,0,8.85634632600005,53.0737770200001,Hemelingen,Hastedt
648,11,2022,10,7,0,2,0,7,1,0,0,0,0,0,2,0,8.85961718200002,53.063658886,Hemelingen,Hastedt
652,11,2022,9,4,19,3,0,7,1,0,0,0,0,0,0,0,8.85326046800003,53.0629808,Hemelingen,Hastedt
689,11,2022,9,4,17,3,5,2,1,1,0,0,0,0,0,0,8.85656168100007,53.0713702850001,Hemelingen,Hastedt
724,11,2022,9,5,17,3,5,7,1,1,0,0,0,0,0,1,8.86390963900004,53.064850839,Hemelingen,Hastedt
772,11,2022,8,4,18,3,5,2,1,1,0,0,0,0,0,0,8.86255265000005,53.067613296,Hemelingen,Hastedt
785,11,2022,11,3,9,3,5,3,1,1,0,0,0,0,0,0,8.87026012100006,53.0639663100001,Hemelingen,Hastedt
826,11,2022,11,5,12,3,5,3,1,1,0,0,0,0,0,0,8.87245403500003,53.0631377710001,Hemelingen,Hastedt
859,11,2022,9,7,11,3,5,2,1,1,0,0,0,0,0,1,8.86252352100007,53.0675932010001,Hemelingen,Hastedt
879,11,2022,11,4,9,3,5,2,1,1,0,0,0,0,0,0,8.87724094600003,53.06155405,Hemelingen,Hastedt
910,11,2022,11,4,7,3,5,3,1,1,0,0,0,0,0,1,8.86384969100004,53.0712376500001,Hemelingen,Hastedt
971,11,2022,10,2,8,3,5,3,1,1,0,0,0,0,0,0,8.85691962500005,53.072707908,Hemelingen,Hastedt
982,11,2022,10,2,12,3,5,3,1,1,0,0,0,0,0,0,8.86791240300005,53.072788131,Hemelingen,Hastedt
988,11,2022,10,5,20,3,5,3,1,0,0,0,0,0,2,0,8.87824661400003,53.0643702680001,Hemelingen,Hastedt
998,11,2022,10,4,9,3,5,3,1,1,0,0,0,0,0,0,8.86290902800005,53.071395684,Hemelingen,Hastedt
1019,11,2022,8,4,9,3,7,1,1,0,0,0,0,0,0,0,8.87537450600007,53.0663528160001,Hemelingen,Hastedt
1069,11,2022,10,4,10,3,5,3,1,1,0,0,0,0,0,0,8.86569872100006,53.0717536670001,Hemelingen,Hastedt
37,11,2023,5,4,14,3,5,3,1,1,0,0,0,0,0,0,8.859245990000034,53.06893824800005,Hemelingen,Hastedt
72,11,2023,5,4,17,3,1,7,1,1,0,0,0,0,0,0,8.877074303000029,53.065792197000064,Hemelingen,Hastedt
75,11,2023,5,3,12,3,3,6,1,0,0,0,0,0,0,0,8.854527370000028,53.06699892900008,Hemelingen,Hastedt
148,11,2023,4,4,7,2,0,7,1,0,0,0,0,0,0,0,8.857793659000038,53.066570812000066,Hemelingen,Hastedt
150,11,2023,4,4,11,3,5,3,1,1,0,0,0,0,0,1,8.878496986000073,53.061006821000035,Hemelingen,Hastedt
158,11,2023,5,2,8,3,1,7,1,1,0,0,0,0,0,0,8.866391358000044,53.06381809000004,Hemelingen,Hastedt
171,11,2023,3,4,12,2,3,6,1,0,0,0,0,0,0,0,8.859365926000066,53.07068658600008,Hemelingen,Hastedt
174,11,2023,3,4,15,3,5,3,1,1,0,0,0,0,0,0,8.863784078000037,53.07125872100005,Hemelingen,Hastedt
200,11,2023,3,3,5,3,4,6,1,0,0,0,0,0,2,1,8.853302620000022,53.06430831900008,Hemelingen,Hastedt
222,11,2023,3,4,16,3,5,2,1,1,0,0,0,0,0,0,8.865418715000033,53.07168193900003,Hemelingen,Hastedt
223,11,2023,3,4,7,3,3,2,1,1,0,0,0,0,0,0,8.875399635000065,53.06187349900006,Hemelingen,Hastedt
237,11,2023,2,2,13,2,5,2,1,1,0,0,0,0,0,0,8.872394668000027,53.06731202200007,Hemelingen,Hastedt
258,11,2023,2,4,12,3,5,2,1,1,0,0,0,0,0,0,8.862068846000057,53.07166032600003,Hemelingen,Hastedt
329,11,2023,1,3,7,3,5,3,1,1,0,0,0,0,0,1,8.863378228000045,53.06840064600004,Hemelingen,Hastedt
381,11,2023,11,4,11,3,5,2,1,1,0,0,0,0,0,1,8.863844809000057,53.07139144100006,Hemelingen,Hastedt
402,11,2023,10,2,17,3,0,4,1,0,1,0,0,0,0,1,8.857326597000053,53.07014951800005,Hemelingen,Hastedt
411,11,2023,10,3,10,3,5,2,1,0,0,0,0,1,0,0,8.855720630000064,53.06960630200007,Hemelingen,Hastedt
451,11,2023,10,6,14,3,5,3,1,1,0,0,0,0,0,0,8.870647440000027,53.06705850700007,Hemelingen,Hastedt
491,11,2023,9,7,23,3,4,6,1,0,0,0,0,0,2,0,8.853268683000067,53.063409206000074,Hemelingen,Hastedt
499,11,2023,9,5,9,3,5,2,1,1,0,0,0,0,0,0,8.853526915000032,53.06485458800006,Hemelingen,Hastedt
533,11,2023,9,3,17,3,5,2,1,1,0,0,0,0,0,0,8.859559371000046,53.072195203000035,Hemelingen,Hastedt
589,11,2023,8,2,14,3,5,3,1,0,0,0,0,1,0,0,8.872358645000077,53.06303825300006,Hemelingen,Hastedt
606,11,2023,8,4,18,2,5,3,1,1,0,0,0,0,0,0,8.864385445000039,53.071147548000056,Hemelingen,Hastedt
608,11,2023,8,3,13,3,5,2,1,1,0,0,0,0,0,0,8.863808083000038,53.06868393900004,Hemelingen,Hastedt
635,11,2023,8,3,16,3,5,3,1,1,0,0,0,0,0,0,8.856618818000072,53.07138422400004,Hemelingen,Hastedt
646,11,2023,8,6,13,3,5,3,1,1,0,0,0,0,0,0,8.863843908000035,53.071239508000076,Hemelingen,Hastedt
685,11,2023,7,2,12,3,5,3,1,1,0,0,0,0,0,0,8.862085041000057,53.07165645500004,Hemelingen,Hastedt
713,11,2023,11,5,6,3,1,5,1,1,0,0,0,0,2,1,8.87268599500004,53.06982376600007,Hemelingen,Hastedt
719,11,2023,7,2,13,3,5,2,1,1,0,0,0,0,0,0,8.86294636100007,53.07138544500003,Hemelingen,Hastedt
731,11,2023,7,6,12,3,5,3,1,1,0,0,0,0,0,0,8.87581887400006,53.062753056000076,Hemelingen,Hastedt