,UKREIS,UJAHR,UMONAT,UWOCHENTAG,USTUNDE,UKATEGORIE,UART,UTYP1,IstRad,IstPKW,IstFuss,IstKrad,IstGkfz,IstSonstig,ULICHTVERH,STRZUSTAND,longitude,latitude,Stadtteil,Ortsteil
887,11,2023,6,7,22,2,0,7,1,0,0,0,0,0,2,0,8.864127289000066,53.062727324000036,Hemelingen,Hastedt
980,11,2023,11,3,13,3,5,2,1,1,0,0,0,0,0,2,8.865251421000039,53.071639083000036,Hemelingen,Hastedt
996,11,2023,11,5,16,3,5,3,1,1,0,0,0,0,2,1,8.870035685000062,53.06498820300004,Hemelingen,Hastedt
1013,11,2023,11,6,8,3,5,3,1,1,0,0,0,0,0,0,8.863680327000054,53.07117124900003,Hemelingen,Hastedt
1057,11,2023,9,2,21,3,3,1,1,0,0,0,0,0,2,1,8.862325712000029,53.06298705900008,Hemelingen,Hastedt
32,11,2016,2,5,18,3,5,3,1,1,0,0,0,0,2,1,8.837106486,53.082637404,Schwachhausen,Schwachhausen
79,11,2016,2,3,14,3,1,5,1,1,0,0,0,0,0,0,8.836513966,53.083255328,Schwachhausen,Schwachhausen
91,11,2016,2,4,9,3,5,3,1,1,0,0,0,0,0,1,8.847364511,53.085028286,Schwachhausen,Schwachhausen
386,11,2016,5,7,19,3,0,7,1,0,0,0,0,0,0,0,8.834104768,53.086557999,Schwachhausen,Schwachhausen
400,11,2016,6,2,18,3,1,1,1,1,0,0,0,0,0,0,8.840334873,53.085513191,Schwachhausen,Schwachhausen
463,11,2016,6,2,12,3,5,2,1,0,0,0,1,0,0,0,8.847117566,53.087011724,Schwachhausen,Schwachhausen
533,11,2016,6,3,8,3,5,2,1,1,0,0,0,0,0,1,8.835211586,53.08452937,Schwachhausen,Schwachhausen
620,11,2016,7,7,14,2,0,1,1,0,0,0,0,0,0,1,8.830892242,53.081463214,Schwachhausen,Schwachhausen
624,11,2016,8,6,8,3,0,1,1,0,0,0,0,0,0,0,8.833770714,53.081828287,Schwachhausen,Schwachhausen
626,11,2016,8,7,15,3,2,6,1,1,0,0,0,0,0,0,8.833550579,53.08214702,Schwachhausen,Schwachhausen
738,11,2016,9,5,18,3,1,5,1,1,0,0,0,0,0,0,8.828152079,53.083113067,Schwachhausen,Schwachhausen
777,11,2016,9,5,7,3,5,2,1,1,0,0,0,0,0,0,8.834910653,53.082073241,Schwachhausen,Schwachhausen
870,11,2016,8,3,15,3,5,3,1,0,0,0,0,0,0,0,8.842092401,53.08585487,Schwachhausen,Schwachhausen
955,11,2016,10,5,14,3,5,3,1,1,0,0,0,0,0,1,8.837144696,53.082586161,Schwachhausen,Schwachhausen
1012,11,2016,10,2,19,3,2,7,1,1,0,0,0,0,1,0,8.835220427,53.084532617,Schwachhausen,Schwachhausen
1046,11,2016,11,3,16,3,6,4,1,0,1,0,0,0,2,1,8.837050438,53.087290281,Schwachhausen,Schwachhausen
28,11,2017,1,6,14,3,4,2,1,1,0,0,0,0,0,0,8.847187761000043,53.08698330100003,Schwachhausen,Schwachhausen
50,11,2017,1,4,15,3,5,3,1,1,0,0,0,0,0,0,8.831354611000052,53.08125526100008,Schwachhausen,Schwachhausen
159,11,2017,2,2,9,3,5,3,1,1,0,0,0,0,0,0,8.838691453000024,53.08275316700008,Schwachhausen,Schwachhausen
231,11,2017,4,3,12,3,5,3,1,1,0,0,0,0,0,1,8.837129230000073,53.082606902000066,Schwachhausen,Schwachhausen
425,11,2017,5,4,8,3,3,2,1,1,0,0,0,0,0,0,8.837098604000062,53.082647974000054,Schwachhausen,Schwachhausen
541,11,2017,7,4,19,3,1,7,1,1,0,0,0,0,0,0,8.845574673000044,53.08652368300005,Schwachhausen,Schwachhausen
604,11,2017,6,6,16,3,5,3,1,1,0,0,0,0,0,0,8.837798245000045,53.08510427700003,Schwachhausen,Schwachhausen
618,11,2017,6,4,8,2,5,2,1,0,0,0,0,1,0,0,8.841016909000075,53.085645999000064,Schwachhausen,Schwachhausen
648,11,2017,6,5,19,3,5,2,1,1,0,0,0,0,0,1,8.83374882000004,53.08186703000007,Schwachhausen,Schwachhausen
806,11,2017,8,2,12,3,5,3,1,1,0,0,0,0,0,0,8.835036763000062,53.08210596300006,Schwachhausen,Schwachhausen
831,11,2017,8,3,11,3,2,6,1,0,0,0,0,0,0,0,8.833785338000041,53.08647751400008,Schwachhausen,Schwachhausen
927,11,2017,9,5,11,3,6,4,1,0,1,0,0,0,0,0,8.837098682000033,53.08264786900003,Schwachhausen,Schwachhausen
935,11,2017,10,3,20,3,5,2,1,1,0,0,0,0,2,1,8.847162035000053,53.08699371700004,Schwachhausen,Schwachhausen
42,11,2018,1,3,17,3,5,3,1,1,0,0,0,0,2,0,8.847168921000048,53.08699092900008,Schwachhausen,Schwachhausen
67,11,2018,2,2,8,3,1,5,1,1,0,0,0,0,0,0,8.837049834000027,53.082719213000075,Schwachhausen,Schwachhausen
92,11,2018,2,3,8,3,5,3,1,1,0,0,0,0,0,1,8.827681165000058,53.08301604500008,Schwachhausen,Schwachhausen
218,11,2018,4,2,9,3,1,5,1,1,0,0,0,0,0,0,8.834202603000051,53.08657512100007,Schwachhausen,Schwachhausen
329,11,2018,6,2,18,3,5,2,1,1,0,0,0,0,0,0,8.827683686000057,53.083016573000066,Schwachhausen,Schwachhausen
573,11,2018,6,6,15,2,5,3,1,1,0,0,0,0,0,0,8.838658030000033,53.08279984500007,Schwachhausen,Schwachhausen
621,11,2018,6,4,16,3,5,2,1,1,0,0,0,0,0,0,8.847161999000036,53.08699373200005,Schwachhausen,Schwachhausen
731,11,2018,8,3,11,3,0,7,1,0,0,0,0,0,0,0,8.838654705000067,53.082799452000074,Schwachhausen,Schwachhausen
776,11,2018,8,3,15,3,5,3,1,1,0,0,0,0,0,1,8.842949215000033,53.08852866700005,Schwachhausen,Schwachhausen
824,11,2018,8,5,19,2,0,1,1,0,0,0,0,0,1,1,8.833732369000074,53.08646104700006,Schwachhausen,Schwachhausen
911,11,2018,9,2,7,3,5,3,1,1,0,0,0,0,0,0,8.833774461000075,53.08186695400008,Schwachhausen,Schwachhausen
931,11,2018,9,6,12,3,0,1,1,0,0,0,0,0,0,0,8.83156518100003,53.081284072000074,Schwachhausen,Schwachhausen
1091,11,2018,11,5,16,3,5,2,1,1,0,0,0,0,1,1,8.834365584000068,53.08199579700005,Schwachhausen,Schwachhausen
1192,11,2018,12,3,18,3,5,3,1,1,0,0,0,0,2,0,8.842936094000038,53.08853025500008,Schwachhausen,Schwachhausen
1249,11,2018,11,2,22,3,6,4,1,0,1,0,0,0,2,1,8.830206898000029,53.08178828500007,Schwachhausen,Schwachhausen
56,11,2019,2,3,12,3,1,5,1,1,0,0,0,0,0,0,8.835862926000061,53.083919922000064,Schwachhausen,Schwachhausen
73,11,2019,2,7,2,3,5,3,1,1,0,0,0,0,2,1,8.83137644900006,53.08124720100005,Schwachhausen,Schwachhausen
132,11,2019,1,2,9,2,1,7,1,1,0,0,0,0,0,1,8.835271575000036,53.08451520700004,Schwachhausen,Schwachhausen
254,11,2019,4,5,12,3,1,5,1,1,0,0,0,0,0,0,8.841597792000073,53.085755677000066,Schwachhausen,Schwachhausen
257,11,2019,3,1,18,3,5,3,1,1,0,0,0,0,2,1,8.837122007000062,53.082601984000064,Schwachhausen,Schwachhausen
338,11,2019,5,6,14,3,5,3,1,1,0,0,0,0,0,0,8.84958074800005,53.08524988600004,Schwachhausen,Schwachhausen
515,11,2019,6,5,19,3,1,7,1,1,0,0,0,0,0,0,8.835539910000023,53.084245089000035,Schwachhausen,Schwachhausen
597,11,2019,8,4,9,3,5,3,1,1,0,0,0,0,0,0,8.841911829000026,53.08331251000004,Schwachhausen,Schwachhausen
886,11,2019,9,4,7,3,5,2,1,1,0,0,0,0,0,1,8.835931629000072,53.082394744000055,Schwachhausen,Schwachhausen
937,11,2019,10,3,14,3,3,2,1,1,0,0,0,0,0,0,8.849865153000053,53.08525862100004,Schwachhausen,Schwachhausen
1049,11,2019,10,7,13,3,4,6,1,1,0,0,0,0,0,0,8.836552096000048,53.08714238600004,Schwachhausen,Schwachhausen
1062,11,2019,11,4,14,3,1,5,1,1,0,0,0,0,0,0,8.835670853000067,53.08411327500005,Schwachhausen,Schwachhausen
58,11,2020,2,4,8,3,5,3,1,1,0,0,0,0,0,0,8.833781135000038,53.08185706300003,Schwachhausen,Schwachhausen
59,11,2020,1,4,7,3,3,5,1,1,0,0,0,0,1,1,8.840798935000066,53.08441882600005,Schwachhausen,Schwachhausen
170,11,2020,3,6,7,2,3,6,1,0,0,0,0,0,0,1,8.834310663000053,53.08198138500006,Schwachhausen,Schwachhausen
336,11,2020,5,6,13,2,1,5,1,0,0,0,0,1,0,0,8.835926357000062,53.08239363600006,Schwachhausen,Schwachhausen
381,11,2020,5,6,9,3,5,2,1,1,0,0,0,0,0,0,8.837185512000076,53.084962157000064,Schwachhausen,Schwachhausen
965,11,2020,11,7,23,2,0,7,1,0,0,0,0,0,2,1,8.847903288000055,53.08673613700006,Schwachhausen,Schwachhausen
251,11,2021,5,2,9,3,5,3,1,1,0,0,0,0,0,0,8.83138645400004,53.08124258000004,Schwachhausen,Schwachhausen
434,11,2021,6,2,18,3,5,2,1,1,0,0,0,0,0,0,8.831361806000075,53.08125396600008,Schwachhausen,Schwachhausen
447,11,2021,5,6,15,3,5,2,1,1,0,0,0,0,0,0,8.832366863000061,53.083947746000035,Schwachhausen,Schwachhausen
738,11,2021,9,3,8,3,0,7,1,0,0,0,0,0,0,0,8.841531033000024,53.083216692000065,Schwachhausen,Schwachhausen
834,11,2021,10,5,12,3,3,6,1,1,0,0,0,0,0,0,8.835008131000052,53.08677053000008,Schwachhausen,Schwachhausen
891,11,2021,8,2,10,3,5,3,1,1,0,0,0,0,0,0,8.833419854000056,53.086385232000055,Schwachhausen,Schwachhausen
139,11,2022,4,5,11,3,5,3,1,1,0,0,0,0,0,1,8.83224525400004,53.081461313,Schwachhausen,Schwachhausen
230,11,2022,2,6,15,3,5,2,1,1,0,0,0,0,0,1,8.83382213600004,53.081853192,Schwachhausen,Schwachhausen
324,11,2022,2,2,14,3,4,6,1,0,0,0,0,0,0,1,8.83959793900004,53.0829129360001,Schwachhausen,Schwachhausen
354,11,2022,6,4,16,3,5,3,1,0,0,0,0,1,0,0,8.83138038900006,53.0812453820001,Schwachhausen,Schwachhausen
397,11,2022,3,6,15,3,0,1,1,1,0,0,0,0,0,0,8.83677073600006,53.0825516210001,Schwachhausen,Schwachhausen
500,11,2022,7,6,8,3,5,3,1,1,0,0,0,0,0,1,8.83377731500008,53.0818627250001,Schwachhausen,Schwachhausen
577,11,2022,3,2,13,2,0,7,1,0,1,0,0,0,0,0,8.84964042700005,53.085251445,Schwachhausen,Schwachhausen
607,11,2022,9,2,23,2,0,7,1,0,0,0,0,0,2,1,8.83043398700005,53.08168256,Schwachhausen,Schwachhausen
806,11,2022,8,3,8,3,5,2,1,0,0,0,0,1,0,0,8.83598416600006,53.0837978700001,Schwachhausen,Schwachhausen
960,11,2022,11,2,18,3,5,3,1,1,0,0,0,0,2,1,8.83381842200004,53.0818522180001,Schwachhausen,Schwachhausen
142,11,2023,4,6,7,3,5,3,1,1,0,0,0,0,0,0,8.831252182000071,53.08130460800004,Schwachhausen,Schwachhausen
176,11,2023,3,2,11,3,2,6,1,1,0,0,0,0,0,1,8.836494102000074,53.08328452300003,Schwachhausen,Schwachhausen
209,11,2023,3,3,16,3,5,3,1,1,0,0,0,0,0,0,8.847105095000074,53.086974335000036,Schwachhausen,Schwachhausen
247,11,2023,2,3,16,3,1,7,1,1,0,0,0,0,0,0,8.829840919000048,53.08344787600004,Schwachhausen,Schwachhausen
293,11,2023,1,2,14,2,5,2,1,1,0,0,0,0,0,0,8.835090967000042,53.08679062400006,Schwachhausen,Schwachhausen
295,11,2023,1,6,12,3,5,3,1,1,0,0,0,0,0,0,8.833386190000056,53.08173951800006,Schwachhausen,Schwachhausen
306,11,2023,1,2,21,3,5,3,1,1,0,0,0,0,2,0,8.837117825000064,53.08260138400004,Schwachhausen,Schwachhausen
496,11,2023,11,5,16,3,5,3,1,1,0,0,0,0,0,0,8.833960267000066,53.08425198200007,Schwachhausen,Schwachhausen
507,11,2023,9,3,13,3,5,3,1,0,0,0,0,0,0,0,8.838076769000054,53.08516227900003,Schwachhausen,Schwachhausen
604,11,2023,8,4,15,3,5,2,1,0,0,0,1,0,0,0,8.831340265000051,53.08126391800005,Schwachhausen,Schwachhausen
717,11,2023,7,3,12,3,1,5,1,1,0,0,0,0,0,0,8.82842533400003,53.08316702400003,Schwachhausen,Schwachhausen
912,11,2023,5,2,22,3,5,2,1,1,0,0,0,0,2,0,8.831505549000042,53.081263472000046,Schwachhausen,Schwachhausen
33,11,2016,2,6,16,3,5,2,1,1,0,0,0,0,0,0,8.810614008,53.081875461,Mitte,Bahnhofsvorstadt
36,11,2016,2,6,19,3,0,7,1,0,0,0,0,0,2,0,8.807321527,53.082164217,Mitte,Bahnhofsvorstadt
42,11,2016,2,2,18,2,5,3,1,1,0,0,0,0,2,1,8.807356073,53.082339261,Mitte,Bahnhofsvorstadt
70,11,2016,2,3,22,3,5,2,1,1,0,0,0,0,2,1,8.813025515,53.080937415,Mitte,Bahnhofsvorstadt
73,11,2016,2,5,15,3,5,3,1,1,0,0,0,0,0,0,8.804633991,53.085786331,Mitte,Bahnhofsvorstadt
119,11,2016,3,4,8,3,5,3,1,1,0,0,0,0,0,0,8.812179567,53.07909368,Mitte,Bahnhofsvorstadt
125,11,2016,3,3,18,3,5,3,1,1,0,0,0,0,0,1,8.808939254,53.083176242,Mitte,Bahnhofsvorstadt
144,11,2016,3,2,16,3,5,3,1,1,0,0,0,0,0,0,8.805024035,53.08371231,Mitte,Bahnhofsvorstadt
176,11,2016,4,5,16,3,5,2,1,1,0,0,0,0,0,0,8.808628099,53.08289893,Mitte,Bahnhofsvorstadt
182,11,2016,4,5,16,3,5,3,1,1,0,0,0,0,0,0,8.801275258,53.086838631,Mitte,Bahnhofsvorstadt
185,11,2016,3,2,9,3,5,3,1,1,0,0,0,0,0,1,8.812747544,53.080916767,Mitte,Bahnhofsvorstadt
249,11,2016,5,6,12,3,5,2,1,1,0,0,0,0,0,0,8.810622379,53.081871115,Mitte,Bahnhofsvorstadt
270,11,2016,4,4,15,3,3,6,1,1,0,0,0,0,0,1,8.800378581,53.083331586,Mitte,Bahnhofsvorstadt
283,11,2016,5,5,11,3,5,2,1,1,0,0,0,0,0,0,8.807204342,53.082079344,Mitte,Bahnhofsvorstadt
310,11,2016,4,3,14,3,1,5,1,1,0,0,0,0,0,0,8.80505354,53.081843987,Mitte,Bahnhofsvorstadt
321,11,2016,4,7,14,3,5,3,1,1,0,0,0,0,0,1,8.817023786,53.080827081,Mitte,Bahnhofsvorstadt
324,11,2016,5,4,13,3,6,4,1,0,1,0,0,0,0,0,8.804923162,53.081004508,Mitte,Bahnhofsvorstadt
337,11,2016,5,5,16,3,5,3,1,0,0,0,0,0,0,0,8.805750693,53.081391123,Mitte,Bahnhofsvorstadt
341,11,2016,4,6,15,3,5,2,1,1,0,0,0,0,0,1,8.804866571,53.080976703,Mitte,Bahnhofsvorstadt
361,11,2016,5,2,13,3,2,6,1,1,0,0,0,0,0,0,8.817255819,53.079019107,Mitte,Bahnhofsvorstadt
385,11,2016,6,4,12,3,5,3,1,1,0,0,0,0,0,0,8.806233687,53.084325262,Mitte,Bahnhofsvorstadt
423,11,2016,7,6,13,3,5,3,1,1,0,0,0,0,0,0,8.799509957,53.084730248,Mitte,Bahnhofsvorstadt
434,11,2016,6,1,2,3,4,2,1,1,0,0,0,0,2,0,8.808847393,53.083111613,Mitte,Bahnhofsvorstadt
450,11,2016,7,3,17,3,5,3,1,1,0,0,0,0,0,0,8.801518697,53.086807724,Mitte,Bahnhofsvorstadt
500,11,2016,6,6,8,2,5,2,1,1,0,0,0,0,0,1,8.812689304,53.081087085,Mitte,Bahnhofsvorstadt
524,11,2016,6,4,17,3,5,2,1,1,0,0,0,0,0,0,8.814110165,53.081257674,Mitte,Bahnhofsvorstadt
534,11,2016,6,5,16,3,5,3,1,1,0,0,0,0,0,0,8.794248708,53.084583821,Mitte,Bahnhofsvorstadt
543,11,2016,8,3,16,3,1,5,1,1,0,0,0,0,0,0,8.817352878,53.079138414,Mitte,Bahnhofsvorstadt
567,11,2016,8,4,8,3,4,6,1,0,0,0,0,0,0,0,8.807129105,53.082526626,Mitte,Bahnhofsvorstadt
582,11,2016,8,6,14,3,5,3,1,1,0,0,0,0,0,0,8.811673282,53.081646957,Mitte,Bahnhofsvorstadt
619,11,2016,8,3,17,3,6,7,1,0,1,0,0,0,0,0,8.806253771,53.084236981,Mitte,Bahnhofsvorstadt
643,11,2016,8,2,16,3,5,3,1,0,0,0,0,0,0,0,8.80769035,53.082407593,Mitte,Bahnhofsvorstadt
682,11,2016,8,4,8,3,5,3,1,1,0,0,0,0,0,0,8.805500056,53.081558785,Mitte,Bahnhofsvorstadt
733,11,2016,9,3,0,3,5,3,1,1,0,0,0,0,2,0,8.816027598,53.081075804,Mitte,Bahnhofsvorstadt
753,11,2016,8,4,9,3,6,7,1,0,1,0,0,0,0,0,8.808487091,53.082882903,Mitte,Bahnhofsvorstadt
754,11,2016,9,6,20,3,5,3,1,1,0,0,0,0,1,0,8.813882937,53.080179071,Mitte,Bahnhofsvorstadt
797,11,2016,9,6,13,3,5,3,1,1,0,0,0,0,0,0,8.808024515,53.082607284,Mitte,Bahnhofsvorstadt
808,11,2016,9,5,15,2,6,4,1,0,1,0,0,1,0,0,8.80705847,53.082128254,Mitte,Bahnhofsvorstadt
811,11,2016,8,4,19,3,5,3,1,1,0,0,0,0,0,0,8.807119306,53.08201646,Mitte,Bahnhofsvorstadt
812,11,2016,8,4,8,3,5,2,1,0,0,0,0,1,0,0,8.806884801,53.08198829,Mitte,Bahnhofsvorstadt
836,11,2016,9,6,12,3,5,2,1,1,0,0,0,0,0,0,8.797760077,53.083440702,Mitte,Bahnhofsvorstadt
872,11,2016,9,5,20,2,5,3,1,1,0,0,0,0,2,1,8.814968874,53.079723545,Mitte,Bahnhofsvorstadt
891,11,2016,9,2,16,2,0,5,1,1,0,0,0,0,0,0,8.818254905,53.079919612,Mitte,Bahnhofsvorstadt
905,11,2016,10,6,13,3,5,3,1,1,0,0,0,0,0,0,8.819504858,53.080538618,Mitte,Bahnhofsvorstadt
918,11,2016,11,4,20,3,5,3,1,1,0,0,0,0,2,1,8.807251144,53.0822668,Mitte,Bahnhofsvorstadt
947,11,2016,10,4,20,3,0,1,1,0,0,0,0,0,2,0,8.806307456,53.084131297,Mitte,Bahnhofsvorstadt
954,11,2016,11,4,10,3,4,2,1,1,0,0,0,0,0,1,8.799303541,53.083891055,Mitte,Bahnhofsvorstadt
963,11,2016,10,6,15,3,0,1,1,0,0,0,0,0,0,1,8.810615651,53.081874609,Mitte,Bahnhofsvorstadt
968,11,2016,10,3,5,3,5,2,1,1,0,0,0,0,2,1,8.80484184,53.080964552,Mitte,Bahnhofsvorstadt
984,11,2016,11,4,13,3,0,1,1,0,0,0,0,0,0,1,8.805726731,53.081407153,Mitte,Bahnhofsvorstadt
1063,11,2016,10,4,8,3,5,3,1,1,0,0,0,0,1,1,8.797246393,53.086443001,Mitte,Bahnhofsvorstadt
1095,11,2016,12,6,13,3,0,7,1,1,0,0,0,0,0,1,8.810270536,53.081495901,Mitte,Bahnhofsvorstadt
1111,11,2016,12,6,14,3,5,3,1,1,0,0,0,0,0,0,8.811218205,53.080114999,Mitte,Bahnhofsvorstadt
1115,11,2016,11,7,20,2,5,2,1,1,0,0,0,0,2,1,8.807326148,53.082318595,Mitte,Bahnhofsvorstadt
40,11,2017,1,3,19,3,0,1,1,0,0,0,0,0,2,0,8.806910596000023,53.081839553000066,Mitte,Bahnhofsvorstadt
112,11,2017,3,6,13,3,5,2,1,1,0,0,0,0,0,0,8.804841840000051,53.08096455200007,Mitte,Bahnhofsvorstadt
146,11,2017,3,6,14,3,5,2,1,1,0,0,0,0,0,1,8.807467856000073,53.08248038700003,Mitte,Bahnhofsvorstadt
189,11,2017,5,3,9,3,5,3,1,1,0,0,0,0,0,0,8.80151853500007,53.08674130300005,Mitte,Bahnhofsvorstadt
192,11,2017,5,2,11,3,0,1,1,0,0,0,0,0,0,1,8.804215761000023,53.08528668800005,Mitte,Bahnhofsvorstadt
211,11,2017,4,7,14,3,5,3,1,1,0,0,0,0,0,0,8.806255864000036,53.08431519800007,Mitte,Bahnhofsvorstadt
252,11,2017,4,3,7,3,6,4,1,0,1,0,0,0,0,1,8.810684380000055,53.08042223100006,Mitte,Bahnhofsvorstadt
255,11,2017,4,6,16,3,0,7,1,1,0,0,0,0,0,0,8.810710802000074,53.08367930400004,Mitte,Bahnhofsvorstadt
280,11,2017,4,4,19,3,6,2,1,0,1,0,0,0,0,0,8.804415224000024,53.08075552100007,Mitte,Bahnhofsvorstadt
296,11,2017,4,7,14,3,0,1,1,0,0,0,0,0,0,0,8.81187170800007,53.08185457900004,Mitte,Bahnhofsvorstadt
298,11,2017,3,6,15,3,5,2,1,1,0,0,0,0,0,0,8.807286850000025,53.08213910200004,Mitte,Bahnhofsvorstadt
325,11,2017,6,3,12,2,0,7,1,0,0,0,0,0,0,0,8.800409005000063,53.08445046600008,Mitte,Bahnhofsvorstadt
328,11,2017,6,2,14,3,5,2,1,1,0,0,0,0,0,0,8.80676111200006,53.08171886000008,Mitte,Bahnhofsvorstadt
352,11,2017,6,4,16,3,5,3,1,0,0,0,0,0,0,0,8.803160899000034,53.08464130600004,Mitte,Bahnhofsvorstadt
393,11,2017,5,3,8,3,5,3,1,1,0,0,0,0,0,0,8.817099807000034,53.07880436200003,Mitte,Bahnhofsvorstadt
398,11,2017,5,2,6,3,4,2,1,0,0,0,0,0,0,0,8.803871524000044,53.085198038000044,Mitte,Bahnhofsvorstadt
408,11,2017,5,7,12,3,5,3,1,0,0,0,0,1,0,0,8.810636205000037,53.08186393500006,Mitte,Bahnhofsvorstadt
492,11,2017,7,4,16,3,4,6,1,0,0,0,0,0,0,0,8.805605248000063,53.08118198200003,Mitte,Bahnhofsvorstadt
502,11,2017,7,7,11,3,6,4,1,0,1,0,0,0,0,1,8.805609779000065,53.081183905000046,Mitte,Bahnhofsvorstadt
505,11,2017,7,6,13,3,0,7,1,1,0,0,0,0,0,0,8.814976632000025,53.07971943100006,Mitte,Bahnhofsvorstadt
518,11,2017,7,3,15,3,5,3,1,1,0,0,0,0,0,0,8.811416290000068,53.08033371200003,Mitte,Bahnhofsvorstadt
525,11,2017,7,1,15,3,0,1,1,0,0,0,0,0,0,1,8.819872616000055,53.08080334200008,Mitte,Bahnhofsvorstadt
547,11,2017,7,2,15,3,5,2,1,1,0,0,0,0,0,0,8.811211540000045,53.08012273000003,Mitte,Bahnhofsvorstadt
573,11,2017,7,2,14,3,1,5,1,0,0,0,0,0,0,0,8.814603798000064,53.081313556000055,Mitte,Bahnhofsvorstadt
642,11,2017,6,6,16,3,0,7,1,0,0,0,0,0,0,0,8.809950078000043,53.079531727000074,Mitte,Bahnhofsvorstadt
670,11,2017,9,4,6,2,5,3,1,1,0,0,0,0,1,1,8.81237634200005,53.080870986000036,Mitte,Bahnhofsvorstadt
671,11,2017,8,4,13,3,5,3,1,1,0,0,0,0,0,0,8.81611900200005,53.08000963400008,Mitte,Bahnhofsvorstadt
809,11,2017,8,7,1,3,0,1,1,0,0,0,0,0,2,1,8.81230423200003,53.08069759800003,Mitte,Bahnhofsvorstadt
861,11,2017,8,5,17,3,6,4,1,0,1,0,0,0,0,0,8.79727289300007,53.08642559700007,Mitte,Bahnhofsvorstadt
885,11,2017,11,4,9,3,2,7,1,1,0,0,0,0,0,1,8.818715086000054,53.08010164800004,Mitte,Bahnhofsvorstadt
893,11,2017,9,1,13,2,0,7,1,0,0,0,0,0,0,0,8.799046905000068,53.090878589000056,Mitte,Bahnhofsvorstadt
904,11,2017,10,2,12,3,5,2,1,1,0,0,0,0,0,0,8.803200226000058,53.084672099000045,Mitte,Bahnhofsvorstadt
945,11,2017,11,6,15,3,0,6,1,0,0,0,0,0,0,1,8.803164110000068,53.08464382000005,Mitte,Bahnhofsvorstadt
949,11,2017,10,2,17,3,3,6,1,1,0,0,0,0,0,1,8.803200249000042,53.08459834700005,Mitte,Bahnhofsvorstadt
995,11,2017,10,5,16,3,5,3,1,1,0,0,0,0,0,0,8.813752932000057,53.08024565200003,Mitte,Bahnhofsvorstadt
1066,11,2017,9,2,20,3,3,2,1,1,0,0,0,0,2,1,8.81414834100002,53.07784931500004,Mitte,Bahnhofsvorstadt
1112,11,2017,12,6,12,3,5,3,1,1,0,0,0,0,0,0,8.795035570000039,53.084643561000064,Mitte,Bahnhofsvorstadt
1142,11,2017,11,6,8,3,5,2,1,1,0,0,0,0,1,1,8.805246497000041,53.08374317000005,Mitte,Bahnhofsvorstadt
7,11,2018,1,5,18,3,5,3,1,1,0,0,0,0,2,1,8.79914248600005,53.08399500300004,Mitte,Bahnhofsvorstadt
12,11,2018,1,6,12,3,0,7,1,0,0,0,0,0,0,1,8.803863293000063,53.085191515000076,Mitte,Bahnhofsvorstadt
126,11,2018,2,6,7,3,3,3,1,0,0,0,0,1,1,1,8.81314053500006,53.078457135000065,Mitte,Bahnhofsvorstadt
152,11,2018,3,4,17,3,5,3,1,1,0,0,0,0,0,0,8.807315823000067,53.082160087000034,Mitte,Bahnhofsvorstadt
176,11,2018,4,4,15,3,5,3,1,1,0,0,0,0,0,1,8.807677234000039,53.08338870100005,Mitte,Bahnhofsvorstadt
184,11,2018,4,4,17,3,5,2,1,1,0,0,0,0,0,0,8.803187385000058,53.08466204500007,Mitte,Bahnhofsvorstadt
185,11,2018,4,6,16,3,3,6,1,1,0,0,0,0,0,0,8.798406413000066,53.085510674000034,Mitte,Bahnhofsvorstadt
210,11,2018,5,3,2,2,0,7,1,0,0,0,0,0,2,1,8.815343546000065,53.08233702200005,Mitte,Bahnhofsvorstadt
287,11,2018,5,5,21,3,6,4,1,0,1,0,0,0,0,0,8.807208479000053,53.082638615000064,Mitte,Bahnhofsvorstadt
375,11,2018,5,3,11,3,5,3,1,1,0,0,0,0,0,0,8.795005522000054,53.084626609000054,Mitte,Bahnhofsvorstadt
377,11,2018,5,3,14,3,5,2,1,1,0,0,0,0,0,0,8.807623327000044,53.082506419000026,Mitte,Bahnhofsvorstadt
391,11,2018,5,5,9,3,6,4,1,0,1,0,0,0,0,0,8.80746491900004,53.08248217900007,Mitte,Bahnhofsvorstadt
406,11,2018,5,2,17,3,3,6,1,0,0,0,0,1,0,0,8.806912963000059,53.081841559000054,Mitte,Bahnhofsvorstadt
441,11,2018,5,2,15,3,5,3,1,1,0,0,0,0,0,0,8.808604510000066,53.082909820000054,Mitte,Bahnhofsvorstadt
502,11,2018,7,2,17,3,5,3,1,1,0,0,0,0,0,0,8.80733312500007,53.08239406400003,Mitte,Bahnhofsvorstadt
614,11,2018,6,4,9,3,6,4,1,0,1,0,0,0,0,0,8.802579704000038,53.082658424000044,Mitte,Bahnhofsvorstadt
651,11,2018,8,5,13,3,0,3,1,1,0,0,0,0,0,0,8.80686641400007,53.081972703000076,Mitte,Bahnhofsvorstadt
658,11,2018,8,5,16,3,5,2,1,1,0,0,0,0,0,0,8.80836714700007,53.08302377600006,Mitte,Bahnhofsvorstadt
685,11,2018,8,3,16,3,3,2,1,1,0,0,0,0,0,0,8.795005038000056,53.08462633600004,Mitte,Bahnhofsvorstadt