,UKREIS,UJAHR,UMONAT,UWOCHENTAG,USTUNDE,UKATEGORIE,UART,UTYP1,IstRad,IstPKW,IstFuss,IstKrad,IstGkfz,IstSonstig,ULICHTVERH,STRZUSTAND,longitude,latitude,Stadtteil,Ortsteil
692,11,2018,7,3,18,3,5,3,1,1,0,0,0,0,0,0,8.804618228000038,53.085793178000074,Mitte,Bahnhofsvorstadt
748,11,2018,8,5,14,3,6,4,1,0,1,0,0,0,0,0,8.805570394000029,53.08116719000003,Mitte,Bahnhofsvorstadt
771,11,2018,8,4,17,3,6,4,1,0,1,0,0,0,0,0,8.813218316000075,53.07841025700003,Mitte,Bahnhofsvorstadt
798,11,2018,8,6,10,3,5,3,1,0,0,0,0,0,0,0,8.807404538000071,53.08222239300005,Mitte,Bahnhofsvorstadt
799,11,2018,8,5,16,3,5,3,1,0,0,0,0,1,0,0,8.816797230000077,53.08086772000007,Mitte,Bahnhofsvorstadt
845,11,2018,7,5,17,3,5,2,1,1,0,0,0,0,0,0,8.805661549000035,53.08340057500004,Mitte,Bahnhofsvorstadt
862,11,2018,9,4,7,3,6,4,1,0,1,0,0,0,0,1,8.818443433000027,53.08000040400003,Mitte,Bahnhofsvorstadt
886,11,2018,9,3,15,3,6,4,1,0,1,0,0,0,0,0,8.80691732300005,53.081845255000076,Mitte,Bahnhofsvorstadt
926,11,2018,10,7,18,3,0,7,1,0,0,0,0,0,1,0,8.813661000000025,53.08060687200003,Mitte,Bahnhofsvorstadt
943,11,2018,10,1,15,3,5,2,1,1,0,0,0,0,0,0,8.808856684000034,53.083074949000036,Mitte,Bahnhofsvorstadt
964,11,2018,9,6,8,3,5,3,1,0,0,0,0,0,0,0,8.807316628000024,53.082160670000064,Mitte,Bahnhofsvorstadt
982,11,2018,9,4,16,3,5,3,1,1,0,0,0,0,0,0,8.811192636000044,53.080111113000044,Mitte,Bahnhofsvorstadt
1045,11,2018,8,5,16,3,0,3,1,1,0,0,0,0,0,0,8.800944989000072,53.08449194700006,Mitte,Bahnhofsvorstadt
1062,11,2018,11,4,22,3,0,7,1,0,0,0,0,1,2,1,8.813839070000029,53.08020153700005,Mitte,Bahnhofsvorstadt
1109,11,2018,11,6,14,3,4,6,1,0,0,1,0,0,0,0,8.806042708000064,53.08686549600003,Mitte,Bahnhofsvorstadt
1125,11,2018,11,3,8,3,3,6,1,1,0,0,0,0,0,0,8.814155391000043,53.07781440500003,Mitte,Bahnhofsvorstadt
1169,11,2018,11,3,18,3,3,6,1,0,0,0,0,0,2,1,8.805271643000026,53.08104040000006,Mitte,Bahnhofsvorstadt
1213,11,2018,12,4,8,3,5,2,1,0,0,0,1,0,0,1,8.808582631000036,53.08291992000005,Mitte,Bahnhofsvorstadt
1245,11,2018,12,5,16,3,5,3,1,1,0,0,0,0,2,1,8.794959711000047,53.084600763000026,Mitte,Bahnhofsvorstadt
1266,11,2018,12,6,15,3,1,7,1,1,0,0,0,0,1,1,8.813437442000065,53.08039281100008,Mitte,Bahnhofsvorstadt
1293,11,2018,12,3,15,3,5,3,1,1,0,0,0,0,1,1,8.799243148000073,53.08389461400003,Mitte,Bahnhofsvorstadt
1299,11,2018,12,2,12,3,5,2,1,1,0,0,0,0,0,0,8.806572050000057,53.08173449000003,Mitte,Bahnhofsvorstadt
33,11,2019,1,4,17,2,5,3,1,1,0,0,0,0,2,0,8.811190934000024,53.08011548600007,Mitte,Bahnhofsvorstadt
37,11,2019,1,3,16,3,5,3,1,1,0,0,0,0,2,1,8.798818288000064,53.08525597800008,Mitte,Bahnhofsvorstadt
91,11,2019,2,3,9,3,5,3,1,0,0,0,0,1,0,0,8.797386366000069,53.08622572000007,Mitte,Bahnhofsvorstadt
124,11,2019,3,7,13,3,0,5,1,1,0,0,0,0,0,0,8.806935710000062,53.081732740000064,Mitte,Bahnhofsvorstadt
126,11,2019,1,4,9,3,5,3,1,0,0,0,0,0,0,0,8.80728737100003,53.08236644600004,Mitte,Bahnhofsvorstadt
145,11,2019,2,2,15,3,5,3,1,1,0,0,0,0,0,0,8.812599039000077,53.08084162100005,Mitte,Bahnhofsvorstadt
191,11,2019,4,5,17,3,5,3,1,1,0,0,0,0,0,0,8.816682115000049,53.08083668000006,Mitte,Bahnhofsvorstadt
237,11,2019,3,2,14,3,0,7,1,0,0,0,0,0,0,1,8.811046709000038,53.08165141200004,Mitte,Bahnhofsvorstadt
238,11,2019,3,6,17,3,0,7,1,1,0,0,0,0,0,0,8.815649189000055,53.07952631500007,Mitte,Bahnhofsvorstadt
306,11,2019,5,6,15,3,1,5,1,1,0,0,0,0,0,0,8.810673878000046,53.08051541200007,Mitte,Bahnhofsvorstadt
318,11,2019,5,3,16,3,5,3,1,1,0,0,0,0,0,0,8.804631149000045,53.08578731500006,Mitte,Bahnhofsvorstadt
346,11,2019,5,5,19,3,5,2,1,1,0,0,0,0,0,0,8.80865906300005,53.082882030000064,Mitte,Bahnhofsvorstadt
368,11,2019,5,5,2,3,0,7,1,0,0,0,0,0,2,0,8.810652386000072,53.08062515200004,Mitte,Bahnhofsvorstadt
372,11,2019,5,4,9,3,1,5,1,1,0,0,0,0,0,0,8.811361562000059,53.08020742600007,Mitte,Bahnhofsvorstadt
397,11,2019,4,4,19,3,4,6,1,0,0,0,0,0,0,0,8.805267245000039,53.08102369900007,Mitte,Bahnhofsvorstadt
441,11,2019,6,2,14,3,1,5,1,1,0,0,0,0,0,0,8.81047010900005,53.08377760500008,Mitte,Bahnhofsvorstadt
451,11,2019,6,6,16,3,0,7,1,0,0,0,0,1,0,0,8.803629009000076,53.08239799300003,Mitte,Bahnhofsvorstadt
454,11,2019,6,6,14,3,3,6,1,1,0,0,0,0,0,0,8.803069306000054,53.08451433600004,Mitte,Bahnhofsvorstadt
455,11,2019,6,5,15,3,4,7,1,1,0,0,0,0,0,0,8.802695505000031,53.08429856300006,Mitte,Bahnhofsvorstadt
461,11,2019,6,5,12,3,6,4,1,0,1,0,0,0,0,0,8.801911683000071,53.08497017900004,Mitte,Bahnhofsvorstadt
462,11,2019,6,4,7,3,5,3,1,1,0,0,0,0,0,0,8.812701467000068,53.08108574100004,Mitte,Bahnhofsvorstadt
468,11,2019,6,3,13,3,1,3,1,1,0,0,0,0,0,0,8.814983962000042,53.08125821200008,Mitte,Bahnhofsvorstadt
498,11,2019,6,4,15,3,5,2,1,1,0,0,0,0,0,1,8.817054907000056,53.07879685800003,Mitte,Bahnhofsvorstadt
518,11,2019,6,4,13,3,5,3,1,1,0,0,0,0,0,0,8.800884856000039,53.08451375300007,Mitte,Bahnhofsvorstadt
566,11,2019,8,3,15,3,0,1,1,1,0,0,0,0,0,0,8.812610942000049,53.08083548500008,Mitte,Bahnhofsvorstadt
567,11,2019,8,3,18,3,6,4,1,0,1,0,0,0,0,0,8.798340361000044,53.083619114000044,Mitte,Bahnhofsvorstadt
574,11,2019,8,2,9,3,4,6,1,0,0,0,0,0,0,0,8.805621722000069,53.08118562100003,Mitte,Bahnhofsvorstadt
595,11,2019,8,4,10,3,5,3,1,1,0,0,0,0,0,0,8.816033181000023,53.08108744300006,Mitte,Bahnhofsvorstadt
617,11,2019,7,2,17,3,5,3,1,0,0,0,0,1,0,0,8.811362814000063,53.083352250000075,Mitte,Bahnhofsvorstadt
685,11,2019,7,1,19,3,0,7,1,1,0,0,0,0,0,0,8.815915635000067,53.08097605000006,Mitte,Bahnhofsvorstadt
714,11,2019,9,6,17,3,5,2,1,1,0,0,0,0,0,0,8.795004232000053,53.08462982700007,Mitte,Bahnhofsvorstadt
761,11,2019,9,3,11,3,0,7,1,0,0,0,0,0,0,0,8.812355037000032,53.08096872900006,Mitte,Bahnhofsvorstadt
798,11,2019,8,7,21,3,1,7,1,1,0,0,0,0,2,0,8.810729938000065,53.08022917400007,Mitte,Bahnhofsvorstadt
898,11,2019,11,6,13,3,0,7,1,0,0,0,0,0,0,1,8.801120169000058,53.084781709000026,Mitte,Bahnhofsvorstadt
913,11,2019,11,2,11,3,5,2,1,0,0,0,1,0,0,0,8.81519673400004,53.08223762400007,Mitte,Bahnhofsvorstadt
948,11,2019,10,7,11,3,5,3,1,1,0,0,0,0,0,0,8.804559745000063,53.08582245700006,Mitte,Bahnhofsvorstadt
985,11,2019,10,6,20,3,5,3,1,1,0,0,0,0,2,1,8.80846845000002,53.08297263500003,Mitte,Bahnhofsvorstadt
1032,11,2019,10,5,16,3,5,3,1,1,0,0,0,0,0,0,8.812384290000068,53.080953048000026,Mitte,Bahnhofsvorstadt
1046,11,2019,11,6,12,3,0,1,1,1,0,0,0,0,0,0,8.797378992000063,53.08622055700005,Mitte,Bahnhofsvorstadt
1058,11,2019,11,4,17,3,4,4,1,1,1,0,0,0,2,0,8.805163325000024,53.08363807400008,Mitte,Bahnhofsvorstadt
1073,11,2019,10,3,12,3,6,7,1,0,1,0,0,0,0,1,8.806617388000063,53.08727031800004,Mitte,Bahnhofsvorstadt
1094,11,2019,12,6,14,3,2,3,1,1,0,0,0,0,0,0,8.799760569000057,53.08421693400004,Mitte,Bahnhofsvorstadt
1095,11,2019,12,6,23,3,2,6,1,1,0,0,0,0,2,0,8.81090739700005,53.08003859400003,Mitte,Bahnhofsvorstadt
1108,11,2019,12,2,13,3,5,2,1,1,0,0,0,0,0,0,8.81414346500003,53.081210173000045,Mitte,Bahnhofsvorstadt
1169,11,2019,11,5,13,3,1,7,1,0,0,0,0,1,0,1,8.811103536000076,53.08125273200005,Mitte,Bahnhofsvorstadt
46,11,2020,2,3,11,3,5,2,1,1,0,0,0,0,0,1,8.812650100000042,53.08081529900005,Mitte,Bahnhofsvorstadt
71,11,2020,1,5,10,3,1,5,1,1,0,0,0,0,0,0,8.808473305000064,53.08119548500008,Mitte,Bahnhofsvorstadt
91,11,2020,2,4,8,3,3,2,1,1,0,0,0,0,0,0,8.806674581000038,53.08167557500008,Mitte,Bahnhofsvorstadt
130,11,2020,2,6,15,3,5,3,1,1,0,0,0,0,0,0,8.81413464600007,53.08036405400003,Mitte,Bahnhofsvorstadt
219,11,2020,4,4,8,3,5,2,1,1,0,0,0,0,0,0,8.819099324000035,53.080272785000034,Mitte,Bahnhofsvorstadt
223,11,2020,3,7,19,3,0,1,1,0,0,0,0,0,2,0,8.814053449000028,53.08134975300004,Mitte,Bahnhofsvorstadt
225,11,2020,4,5,22,2,4,6,1,1,0,0,0,0,2,0,8.806141267000044,53.08304667800007,Mitte,Bahnhofsvorstadt
236,11,2020,3,1,20,3,5,3,1,1,0,0,0,0,2,0,8.811311665000062,53.08151428800005,Mitte,Bahnhofsvorstadt
285,11,2020,4,2,12,3,6,4,1,0,1,0,0,0,0,0,8.807012390000068,53.08193190000003,Mitte,Bahnhofsvorstadt
295,11,2020,3,2,14,3,0,7,1,1,0,0,0,0,0,0,8.805478164000021,53.08157713400004,Mitte,Bahnhofsvorstadt
315,11,2020,5,5,13,3,5,3,1,1,0,0,0,0,0,0,8.813475761000063,53.08036548300004,Mitte,Bahnhofsvorstadt
326,11,2020,6,2,9,3,5,2,1,1,0,0,0,0,0,0,8.80854921200006,53.08291613400007,Mitte,Bahnhofsvorstadt
338,11,2020,6,7,15,3,1,7,1,1,0,0,0,0,0,0,8.806330156000058,53.08443771600008,Mitte,Bahnhofsvorstadt
460,11,2020,6,4,17,3,5,2,1,1,0,0,0,0,0,0,8.81950570600003,53.080542308000076,Mitte,Bahnhofsvorstadt
481,11,2020,6,5,16,3,1,5,1,1,0,0,0,0,0,1,8.810712273000036,53.080319366000026,Mitte,Bahnhofsvorstadt
572,11,2020,8,4,17,3,4,2,1,1,0,0,0,0,0,0,8.812615746000063,53.08083300800007,Mitte,Bahnhofsvorstadt
618,11,2020,8,6,23,3,5,3,1,1,0,0,0,0,2,0,8.810189654000055,53.08154705100003,Mitte,Bahnhofsvorstadt
654,11,2020,8,4,17,2,0,7,1,0,0,0,0,0,0,0,8.809717569000043,53.08069126400005,Mitte,Bahnhofsvorstadt
677,11,2020,8,5,14,3,6,4,1,1,1,0,0,0,0,0,8.806881765000071,53.08202611100006,Mitte,Bahnhofsvorstadt
734,11,2020,9,4,13,3,4,7,1,0,0,0,0,0,0,0,8.819510782000066,53.08054574800008,Mitte,Bahnhofsvorstadt
739,11,2020,9,5,17,3,5,3,1,1,0,0,0,0,0,1,8.803161373000023,53.084644370000035,Mitte,Bahnhofsvorstadt
776,11,2020,9,6,13,3,5,3,1,0,0,0,0,0,0,0,8.813386174000073,53.08104333600005,Mitte,Bahnhofsvorstadt
796,11,2020,9,6,8,3,5,3,1,1,0,0,0,0,0,1,8.812339552000026,53.08097702900005,Mitte,Bahnhofsvorstadt
826,11,2020,10,2,15,2,5,3,1,0,0,0,0,1,0,1,8.805727779000051,53.08140691500006,Mitte,Bahnhofsvorstadt
878,11,2020,9,3,11,3,5,2,1,0,0,0,0,0,0,0,8.804782222000028,53.08381778800003,Mitte,Bahnhofsvorstadt
900,11,2020,9,3,13,3,1,5,1,1,0,0,0,0,0,0,8.810666444000049,53.08085163700008,Mitte,Bahnhofsvorstadt
906,11,2020,9,6,17,3,1,3,1,1,0,0,0,0,0,0,8.815867852000054,53.08111435200004,Mitte,Bahnhofsvorstadt
952,11,2020,12,2,17,3,5,2,1,1,0,0,0,0,2,1,8.81952274200006,53.08055385100005,Mitte,Bahnhofsvorstadt
966,11,2020,11,7,12,2,0,7,1,0,0,0,0,0,0,1,8.809089309000058,53.08327192200005,Mitte,Bahnhofsvorstadt
1011,11,2020,10,5,8,3,2,7,1,1,0,0,0,0,0,1,8.817053963000035,53.078797304000034,Mitte,Bahnhofsvorstadt
27,11,2021,6,3,17,3,5,3,1,1,0,0,0,0,0,1,8.807286797000074,53.08215219900006,Mitte,Bahnhofsvorstadt
66,11,2021,7,2,17,3,1,3,1,0,0,0,0,0,0,0,8.807306418000053,53.08216795100003,Mitte,Bahnhofsvorstadt
69,11,2021,6,3,16,3,5,2,1,1,0,0,0,0,0,0,8.799316044000022,53.083884193000074,Mitte,Bahnhofsvorstadt
126,11,2021,6,5,13,3,5,3,1,0,0,0,0,0,0,0,8.802683933000026,53.08468608800007,Mitte,Bahnhofsvorstadt
182,11,2021,4,2,18,3,5,3,1,1,0,0,0,0,0,0,8.816896147000023,53.07858441800005,Mitte,Bahnhofsvorstadt
221,11,2021,1,4,10,3,5,3,1,0,0,0,0,0,0,0,8.813023495000039,53.07957961300008,Mitte,Bahnhofsvorstadt
246,11,2021,1,2,14,3,5,3,1,1,0,0,0,0,0,1,8.807284883000023,53.08237072700007,Mitte,Bahnhofsvorstadt
257,11,2021,4,5,10,3,5,3,1,1,0,0,0,0,0,0,8.812638614000036,53.080821220000075,Mitte,Bahnhofsvorstadt
260,11,2021,5,7,16,3,5,2,1,1,0,0,0,0,0,0,8.808637434000048,53.08289263000006,Mitte,Bahnhofsvorstadt
263,11,2021,5,3,9,3,5,3,1,1,0,0,0,0,0,1,8.807439249000026,53.082253466000054,Mitte,Bahnhofsvorstadt
275,11,2021,6,6,11,3,5,3,1,1,0,0,0,0,0,0,8.811216312000056,53.08015658900007,Mitte,Bahnhofsvorstadt
507,11,2021,3,4,6,3,5,2,1,1,0,0,0,0,1,1,8.79932375200002,53.08387996300007,Mitte,Bahnhofsvorstadt
510,11,2021,12,6,21,3,5,2,1,1,0,0,0,0,2,0,8.81283417700007,53.08091853500008,Mitte,Bahnhofsvorstadt
513,11,2021,11,3,18,2,0,7,1,0,0,0,0,0,2,0,8.813104471000031,53.08008024600008,Mitte,Bahnhofsvorstadt
584,11,2021,8,6,15,3,5,2,1,0,0,0,0,1,0,0,8.815728629000034,53.079482373000076,Mitte,Bahnhofsvorstadt
597,11,2021,11,2,19,3,6,7,1,0,1,0,0,0,2,0,8.812836141000048,53.080719395000074,Mitte,Bahnhofsvorstadt
743,11,2021,12,5,12,3,5,3,1,1,0,0,0,0,0,0,8.808471545000032,53.083284726000045,Mitte,Bahnhofsvorstadt
778,11,2021,12,2,23,2,0,7,1,0,0,0,0,0,2,1,8.81536296400003,53.07738558900007,Mitte,Bahnhofsvorstadt
790,11,2021,12,5,10,3,4,2,1,0,0,0,0,1,0,0,8.80862293000007,53.08289973700005,Mitte,Bahnhofsvorstadt
806,11,2021,10,3,17,3,5,3,1,1,0,0,0,0,0,0,8.806871482000076,53.08175350300007,Mitte,Bahnhofsvorstadt
892,11,2021,11,1,17,3,5,2,1,1,0,0,0,0,2,0,8.809849005000046,53.08255148300003,Mitte,Bahnhofsvorstadt
900,11,2021,10,3,10,3,0,3,1,0,0,0,0,0,0,0,8.805627057000038,53.08241542900004,Mitte,Bahnhofsvorstadt
903,11,2021,11,5,20,3,5,3,1,0,0,0,0,1,0,0,8.810687169000062,53.08011356500003,Mitte,Bahnhofsvorstadt
55,11,2022,1,3,18,3,5,2,1,1,0,0,0,0,2,0,8.80730887800007,53.0821699260001,Mitte,Bahnhofsvorstadt
62,11,2022,6,5,8,3,5,3,1,1,0,0,0,0,0,0,8.81952833200006,53.0805576380001,Mitte,Bahnhofsvorstadt
76,11,2022,6,2,12,2,3,6,1,0,0,0,0,0,0,0,8.79495039000005,53.0845973560001,Mitte,Bahnhofsvorstadt
83,11,2022,1,5,17,3,0,7,1,1,0,0,0,0,2,0,8.80465674300007,53.085819955,Mitte,Bahnhofsvorstadt
146,11,2022,5,4,14,3,5,2,1,1,0,0,0,0,0,0,8.80693931100006,53.0828616040001,Mitte,Bahnhofsvorstadt
214,11,2022,4,4,13,3,5,3,1,1,0,0,0,0,0,0,8.81218523600006,53.0789591290001,Mitte,Bahnhofsvorstadt
330,11,2022,1,3,16,3,6,4,1,0,1,0,0,0,1,0,8.81392506700007,53.0811600910001,Mitte,Bahnhofsvorstadt
363,11,2022,6,4,8,3,0,7,1,0,0,0,0,0,0,0,8.80464782500007,53.0807269840001,Mitte,Bahnhofsvorstadt
368,11,2022,2,4,18,3,2,2,1,1,0,0,0,0,2,0,8.81698450400006,53.078830123,Mitte,Bahnhofsvorstadt
404,11,2022,5,3,10,3,5,3,1,0,0,0,0,0,0,0,8.81624965400005,53.07916312,Mitte,Bahnhofsvorstadt
412,11,2022,5,2,8,3,3,6,1,0,0,0,0,0,0,0,8.80193038800007,53.086566802,Mitte,Bahnhofsvorstadt
468,11,2022,6,3,12,3,5,3,1,0,0,0,0,0,0,0,8.81910282600006,53.080364633,Mitte,Bahnhofsvorstadt
482,11,2022,5,6,16,3,4,6,1,0,0,0,0,0,0,0,8.81200728500005,53.0796640410001,Mitte,Bahnhofsvorstadt
498,11,2022,6,1,13,3,6,7,1,0,1,0,0,0,0,0,8.81525209200004,53.0812145730001,Mitte,Bahnhofsvorstadt
547,11,2022,3,2,18,3,5,3,1,1,0,0,0,0,0,0,8.80971328000004,53.0826882740001,Mitte,Bahnhofsvorstadt
554,11,2022,3,6,16,3,4,6,1,0,0,0,0,0,0,0,8.81062348700004,53.081871091,Mitte,Bahnhofsvorstadt
596,11,2022,12,6,17,3,4,6,1,0,0,0,0,0,2,0,8.79803685600007,53.0835266380001,Mitte,Bahnhofsvorstadt
667,11,2022,9,2,12,3,3,5,1,1,0,0,0,0,0,0,8.80662815700003,53.081633525,Mitte,Bahnhofsvorstadt
671,11,2022,10,7,18,3,1,5,1,1,0,0,0,0,1,1,8.80959362200002,53.081948486,Mitte,Bahnhofsvorstadt
690,11,2022,10,6,14,3,5,3,1,1,0,0,0,0,0,0,8.80478652400006,53.0838153870001,Mitte,Bahnhofsvorstadt
709,11,2022,7,4,5,3,5,3,1,0,0,0,0,1,1,0,8.81156317100005,53.081634052,Mitte,Bahnhofsvorstadt
758,11,2022,7,2,18,3,4,6,1,0,0,0,0,1,0,0,8.80695686100006,53.0818873200001,Mitte,Bahnhofsvorstadt
771,11,2022,10,4,7,3,5,3,1,1,0,0,0,0,2,0,8.80199714200006,53.0865417100001,Mitte,Bahnhofsvorstadt
775,11,2022,10,1,12,3,1,5,1,1,0,0,0,0,0,0,8.81311940700004,53.0795588780001,Mitte,Bahnhofsvorstadt
805,11,2022,12,5,10,3,5,3,1,0,0,0,0,0,0,1,8.80326345400005,53.0846358490001,Mitte,Bahnhofsvorstadt
888,11,2022,9,6,12,3,5,3,1,0,0,0,0,1,0,0,8.80846698000005,53.083011953,Mitte,Bahnhofsvorstadt
909,11,2022,8,3,14,3,5,2,1,1,0,0,0,0,0,0,8.81057865300005,53.0800731840001,Mitte,Bahnhofsvorstadt
958,11,2022,11,5,14,3,3,7,1,0,0,0,0,1,0,0,8.80366202200003,53.086275524,Mitte,Bahnhofsvorstadt
980,11,2022,9,6,11,3,0,7,1,0,0,0,0,0,0,0,8.81199905100004,53.0830479620001,Mitte,Bahnhofsvorstadt
1027,11,2022,9,6,18,3,0,7,1,0,0,0,0,0,0,0,8.80163472800007,53.086681868,Mitte,Bahnhofsvorstadt
1035,11,2022,10,4,18,2,6,4,1,0,1,0,0,0,2,0,8.81506123700007,53.0820797820001,Mitte,Bahnhofsvorstadt
11,11,2023,5,4,8,3,5,3,1,1,0,0,0,0,0,0,8.809437501000048,53.08360149100008,Mitte,Bahnhofsvorstadt
23,11,2023,5,1,15,3,5,3,1,1,0,0,0,0,0,0,8.807450611000036,53.08242181400004,Mitte,Bahnhofsvorstadt
49,11,2023,5,2,18,3,4,1,1,0,0,0,0,0,0,0,8.807128329000022,53.08366852200004,Mitte,Bahnhofsvorstadt
52,11,2023,5,7,19,3,6,4,1,0,1,0,0,0,0,0,8.80470638600002,53.08385789700003,Mitte,Bahnhofsvorstadt
53,11,2023,5,7,14,3,5,2,1,1,0,0,0,0,0,0,8.812528562000068,53.081163616000026,Mitte,Bahnhofsvorstadt
77,11,2023,5,2,7,3,6,4,1,0,1,0,0,0,0,0,8.817364319000035,53.08075013200005,Mitte,Bahnhofsvorstadt
110,11,2023,5,5,18,3,5,3,1,0,0,0,0,0,0,0,8.806580858000075,53.08725391000007,Mitte,Bahnhofsvorstadt
168,11,2023,3,5,18,3,5,3,1,1,0,0,0,0,0,0,8.806340649000049,53.084438713000054,Mitte,Bahnhofsvorstadt
192,11,2023,3,1,22,3,0,7,1,0,0,0,0,0,2,0,8.804762523000022,53.080963206000035,Mitte,Bahnhofsvorstadt
228,11,2023,2,2,15,3,5,3,1,1,0,0,0,0,0,0,8.807438562000073,53.082414519000054,Mitte,Bahnhofsvorstadt
257,11,2023,2,5,10,3,6,4,1,0,1,0,0,0,0,0,8.807530948000021,53.08230821300003,Mitte,Bahnhofsvorstadt
274,11,2023,2,5,18,3,5,3,1,1,0,0,0,0,2,1,8.804663471000026,53.085772648000045,Mitte,Bahnhofsvorstadt
294,11,2023,1,6,20,3,5,3,1,0,0,1,0,0,2,0,8.801269645000048,53.086839068000074,Mitte,Bahnhofsvorstadt
333,11,2023,1,1,9,3,0,7,1,0,0,0,0,0,0,0,8.81299496400004,53.080953865000026,Mitte,Bahnhofsvorstadt
340,11,2023,5,2,7,3,5,3,1,0,0,0,0,0,0,0,8.810605770000052,53.08008327500005,Mitte,Bahnhofsvorstadt
374,11,2023,11,5,18,2,0,7,1,0,0,0,0,0,2,0,8.802350432000026,53.08483764600004,Mitte,Bahnhofsvorstadt
406,11,2023,10,7,4,3,5,3,1,1,0,0,0,0,2,0,8.806340215000034,53.08439296600005,Mitte,Bahnhofsvorstadt
412,11,2023,10,3,18,3,5,3,1,1,0,0,0,0,1,0,8.804579353000065,53.08581200900005,Mitte,Bahnhofsvorstadt
441,11,2023,10,3,18,2,5,3,1,1,0,0,0,0,1,0,8.812601076000021,53.08084057000008,Mitte,Bahnhofsvorstadt
458,11,2023,10,4,9,3,3,6,1,0,0,0,0,0,0,0,8.806326026000022,53.08145656100004,Mitte,Bahnhofsvorstadt
522,11,2023,9,5,16,3,5,2,1,0,0,0,0,0,0,0,8.797145356000044,53.08340165900006,Mitte,Bahnhofsvorstadt
525,11,2023,9,5,21,2,0,7,1,0,1,0,0,0,2,0,8.817250053000066,53.08076846200004,Mitte,Bahnhofsvorstadt
544,11,2023,9,6,17,3,5,3,1,1,0,0,0,0,0,0,8.79499491100006,53.08462420600006,Mitte,Bahnhofsvorstadt
564,11,2023,9,3,8,3,5,3,1,1,0,0,0,0,0,0,8.807556499000043,53.08251120400007,Mitte,Bahnhofsvorstadt
566,11,2023,9,3,7,3,3,6,1,0,0,0,0,0,0,0,8.796219077000046,53.08400724300003,Mitte,Bahnhofsvorstadt
588,11,2023,8,2,9,2,5,2,1,1,0,0,0,0,0,0,8.81237866500004,53.080956066000056,Mitte,Bahnhofsvorstadt
674,11,2023,7,1,19,3,5,3,1,1,0,0,0,0,0,0,8.814392054000052,53.081645104000074,Mitte,Bahnhofsvorstadt
715,11,2023,7,3,16,3,5,3,1,0,0,0,0,1,0,0,8.809318645000076,53.083452985000065,Mitte,Bahnhofsvorstadt
718,11,2023,7,2,12,3,0,7,1,0,0,0,0,0,0,0,8.798456776000023,53.08553342300007,Mitte,Bahnhofsvorstadt
721,11,2023,7,1,15,3,6,4,1,0,1,0,0,0,0,0,8.810241236000024,53.082349427000054,Mitte,Bahnhofsvorstadt
759,11,2023,6,5,20,3,5,3,1,1,0,0,0,0,0,1,8.807227236000074,53.08753707000005,Mitte,Bahnhofsvorstadt
858,11,2023,6,5,7,3,4,6,1,0,0,0,0,0,0,0,8.806691339000054,53.08730353300007,Mitte,Bahnhofsvorstadt
879,11,2023,6,2,15,3,6,4,1,0,1,0,0,0,0,0,8.802336172000025,53.084844126000064,Mitte,Bahnhofsvorstadt
904,11,2023,5,4,7,3,4,6,1,0,0,0,0,0,0,0,8.814329216000033,53.081429237000066,Mitte,Bahnhofsvorstadt
977,11,2023,11,4,16,3,5,3,1,1,0,0,0,0,2,0,8.815181059000054,53.081226134000076,Mitte,Bahnhofsvorstadt
1003,11,2023,11,3,7,3,5,2,1,1,0,0,0,0,1,1,8.811204219000047,53.08010739300005,Mitte,Bahnhofsvorstadt
1016,11,2023,11,5,12,3,2,7,1,1,0,0,0,0,0,0,8.794972676000043,53.08461079600005,Mitte,Bahnhofsvorstadt
37,11,2016,2,6,5,3,5,3,1,0,0,0,0,0,2,1,8.81582281,53.07446082,Mitte,Ostertor
51,11,2016,1,7,20,3,0,7,1,0,0,0,0,0,2,1,8.820560699,53.07268377,Mitte,Ostertor
54,11,2016,2,1,11,3,5,3,1,1,0,0,0,0,0,0,8.818102926,53.077723658,Mitte,Ostertor
67,11,2016,3,3,11,3,5,3,1,1,0,0,0,0,0,0,8.821304602,53.072757536,Mitte,Ostertor
136,11,2016,4,4,19,3,0,7,1,0,0,0,0,0,0,1,8.819437836,53.072574695,Mitte,Ostertor
141,11,2016,4,1,0,3,0,7,1,0,0,0,0,0,2,0,8.817882461,53.072374958,Mitte,Ostertor
152,11,2016,4,6,14,3,2,6,1,1,0,0,0,0,0,0,8.821997548,53.072830997,Mitte,Ostertor
177,11,2016,4,2,17,2,1,5,1,1,0,0,0,0,0,0,8.816264784,53.073299118,Mitte,Ostertor
187,11,2016,4,3,17,3,1,5,1,1,0,0,0,0,0,1,8.822043447,53.072833741,Mitte,Ostertor
210,11,2016,3,3,8,3,5,2,1,1,0,0,0,0,0,0,8.826258078,53.079319547,Mitte,Ostertor
214,11,2016,3,6,7,3,0,1,1,0,0,0,0,0,0,2,8.818998058,53.080217263,Mitte,Ostertor
253,11,2016,6,7,15,3,0,7,1,1,0,0,0,0,0,0,8.818153169,53.07480559,Mitte,Ostertor
328,11,2016,5,7,0,3,5,3,1,1,0,0,0,0,2,0,8.824616746,53.06891196,Mitte,Ostertor
375,11,2016,5,7,21,3,0,7,1,0,0,0,0,0,2,0,8.815123755,53.070504835,Mitte,Ostertor
378,11,2016,5,6,7,3,5,3,1,1,0,0,0,0,0,0,8.817084274,53.078782982,Mitte,Ostertor
440,11,2016,6,1,1,3,5,7,1,1,0,0,0,0,2,0,8.818122956,53.072402872,Mitte,Ostertor
476,11,2016,6,6,11,3,3,7,1,1,0,0,0,0,0,1,8.824055389,53.079233888,Mitte,Ostertor
504,11,2016,7,1,1,3,1,1,1,1,0,0,0,0,2,0,8.824347691,53.069905965,Mitte,Ostertor
508,11,2016,7,4,15,3,0,1,1,0,0,0,0,0,0,0,8.819997638,53.07576239,Mitte,Ostertor