,UKREIS,UJAHR,UMONAT,UWOCHENTAG,USTUNDE,UKATEGORIE,UART,UTYP1,IstRad,IstPKW,IstFuss,IstKrad,IstGkfz,IstSonstig,ULICHTVERH,STRZUSTAND,longitude,latitude,Stadtteil,Ortsteil
740,11,2016,9,5,12,3,5,3,1,1,0,0,0,0,0,0,8.632551119,53.181297925,Vegesack,Schönebeck
906,11,2016,10,1,4,3,0,1,1,0,0,0,0,0,2,1,8.649599253,53.176740395,Vegesack,Schönebeck
327,11,2017,6,2,9,3,5,3,1,1,0,0,0,0,0,0,8.640013009000029,53.174564892000035,Vegesack,Schönebeck
453,11,2017,5,4,16,2,0,1,1,0,0,0,0,0,0,0,8.65032721800003,53.18122875700004,Vegesack,Schönebeck
551,11,2017,7,1,14,2,1,7,1,1,0,0,0,0,0,0,8.638887117000024,53.18166230600008,Vegesack,Schönebeck
869,11,2017,9,2,5,2,5,3,1,1,0,0,0,0,2,1,8.64971276500006,53.17392370600004,Vegesack,Schönebeck
884,11,2017,11,4,13,3,5,3,1,1,0,0,0,0,0,1,8.635645329000056,53.17911148400003,Vegesack,Schönebeck
1054,11,2017,9,4,15,3,5,3,1,1,0,0,0,0,0,0,8.633556651000049,53.18217411900008,Vegesack,Schönebeck
1063,11,2017,9,3,6,3,5,3,1,1,0,0,0,0,1,1,8.641359653000052,53.17604799600008,Vegesack,Schönebeck
1164,11,2017,12,5,10,3,0,7,1,1,0,0,0,0,0,0,8.638064478000047,53.181746184000076,Vegesack,Schönebeck
588,11,2018,6,6,7,3,5,3,1,1,0,0,0,0,0,0,8.656472696000037,53.17576371000007,Vegesack,Schönebeck
624,11,2018,6,4,13,3,5,2,1,1,0,0,0,0,0,0,8.638126209000063,53.17325492300006,Vegesack,Schönebeck
829,11,2018,8,5,8,3,8,1,1,0,0,0,0,0,0,0,8.638989042000048,53.173211191000064,Vegesack,Schönebeck
839,11,2018,8,4,19,3,7,1,1,0,0,0,0,0,0,0,8.633914012000048,53.18251259900006,Vegesack,Schönebeck
902,11,2018,9,1,23,3,6,4,1,0,1,0,0,0,2,0,8.63347045200004,53.18209907800008,Vegesack,Schönebeck
986,11,2018,9,5,12,3,5,3,1,1,0,0,0,0,0,0,8.640027834000023,53.187973413000066,Vegesack,Schönebeck
64,11,2019,2,6,7,3,5,2,1,0,0,0,1,0,0,0,8.649746746000062,53.17375172700008,Vegesack,Schönebeck
512,11,2019,6,6,8,3,1,5,1,1,0,0,0,0,0,0,8.65069214500005,53.18035596100003,Vegesack,Schönebeck
544,11,2019,5,5,11,3,0,7,1,0,0,0,0,0,0,0,8.65029824000004,53.17393813700005,Vegesack,Schönebeck
587,11,2019,8,5,15,3,0,7,1,0,0,0,0,0,0,0,8.648555718000068,53.17372358000006,Vegesack,Schönebeck
723,11,2019,9,5,5,3,5,3,1,1,0,0,0,0,2,0,8.638113782000062,53.173241363000045,Vegesack,Schönebeck
67,11,2020,1,3,16,2,5,3,1,0,0,1,0,0,1,0,8.650106544000039,53.17391808200006,Vegesack,Schönebeck
190,11,2020,3,4,13,3,5,2,1,1,0,0,0,0,0,0,8.638105922000022,53.173228968000046,Vegesack,Schönebeck
474,11,2020,6,4,13,3,0,7,1,0,0,0,0,0,0,0,8.65138620600004,53.174035711000045,Vegesack,Schönebeck
554,11,2020,7,7,13,3,5,3,1,1,0,0,0,0,0,1,8.63912866100003,53.17320637800003,Vegesack,Schönebeck
329,11,2021,6,5,13,3,5,2,1,1,0,0,0,0,0,0,8.64989205300003,53.17389559800006,Vegesack,Schönebeck
808,11,2021,10,5,14,3,6,7,1,0,1,0,0,0,0,0,8.63742466900004,53.18179571300004,Vegesack,Schönebeck
29,11,2022,5,5,16,3,5,3,1,1,0,0,0,0,0,0,8.63431534000006,53.182878719,Vegesack,Schönebeck
443,11,2022,4,3,4,3,0,7,1,0,0,0,0,0,2,0,8.64016802200007,53.1731722850001,Vegesack,Schönebeck
492,11,2022,7,3,7,3,3,6,1,0,0,0,0,1,0,0,8.64121214900007,53.1731599670001,Vegesack,Schönebeck
651,11,2022,9,2,15,3,5,3,1,1,0,0,0,0,0,0,8.64958073200006,53.1738663290001,Vegesack,Schönebeck
1068,11,2022,11,1,12,2,0,7,1,0,0,0,0,0,0,0,8.63326321500006,53.179434158,Vegesack,Schönebeck
668,11,2023,8,3,12,3,3,2,1,0,0,0,0,1,0,1,8.65373822500004,53.17428636800008,Vegesack,Schönebeck
823,11,2023,6,5,7,3,5,3,1,1,0,0,0,0,0,0,8.64061143400005,53.18358363900006,Vegesack,Schönebeck
40,11,2016,2,2,10,3,0,1,1,0,0,0,0,0,0,1,8.770262255,53.072310781,Woltmershausen,Woltmershausen
104,11,2016,1,5,17,3,5,2,1,1,0,0,0,0,2,1,8.784042183,53.07556884,Woltmershausen,Woltmershausen
167,11,2016,4,6,19,3,0,7,1,0,0,0,0,0,0,0,8.765834807,53.082152753,Woltmershausen,Woltmershausen
174,11,2016,3,5,9,3,6,4,1,0,1,0,0,0,0,0,8.765408625,53.084933272,Woltmershausen,Woltmershausen
432,11,2016,6,6,19,3,1,7,1,1,0,0,0,0,0,0,8.776227156,53.071636429,Woltmershausen,Woltmershausen
597,11,2016,7,6,12,3,1,5,1,1,0,0,0,0,0,0,8.769274265,53.082591495,Woltmershausen,Woltmershausen
605,11,2016,7,6,12,3,4,6,1,0,0,0,0,0,0,0,8.783603357,53.075521911,Woltmershausen,Woltmershausen
689,11,2016,8,6,15,3,4,2,1,1,0,0,0,0,0,1,8.784098571,53.075618285,Woltmershausen,Woltmershausen
706,11,2016,7,4,15,3,5,3,1,1,0,0,0,0,0,0,8.770724305,53.078508261,Woltmershausen,Woltmershausen
716,11,2016,9,3,20,3,1,7,1,0,1,0,0,0,2,0,8.773990138,53.077806914,Woltmershausen,Woltmershausen
717,11,2016,9,3,17,3,5,3,1,1,0,0,0,0,0,0,8.769162034,53.082699114,Woltmershausen,Woltmershausen
725,11,2016,9,4,7,3,3,2,1,0,0,0,1,0,0,0,8.784051937,53.075570081,Woltmershausen,Woltmershausen
846,11,2016,9,2,14,2,5,3,1,1,0,0,0,0,0,0,8.78393542,53.075720163,Woltmershausen,Woltmershausen
873,11,2016,9,5,15,3,3,6,1,0,0,0,0,0,0,0,8.767226038,53.081003809,Woltmershausen,Woltmershausen
875,11,2016,9,4,15,3,0,7,1,0,0,0,0,0,0,0,8.767430295,53.08081625,Woltmershausen,Woltmershausen
892,11,2016,8,4,17,3,5,2,1,1,0,0,0,0,0,0,8.762309534,53.087134721,Woltmershausen,Woltmershausen
969,11,2016,10,3,13,3,1,7,1,1,0,0,0,0,0,0,8.772008935,53.071641519,Woltmershausen,Woltmershausen
985,11,2016,10,1,13,2,4,6,1,0,0,0,0,0,0,0,8.784086288,53.075625732,Woltmershausen,Woltmershausen
1015,11,2016,10,3,13,3,0,1,1,0,0,0,0,0,0,0,8.769665398,53.082442326,Woltmershausen,Woltmershausen
1030,11,2016,11,4,17,3,5,3,1,0,0,0,0,1,2,1,8.780250616,53.078267947,Woltmershausen,Woltmershausen
1121,11,2016,12,2,12,3,5,3,1,1,0,0,0,0,0,1,8.775537878,53.076821653,Woltmershausen,Woltmershausen
62,11,2017,1,3,15,3,1,5,1,1,0,0,0,0,0,1,8.768858900000055,53.08306730600003,Woltmershausen,Woltmershausen
107,11,2017,3,2,9,3,5,2,1,1,0,0,0,0,0,1,8.765574073000039,53.07412796500006,Woltmershausen,Woltmershausen
128,11,2017,3,2,13,3,3,7,1,1,0,0,0,0,0,0,8.761977333000061,53.08067655000008,Woltmershausen,Woltmershausen
135,11,2017,3,4,10,3,5,3,1,1,0,0,0,0,0,0,8.782148043000063,53.075616998000044,Woltmershausen,Woltmershausen
191,11,2017,5,3,12,3,1,5,1,1,0,0,0,0,0,0,8.768469968000034,53.07996304200003,Woltmershausen,Woltmershausen
378,11,2017,6,5,21,3,0,7,1,0,0,0,0,0,0,0,8.768684671000074,53.08321263700003,Woltmershausen,Woltmershausen
421,11,2017,5,5,18,3,1,7,1,1,0,0,0,1,0,0,8.770303007000052,53.08226366800005,Woltmershausen,Woltmershausen
429,11,2017,5,3,15,3,5,3,1,0,0,1,0,0,0,0,8.763515206000022,53.08638573700006,Woltmershausen,Woltmershausen
443,11,2017,5,6,11,3,5,3,1,1,0,0,0,0,0,0,8.779420301000073,53.07605721900006,Woltmershausen,Woltmershausen
582,11,2017,6,6,14,3,5,3,1,1,0,0,0,0,0,1,8.757214786000077,53.07926169800004,Woltmershausen,Woltmershausen
683,11,2017,9,7,12,3,0,5,1,1,0,0,0,0,0,0,8.762169855000025,53.088419653000074,Woltmershausen,Woltmershausen
780,11,2017,8,5,12,3,5,3,1,1,0,0,0,0,0,0,8.769707500000038,53.082431015000054,Woltmershausen,Woltmershausen
789,11,2017,8,7,7,3,8,1,1,0,0,0,0,0,0,0,8.772015164000038,53.08181855600003,Woltmershausen,Woltmershausen
821,11,2017,8,5,15,3,5,3,1,1,0,0,0,0,0,1,8.775512939000066,53.076828284000044,Woltmershausen,Woltmershausen
969,11,2017,9,3,7,3,4,6,1,0,0,0,0,0,1,1,8.784400964000042,53.07545615300006,Woltmershausen,Woltmershausen
1043,11,2017,9,6,16,3,0,7,1,0,0,0,0,0,0,0,8.758613360000027,53.08829091500007,Woltmershausen,Woltmershausen
95,11,2018,3,5,16,3,5,3,1,1,0,0,0,0,0,0,8.768761459000075,53.079752348000056,Woltmershausen,Woltmershausen
266,11,2018,3,7,17,3,5,3,1,1,0,0,0,0,0,0,8.760138840000025,53.08799765100008,Woltmershausen,Woltmershausen
268,11,2018,4,4,10,2,5,3,1,0,0,0,0,1,0,0,8.781543503000023,53.07770538300008,Woltmershausen,Woltmershausen
273,11,2018,3,5,9,2,5,3,1,0,0,0,1,0,0,1,8.783999829000038,53.07556344800008,Woltmershausen,Woltmershausen
302,11,2018,5,7,9,2,5,6,1,1,0,0,0,0,0,0,8.78203591600004,53.07738679900007,Woltmershausen,Woltmershausen
397,11,2018,5,2,14,3,4,6,1,1,0,0,0,0,0,0,8.762255750000065,53.09023169800008,Woltmershausen,Woltmershausen
545,11,2018,7,3,16,3,0,3,1,1,0,0,0,0,0,0,8.774968179000041,53.07726899600004,Woltmershausen,Woltmershausen
556,11,2018,6,7,12,3,1,5,1,1,0,0,0,0,0,0,8.783123801000045,53.07552195800008,Woltmershausen,Woltmershausen
599,11,2018,6,5,16,3,5,2,1,1,0,0,0,0,0,0,8.774011474000076,53.08066513800003,Woltmershausen,Woltmershausen
667,11,2018,8,4,16,3,1,7,1,1,0,0,0,0,0,0,8.77836826400005,53.07623489700006,Woltmershausen,Woltmershausen
687,11,2018,8,3,9,3,0,7,1,1,0,0,0,0,0,0,8.775253958000064,53.07045975700004,Woltmershausen,Woltmershausen
741,11,2018,8,5,7,3,3,7,1,1,0,0,0,0,0,0,8.767953996000074,53.07321292800003,Woltmershausen,Woltmershausen
945,11,2018,9,1,18,2,0,7,1,0,0,0,0,0,0,0,8.76551031300005,53.082414407000044,Woltmershausen,Woltmershausen
1017,11,2018,9,3,7,3,5,3,1,1,0,0,0,0,0,0,8.780333650000046,53.07583821600008,Woltmershausen,Woltmershausen
1071,11,2018,12,7,19,3,3,6,1,1,0,0,0,0,2,1,8.766716899000073,53.08508227000004,Woltmershausen,Woltmershausen
1129,11,2018,12,5,7,3,5,3,1,1,0,0,0,0,0,1,8.760162151000031,53.087945380000065,Woltmershausen,Woltmershausen
1193,11,2018,11,6,16,3,5,3,1,1,0,0,0,0,2,0,8.775279132000037,53.070486595000034,Woltmershausen,Woltmershausen
1244,11,2018,11,6,17,2,0,1,1,0,0,0,0,0,0,0,8.765056351000055,53.08274875700005,Woltmershausen,Woltmershausen
107,11,2019,1,7,12,3,5,3,1,1,0,0,0,0,0,1,8.765881106000052,53.074007520000066,Woltmershausen,Woltmershausen
134,11,2019,2,5,16,3,5,3,1,1,0,0,0,0,0,0,8.773111319000066,53.07133111500008,Woltmershausen,Woltmershausen
390,11,2019,4,5,7,3,5,3,1,1,0,0,0,0,0,0,8.764604490000067,53.08301605500003,Woltmershausen,Woltmershausen
428,11,2019,6,4,14,2,5,2,1,0,0,0,0,1,0,0,8.771743920000063,53.079250296000055,Woltmershausen,Woltmershausen
632,11,2019,7,5,11,3,5,3,1,1,0,0,0,0,0,0,8.77494267000003,53.08019176300007,Woltmershausen,Woltmershausen
799,11,2019,8,7,1,3,4,6,1,0,0,0,0,0,2,0,8.783320041000025,53.076202239000054,Woltmershausen,Woltmershausen
877,11,2019,9,4,11,3,5,2,1,1,0,0,0,0,0,1,8.770123213000034,53.07228900900003,Woltmershausen,Woltmershausen
1018,11,2019,10,1,16,3,1,7,1,1,0,0,0,0,0,0,8.769413587000031,53.08251516400003,Woltmershausen,Woltmershausen
124,11,2020,1,6,13,3,3,6,1,0,0,0,0,0,0,0,8.762334253000063,53.087138167000035,Woltmershausen,Woltmershausen
297,11,2020,3,1,18,3,5,2,1,1,0,0,0,0,1,1,8.773129157000028,53.08116594000006,Woltmershausen,Woltmershausen
540,11,2020,8,5,5,3,0,2,1,0,0,0,0,1,0,1,8.773036534000028,53.077636435000045,Woltmershausen,Woltmershausen
555,11,2020,7,5,20,3,4,6,1,0,0,0,0,0,0,0,8.776091910000048,53.079589716000044,Woltmershausen,Woltmershausen
623,11,2020,7,2,19,3,1,5,1,1,0,0,0,0,0,0,8.766942630000074,53.08413353800006,Woltmershausen,Woltmershausen
842,11,2020,10,7,15,3,5,3,1,1,0,0,0,0,0,0,8.77012147000005,53.07228708000008,Woltmershausen,Woltmershausen
860,11,2020,9,3,17,3,5,3,1,1,0,0,0,0,0,0,8.76684073000007,53.07125900300008,Woltmershausen,Woltmershausen
895,11,2020,9,5,14,2,3,7,1,0,0,0,0,0,0,0,8.757580422000046,53.08222842500004,Woltmershausen,Woltmershausen
913,11,2020,9,3,13,3,5,3,1,1,0,0,0,0,0,0,8.766848770000024,53.071260636000034,Woltmershausen,Woltmershausen
958,11,2020,11,2,9,2,0,7,1,0,0,0,0,0,0,0,8.783936168000025,53.07573234600005,Woltmershausen,Woltmershausen
992,11,2020,12,4,16,3,5,2,1,0,0,0,1,0,1,0,8.78401337400004,53.07568006200006,Woltmershausen,Woltmershausen
1027,11,2020,12,6,13,3,8,1,1,0,0,0,0,0,0,0,8.771570815000075,53.078177218000064,Woltmershausen,Woltmershausen
1051,11,2020,12,6,12,3,5,3,1,1,0,0,0,0,0,1,8.782158706000075,53.07563825200003,Woltmershausen,Woltmershausen
24,11,2021,7,4,15,2,8,1,1,0,0,0,0,0,0,0,8.759753360000047,53.08234754700004,Woltmershausen,Woltmershausen
169,11,2021,4,6,23,2,1,7,1,1,0,0,0,0,2,0,8.764190506000034,53.087766275000035,Woltmershausen,Woltmershausen
173,11,2021,2,3,17,3,3,6,1,0,0,0,0,0,2,2,8.779125201000056,53.07611155300003,Woltmershausen,Woltmershausen
255,11,2021,6,4,13,3,5,2,1,1,0,0,0,0,0,0,8.772196209000072,53.07874601200007,Woltmershausen,Woltmershausen
375,11,2021,6,5,11,3,5,3,1,1,0,0,0,0,0,0,8.781252063000068,53.07575584700004,Woltmershausen,Woltmershausen
394,11,2021,6,5,5,3,5,3,1,1,0,0,0,0,0,0,8.774282889000062,53.07764471100006,Woltmershausen,Woltmershausen
484,11,2021,5,7,13,3,8,3,1,1,0,0,0,0,0,0,8.766911428000071,53.07121710600006,Woltmershausen,Woltmershausen
509,11,2021,4,4,12,3,3,6,1,0,0,0,0,0,0,0,8.765554226000063,53.07099781000005,Woltmershausen,Woltmershausen
687,11,2021,9,2,8,3,3,6,1,0,0,0,0,0,0,0,8.77477721200006,53.08027533600006,Woltmershausen,Woltmershausen
688,11,2021,11,6,8,3,0,7,1,0,0,0,0,1,0,1,8.761418282000022,53.07589574100007,Woltmershausen,Woltmershausen
744,11,2021,11,2,7,3,5,3,1,1,0,0,0,0,0,0,8.765651969000032,53.082296487000065,Woltmershausen,Woltmershausen
758,11,2021,12,6,14,3,2,6,1,1,0,0,0,0,0,0,8.765905985000074,53.07406445700008,Woltmershausen,Woltmershausen
777,11,2021,9,1,9,3,4,6,1,0,0,0,0,1,0,0,8.772135609000031,53.08176358400004,Woltmershausen,Woltmershausen
815,11,2021,10,6,16,3,0,7,1,1,0,0,0,0,0,0,8.775828830000023,53.07110193200003,Woltmershausen,Woltmershausen
893,11,2021,11,4,13,3,0,1,1,0,0,0,0,0,0,0,8.767025915000033,53.08410242400004,Woltmershausen,Woltmershausen
36,11,2022,5,2,16,3,5,3,1,0,1,0,0,0,0,0,8.77020458900006,53.080369482,Woltmershausen,Woltmershausen
65,11,2022,4,4,19,3,5,3,1,1,0,0,0,0,0,0,8.77258273000007,53.081397264,Woltmershausen,Woltmershausen
262,11,2022,7,6,10,3,5,3,1,0,0,1,0,0,0,1,8.76455340200005,53.0830481560001,Woltmershausen,Woltmershausen
291,11,2022,3,5,6,3,4,2,1,1,0,0,0,0,0,1,8.75610102400003,53.079385997,Woltmershausen,Woltmershausen
383,11,2022,5,2,8,3,5,3,1,1,0,0,0,0,0,0,8.76909364600004,53.082687236,Woltmershausen,Woltmershausen
418,11,2022,6,3,7,3,5,2,1,1,0,0,0,0,0,0,8.78406994100004,53.075572374,Woltmershausen,Woltmershausen
427,11,2022,7,6,19,3,5,3,1,1,0,0,0,0,0,0,8.78156563100003,53.077730876,Woltmershausen,Woltmershausen
530,11,2022,4,6,15,2,5,3,1,0,0,0,0,1,0,0,8.76056400700003,53.08788301,Woltmershausen,Woltmershausen
581,11,2022,5,2,18,3,5,2,1,1,0,0,0,0,0,0,8.76417161200004,53.085917362,Woltmershausen,Woltmershausen
604,11,2022,7,7,21,3,9,7,1,0,0,0,0,0,1,0,8.76243455100007,53.070142467,Woltmershausen,Woltmershausen
616,11,2022,8,7,14,3,4,6,1,1,0,0,0,0,0,0,8.77234083300004,53.0716291630001,Woltmershausen,Woltmershausen
729,11,2022,11,6,15,3,3,6,1,0,0,0,0,0,0,0,8.77733997600006,53.079228932,Woltmershausen,Woltmershausen
756,11,2022,11,4,7,3,1,5,1,1,0,0,0,0,0,0,8.77259855100004,53.081475562,Woltmershausen,Woltmershausen
763,11,2022,11,4,13,3,5,2,1,1,0,0,0,0,0,1,8.76610846300002,53.0739197730001,Woltmershausen,Woltmershausen
808,11,2022,9,5,7,3,6,4,1,0,1,0,0,0,0,0,8.77495935700006,53.080153969,Woltmershausen,Woltmershausen
841,11,2022,10,4,16,3,8,7,1,0,0,0,0,0,0,0,8.76289933500004,53.0769050920001,Woltmershausen,Woltmershausen
854,11,2022,8,4,15,3,1,7,1,1,0,0,0,0,0,0,8.77132585500004,53.0819364770001,Woltmershausen,Woltmershausen
1025,11,2022,11,3,17,3,5,3,1,1,0,0,0,0,1,1,8.76420900600004,53.0858945320001,Woltmershausen,Woltmershausen
44,11,2023,5,2,17,3,1,5,1,1,0,0,0,0,0,0,8.762586826000074,53.08644790900007,Woltmershausen,Woltmershausen
160,11,2023,4,2,9,3,0,7,1,1,0,0,0,0,0,0,8.759307450000051,53.07740821900006,Woltmershausen,Woltmershausen
345,11,2023,3,2,7,3,5,2,1,1,0,0,0,0,1,1,8.76505200300005,53.08518906000006,Woltmershausen,Woltmershausen
392,11,2023,10,6,8,3,0,5,1,1,0,0,0,0,0,1,8.76536650600002,53.08496230500003,Woltmershausen,Woltmershausen
398,11,2023,10,4,9,3,4,6,1,0,0,0,0,0,0,0,8.772577732000059,53.08148955400003,Woltmershausen,Woltmershausen
660,11,2023,8,7,17,3,1,5,1,1,0,0,0,0,0,0,8.780133171000045,53.07594450700003,Woltmershausen,Woltmershausen
690,11,2023,7,5,7,3,3,2,1,0,0,0,1,0,0,0,8.782995232000076,53.076481913000066,Woltmershausen,Woltmershausen
726,11,2023,7,7,23,3,4,6,1,0,0,0,0,0,2,0,8.782104203000074,53.07732531800008,Woltmershausen,Woltmershausen
760,11,2023,9,2,17,3,6,4,1,0,1,0,0,0,0,0,8.774196369000038,53.08062095000008,Woltmershausen,Woltmershausen
799,11,2023,6,3,10,3,5,3,1,1,0,0,0,0,0,0,8.774034628000038,53.08066857600005,Woltmershausen,Woltmershausen
812,11,2023,6,1,18,3,6,4,1,0,1,0,0,0,0,0,8.759800536000057,53.08809103200008,Woltmershausen,Woltmershausen
869,11,2023,6,3,12,3,6,4,1,0,1,0,0,0,0,0,8.773295011000073,53.07753436400003,Woltmershausen,Woltmershausen
953,11,2023,12,5,15,3,5,3,1,1,0,0,0,0,0,0,8.784104718000037,53.07561820500007,Woltmershausen,Woltmershausen
1017,11,2023,11,5,12,3,1,5,1,1,0,0,0,0,0,0,8.761887157000046,53.087378615000034,Woltmershausen,Woltmershausen
41,11,2016,2,5,7,3,0,1,1,0,0,0,0,0,0,2,8.930578089,53.068736191,Osterholz,Ellener Feld
129,11,2016,3,7,19,3,5,3,1,0,0,0,0,1,2,0,8.932752082,53.065173404,Osterholz,Ellener Feld
670,11,2016,8,6,9,3,5,3,1,1,0,0,0,0,0,0,8.925386642,53.073007888,Osterholz,Ellener Feld
871,11,2016,8,6,17,3,0,1,1,0,0,0,0,0,0,0,8.929197436,53.064295011,Osterholz,Ellener Feld
1147,11,2016,12,7,12,3,0,5,1,1,0,0,0,0,0,0,8.92363413,53.060427647,Osterholz,Ellener Feld
106,11,2017,3,2,13,3,5,3,1,1,0,0,0,0,0,1,8.918824123000036,53.05961163600006,Osterholz,Ellener Feld
206,11,2017,5,3,10,3,5,3,1,1,0,0,0,0,0,0,8.923898954000038,53.07296401800005,Osterholz,Ellener Feld
653,11,2017,6,4,8,3,1,5,1,1,0,0,0,0,0,0,8.928846031000035,53.061116223000056,Osterholz,Ellener Feld
690,11,2017,9,6,14,3,1,5,1,1,0,0,0,0,0,1,8.933290993000071,53.06663144600003,Osterholz,Ellener Feld
122,11,2018,2,6,14,3,5,2,1,1,0,0,0,0,0,0,8.923544303000028,53.059401904000026,Osterholz,Ellener Feld
154,11,2018,3,4,22,3,4,6,1,0,0,0,0,0,2,1,8.92886367400007,53.07197177300003,Osterholz,Ellener Feld
690,11,2018,7,3,20,3,5,3,1,1,0,0,0,0,0,0,8.927739705000022,53.07251837700005,Osterholz,Ellener Feld
1228,11,2018,10,3,16,3,5,3,1,1,0,0,0,0,0,0,8.916689877000067,53.07120220200005,Osterholz,Ellener Feld
249,11,2019,3,3,18,3,0,7,1,0,0,0,0,1,0,0,8.929476038000075,53.06583107200004,Osterholz,Ellener Feld
752,11,2019,9,6,7,3,0,7,1,0,0,0,0,0,0,1,8.928670863000036,53.06065463500005,Osterholz,Ellener Feld
900,11,2019,11,6,19,3,4,6,1,0,0,0,0,0,2,1,8.928107504000025,53.07236873700003,Osterholz,Ellener Feld
1004,11,2019,11,5,13,3,0,2,1,1,0,0,0,0,0,1,8.931580914000051,53.062201396000034,Osterholz,Ellener Feld
439,11,2020,6,6,20,1,5,3,1,1,0,0,0,0,0,0,8.927703982000025,53.072531679000065,Osterholz,Ellener Feld
722,11,2020,10,4,16,3,5,2,1,1,0,0,0,0,0,0,8.92559204500003,53.06987063100007,Osterholz,Ellener Feld
1065,11,2020,10,4,7,3,5,3,1,1,0,0,0,0,0,0,8.932739813000069,53.065142871000035,Osterholz,Ellener Feld
213,11,2021,7,7,12,3,3,6,1,1,0,0,0,0,0,0,8.928643995000073,53.06057567600004,Osterholz,Ellener Feld
315,11,2022,3,3,10,3,1,5,1,1,0,0,0,0,0,0,8.92642514100004,53.069682443,Osterholz,Ellener Feld
754,11,2022,9,6,9,3,5,3,1,1,0,0,0,0,0,0,8.91774162400003,53.071277921,Osterholz,Ellener Feld
1020,11,2022,9,5,5,3,2,6,1,1,0,0,0,0,2,0,8.92362202400005,53.0606734690001,Osterholz,Ellener Feld
181,11,2023,3,1,16,3,3,2,1,1,0,0,0,0,0,0,8.93053324500005,53.05904275900008,Osterholz,Ellener Feld
423,11,2023,10,6,7,3,5,2,1,1,0,0,0,0,1,1,8.91771218200006,53.07127558800005,Osterholz,Ellener Feld
538,11,2023,9,2,1,3,5,3,1,1,0,0,0,0,2,0,8.923407565000048,53.05944998600006,Osterholz,Ellener Feld
714,11,2023,7,3,11,3,1,7,1,1,0,0,0,0,0,0,8.924387254000067,53.07015525600008,Osterholz,Ellener Feld
827,11,2023,6,5,15,3,5,3,1,1,0,0,0,0,0,0,8.93372927300004,53.06801401800004,Osterholz,Ellener Feld
43,12,2016,2,2,16,3,6,7,1,0,1,0,0,0,0,0,8.592278328,53.51639085,Wulsdorf,Geestemünde-Süd
227,12,2016,4,2,15,3,2,6,1,1,0,0,0,0,0,0,8.597643307,53.51581423,Wulsdorf,Geestemünde-Süd
237,12,2016,5,3,12,3,5,3,1,1,0,0,0,0,0,0,8.591177248,53.518318718,Wulsdorf,Geestemünde-Süd
441,12,2016,6,4,8,3,3,2,1,1,0,0,0,0,0,0,8.60067878,53.514274881,Wulsdorf,Geestemünde-Süd
490,12,2016,7,6,12,3,0,1,1,0,0,0,0,0,0,0,8.602319977,53.507690204,Wulsdorf,Geestemünde-Süd
492,12,2016,6,5,22,3,5,3,1,1,0,0,0,0,2,1,8.598620272,53.505536054,Wulsdorf,Geestemünde-Süd
561,12,2016,8,4,15,3,5,3,1,0,0,0,0,0,0,0,8.601179641,53.495872107,Wulsdorf,Geestemünde-Süd
917,12,2016,10,7,22,3,0,1,1,0,0,0,0,0,2,0,8.591194267,53.518287336,Wulsdorf,Geestemünde-Süd
1038,12,2016,10,6,14,3,5,3,1,1,0,0,0,0,0,1,8.601122883,53.497222475,Wulsdorf,Geestemünde-Süd
1123,12,2016,12,5,15,3,5,3,1,1,0,0,0,0,0,1,8.595817433,53.510195915,Wulsdorf,Geestemünde-Süd
1127,12,2016,11,1,16,2,5,3,1,1,0,0,0,0,1,1,8.592771629,53.515605909,Wulsdorf,Geestemünde-Süd
25,12,2017,1,7,14,3,5,3,1,0,0,0,0,1,0,0,8.599936050000053,53.512243366000064,Wulsdorf,Geestemünde-Süd
114,12,2017,3,5,16,3,5,3,1,1,0,0,0,0,0,0,8.599817546000054,53.49572773300008,Wulsdorf,Geestemünde-Süd
133,12,2017,3,5,12,3,5,2,1,0,0,0,0,1,0,1,8.595294102000025,53.51124784700005,Wulsdorf,Geestemünde-Süd