,UKREIS,UJAHR,UMONAT,UWOCHENTAG,USTUNDE,UKATEGORIE,UART,UTYP1,IstRad,IstPKW,IstFuss,IstKrad,IstGkfz,IstSonstig,ULICHTVERH,STRZUSTAND,longitude,latitude,Stadtteil,Ortsteil
178,11,2018,4,7,17,3,5,2,1,1,0,0,0,0,0,0,8.784994121000068,53.10222295500006,Walle,Walle
195,11,2018,4,7,15,2,5,3,1,1,0,0,0,0,0,0,8.775366917000042,53.10758264200007,Walle,Walle
204,11,2018,5,4,9,3,3,2,1,0,0,0,0,0,0,0,8.778807828000026,53.09999277400004,Walle,Walle
291,11,2018,5,2,12,3,5,2,1,1,0,0,0,0,0,0,8.784188053000037,53.10338563300007,Walle,Walle
293,11,2018,5,4,17,3,3,6,1,0,0,0,0,0,0,0,8.786347457000034,53.10088571500006,Walle,Walle
315,11,2018,5,3,15,3,0,1,1,0,0,0,0,0,0,0,8.780506752000065,53.10066379700004,Walle,Walle
338,11,2018,6,2,12,2,0,7,1,0,0,0,0,0,0,0,8.774530816000038,53.11190108800008,Walle,Walle
404,11,2018,5,2,17,3,5,2,1,1,0,0,0,0,0,0,8.784173493000026,53.10340006700005,Walle,Walle
615,11,2018,6,4,13,3,5,2,1,1,0,0,0,0,0,0,8.785774179000043,53.10277544400003,Walle,Walle
618,11,2018,6,2,18,2,5,2,1,1,0,0,0,0,0,1,8.781589005000058,53.10098280900007,Walle,Walle
653,11,2018,8,5,14,2,5,3,1,1,0,0,0,0,0,0,8.776761444000044,53.10605264800006,Walle,Walle
673,11,2018,8,2,7,3,5,3,1,1,0,0,0,0,0,0,8.77666905700005,53.09755206800003,Walle,Walle
734,11,2018,8,7,16,3,2,7,1,1,0,0,0,0,0,0,8.78252868800007,53.10136690300004,Walle,Walle
745,11,2018,8,3,19,3,5,2,1,1,0,0,0,0,0,0,8.77935459300005,53.10020179600008,Walle,Walle
766,11,2018,8,4,13,3,5,3,1,1,0,0,0,0,0,0,8.773017182000046,53.10876834000004,Walle,Walle
770,11,2018,7,6,10,3,0,7,1,0,0,0,0,0,0,0,8.78276442300006,53.10144920100004,Walle,Walle
805,11,2018,8,4,7,3,5,3,1,1,0,0,0,0,0,0,8.775153421000027,53.10046841800005,Walle,Walle
944,11,2018,9,4,14,3,5,2,1,1,0,0,0,0,0,0,8.786209577000022,53.103062124000076,Walle,Walle
949,11,2018,10,4,11,3,6,4,1,0,1,0,0,1,0,0,8.78011218000006,53.09920952700003,Walle,Walle
999,11,2018,9,3,21,3,5,3,1,0,0,1,0,0,2,0,8.785043805000043,53.10224083600008,Walle,Walle
1158,11,2018,12,3,7,3,0,7,1,1,0,0,0,0,0,0,8.781361415000049,53.101237350000076,Walle,Walle
1165,11,2018,10,3,8,3,5,3,1,1,0,0,0,0,0,0,8.782251171000041,53.100320242000066,Walle,Walle
1201,11,2018,10,5,7,3,5,2,1,1,0,0,0,0,1,0,8.774298438000073,53.10149449600004,Walle,Walle
1203,11,2018,11,3,17,3,1,5,1,1,0,0,0,0,2,0,8.786172529000055,53.10037832900008,Walle,Walle
1259,11,2018,12,5,15,3,1,7,1,1,0,0,0,0,0,1,8.772101024000051,53.10926607400006,Walle,Walle
26,11,2019,1,6,12,3,0,7,1,0,0,0,0,0,0,1,8.777287823000052,53.10667173200005,Walle,Walle
189,11,2019,4,5,14,3,0,7,1,0,0,1,0,0,0,0,8.77718717600004,53.09916028500004,Walle,Walle
376,11,2019,4,3,15,3,5,2,1,1,0,0,0,0,0,0,8.786200087000054,53.103058358000055,Walle,Walle
575,11,2019,8,1,15,3,5,3,1,0,0,1,0,0,0,0,8.776180133000025,53.09865171000007,Walle,Walle
623,11,2019,8,7,1,3,5,3,1,1,0,0,0,0,2,1,8.777806564000059,53.099439215000075,Walle,Walle
668,11,2019,7,6,6,3,0,7,1,0,0,0,0,0,0,1,8.77886617400003,53.106562749000034,Walle,Walle
681,11,2019,7,2,16,3,5,2,1,1,0,0,0,0,0,0,8.780179062000059,53.10556692500006,Walle,Walle
700,11,2019,7,4,15,3,5,3,1,1,0,0,0,0,0,0,8.774168123000038,53.10153198800003,Walle,Walle
706,11,2019,7,3,13,3,1,5,1,1,0,0,0,0,0,0,8.771610790000068,53.10951989000006,Walle,Walle
716,11,2019,9,6,13,3,3,6,1,1,0,0,0,0,0,0,8.773968591000028,53.101330974000064,Walle,Walle
732,11,2019,9,3,13,3,5,2,1,1,0,0,0,0,0,0,8.778715223000063,53.10077760100006,Walle,Walle
744,11,2019,9,2,18,3,5,3,1,1,0,0,0,0,0,0,8.784986756000023,53.10222030400007,Walle,Walle
748,11,2019,9,6,15,3,3,2,1,1,0,0,0,0,0,0,8.779326163000064,53.100204647000055,Walle,Walle
806,11,2019,8,6,7,3,5,2,1,1,0,0,0,0,0,0,8.783184807000055,53.09923326100005,Walle,Walle
818,11,2019,8,5,13,3,5,2,1,0,0,0,0,1,0,0,8.778516857000056,53.10833315900004,Walle,Walle
893,11,2019,9,3,17,3,1,7,1,0,0,0,0,0,0,0,8.786544805000062,53.100641866000046,Walle,Walle
904,11,2019,11,5,20,3,1,5,1,1,0,0,0,0,2,1,8.783035989000041,53.099395994000076,Walle,Walle
1074,11,2019,11,2,16,3,5,3,1,1,0,0,0,0,2,0,8.783808390000047,53.10177108800008,Walle,Walle
1086,11,2019,12,6,14,3,5,2,1,1,0,0,0,0,0,0,8.77618810000007,53.09865573400003,Walle,Walle
1124,11,2019,12,3,15,3,5,3,1,1,0,0,0,0,0,0,8.771918905000064,53.10274107500004,Walle,Walle
29,11,2020,1,3,13,3,5,3,1,1,0,0,0,0,0,1,8.772603497000034,53.109147164000035,Walle,Walle
185,11,2020,4,5,15,3,5,3,1,1,0,0,0,0,0,0,8.781518763000065,53.101021262000074,Walle,Walle
192,11,2020,3,3,13,3,0,7,1,0,0,0,0,1,0,0,8.775833043000034,53.10219756300006,Walle,Walle
396,11,2020,6,6,8,3,5,3,1,0,0,0,0,1,0,0,8.77426802900004,53.10145072500006,Walle,Walle
494,11,2020,6,6,18,3,4,2,1,1,0,0,0,0,0,0,8.779358721000051,53.100165324000045,Walle,Walle
605,11,2020,7,3,19,3,5,3,1,0,0,0,0,0,0,0,8.780358112000044,53.10547634100004,Walle,Walle
705,11,2020,7,2,16,3,5,3,1,1,0,0,0,0,0,0,8.785649951000039,53.101863973000036,Walle,Walle
711,11,2020,10,5,9,3,5,6,1,1,0,0,0,0,0,1,8.778500103000056,53.10831289100008,Walle,Walle
750,11,2020,9,2,21,3,4,2,1,0,0,0,0,0,2,0,8.77901709300005,53.09885761700008,Walle,Walle
765,11,2020,9,5,15,3,4,6,1,0,0,0,0,0,0,1,8.779208328000038,53.10033453800003,Walle,Walle
789,11,2020,9,5,14,2,5,3,1,1,0,0,0,0,0,0,8.783671807000076,53.10177870600006,Walle,Walle
812,11,2020,9,5,7,3,2,6,1,1,0,0,0,0,0,0,8.77869234000002,53.10865722400007,Walle,Walle
889,11,2020,9,4,15,3,5,3,1,0,0,0,0,0,0,0,8.784578367000051,53.103018890000044,Walle,Walle
911,11,2020,9,4,8,2,5,3,1,1,0,0,0,0,0,0,8.777108304000024,53.10661124200004,Walle,Walle
916,11,2020,10,2,16,3,5,2,1,1,0,0,0,0,0,0,8.78537387700004,53.102436709000074,Walle,Walle
928,11,2020,12,7,16,3,2,6,1,0,0,0,0,0,1,0,8.785202913000035,53.102312985000026,Walle,Walle
969,11,2020,10,6,13,3,2,6,1,0,0,0,0,0,0,1,8.786211877000028,53.10306303600004,Walle,Walle
973,11,2020,12,3,8,3,0,1,1,0,0,0,0,0,0,1,8.776314371000069,53.10461285300005,Walle,Walle
29,11,2021,6,5,21,3,4,6,1,0,0,0,0,1,0,0,8.777861227000074,53.09950166600004,Walle,Walle
130,11,2021,6,7,11,3,0,7,1,0,0,0,0,0,0,0,8.781542929000068,53.10102992000003,Walle,Walle
288,11,2021,3,7,18,2,0,7,1,0,0,0,0,0,0,0,8.786920341000041,53.10021170400006,Walle,Walle
334,11,2021,3,4,17,3,3,6,1,1,0,0,0,0,0,0,8.781397981000055,53.11170727500007,Walle,Walle
339,11,2021,7,3,12,3,5,2,1,1,0,0,0,0,0,0,8.786169932000064,53.10306381000004,Walle,Walle
359,11,2021,1,2,11,3,0,7,1,1,0,0,0,0,0,0,8.786068581000052,53.10034090700003,Walle,Walle
432,11,2021,6,5,18,2,4,6,1,1,0,0,0,0,0,0,8.783501834000049,53.10074014600008,Walle,Walle
449,11,2021,6,7,19,2,5,3,1,1,0,0,0,0,0,0,8.782236813000054,53.104512715000055,Walle,Walle
527,11,2021,11,2,20,3,5,3,1,1,0,0,0,0,2,1,8.78156935800007,53.104777900000045,Walle,Walle
560,11,2021,10,4,16,3,0,7,1,0,0,0,0,0,0,0,8.785323068000025,53.10204908900005,Walle,Walle
585,11,2021,9,5,7,3,5,2,1,1,0,0,0,0,0,0,8.78716545800006,53.09993269700004,Walle,Walle
599,11,2021,10,5,20,3,5,3,1,1,0,0,0,0,2,0,8.777361683000038,53.10990360200003,Walle,Walle
600,11,2021,11,2,11,3,5,3,1,1,0,0,0,0,0,0,8.776432855000053,53.09796309800004,Walle,Walle
634,11,2021,12,4,9,3,5,3,1,1,0,0,0,0,0,0,8.781573110000068,53.10478198000004,Walle,Walle
656,11,2021,10,5,18,3,4,6,1,0,0,0,0,1,0,0,8.779322566000076,53.09870858900007,Walle,Walle
747,11,2021,9,3,10,3,1,5,1,1,0,0,0,0,0,0,8.774959213000045,53.11161412300004,Walle,Walle
773,11,2021,8,3,18,3,5,3,1,1,0,0,0,0,0,0,8.786163556000076,53.10304168000005,Walle,Walle
828,11,2021,11,3,20,3,5,3,1,1,0,0,0,0,2,0,8.784308836000037,53.103065154000035,Walle,Walle
876,11,2021,11,7,11,3,5,3,1,1,0,0,0,0,0,0,8.785216027000047,53.10232092400008,Walle,Walle
57,11,2022,6,3,11,3,5,3,1,1,0,0,0,0,0,0,8.77392504900007,53.1083579020001,Walle,Walle
177,11,2022,6,3,15,3,5,3,1,1,0,0,0,0,0,0,8.78102824700005,53.1016756220001,Walle,Walle
198,11,2022,3,4,7,3,4,6,1,1,0,0,0,0,0,0,8.78447615300007,53.1049513630001,Walle,Walle
278,11,2022,5,1,19,2,0,7,1,0,0,0,0,0,0,0,8.78201355200002,53.1100575610001,Walle,Walle
328,11,2022,6,7,18,3,0,1,1,0,0,0,0,0,0,0,8.77155623300007,53.108611743,Walle,Walle
462,11,2022,5,6,13,3,5,3,1,1,0,0,0,0,0,0,8.78589924000005,53.1028731160001,Walle,Walle
493,11,2022,7,4,18,3,5,3,1,1,0,0,0,0,0,0,8.77739687400003,53.1101347810001,Walle,Walle
585,11,2022,5,2,8,3,3,6,1,0,0,0,0,0,0,0,8.78240968800003,53.1043295530001,Walle,Walle
779,11,2022,8,7,14,3,5,2,1,1,0,0,0,0,0,0,8.77783319400004,53.0994264280001,Walle,Walle
828,11,2022,8,7,22,3,6,7,1,0,1,0,0,0,2,0,8.78580228100003,53.1034165560001,Walle,Walle
919,11,2022,11,3,6,3,5,2,1,1,0,0,0,0,2,1,8.78525624300005,53.1023452740001,Walle,Walle
991,11,2022,11,4,9,3,3,3,1,1,0,0,0,0,0,0,8.77982560700002,53.098457769,Walle,Walle
996,11,2022,12,5,15,3,5,3,1,1,0,0,0,0,0,0,8.78672038800005,53.1004393000001,Walle,Walle
1055,11,2022,11,4,9,3,1,7,1,1,0,0,0,0,0,1,8.77630914600007,53.1046024360001,Walle,Walle
1073,11,2022,7,2,13,3,0,7,1,1,0,0,0,0,0,0,8.77862815700007,53.1083461650001,Walle,Walle
36,11,2023,5,4,7,3,5,2,1,0,0,0,0,1,0,0,8.783817016000057,53.101761518000046,Walle,Walle
41,11,2023,5,3,16,2,0,7,1,0,0,0,0,0,0,0,8.78670715800007,53.10045435900008,Walle,Walle
46,11,2023,5,2,9,3,5,2,1,1,0,0,0,0,0,0,8.783932528000037,53.10360071100007,Walle,Walle
185,11,2023,3,6,16,3,3,2,1,1,0,0,0,0,0,0,8.785712592000039,53.10271807400005,Walle,Walle
268,11,2023,2,3,23,3,6,4,1,0,1,0,0,0,2,2,8.77882423400007,53.106082177000076,Walle,Walle
344,11,2023,1,3,8,3,5,3,1,1,0,0,0,0,0,0,8.773642788000075,53.11084343200008,Walle,Walle
417,11,2023,10,2,12,3,5,2,1,1,0,0,0,0,0,1,8.774255892000042,53.10146396400006,Walle,Walle
427,11,2023,10,5,12,3,6,4,1,0,1,0,0,0,0,0,8.786731187000044,53.100427007000064,Walle,Walle
449,11,2023,10,6,13,3,5,3,1,1,0,0,0,0,0,1,8.778833987000041,53.10609445100005,Walle,Walle
505,11,2023,9,4,9,3,5,2,1,0,0,0,1,0,0,0,8.78498612200002,53.10222007600004,Walle,Walle
846,11,2023,6,1,20,3,8,1,1,0,0,0,0,0,0,0,8.779475322000053,53.10002449800004,Walle,Walle
915,11,2023,5,1,19,3,6,3,1,0,1,0,0,0,0,0,8.777220449000026,53.106615454000064,Walle,Walle
924,11,2023,5,6,17,3,5,3,1,1,0,0,0,0,0,0,8.77764251800005,53.10658994800008,Walle,Walle
930,11,2023,5,5,20,3,0,7,1,0,0,0,0,1,0,0,8.786713396000039,53.10044725800003,Walle,Walle
946,11,2023,12,3,19,3,5,2,1,1,0,0,0,0,2,1,8.786205908000056,53.10302660200006,Walle,Walle
1037,11,2023,6,4,13,3,5,2,1,1,0,0,0,0,0,0,8.776657786000044,53.11095645600005,Walle,Walle
50,12,2016,2,5,15,3,5,3,1,1,0,0,0,0,0,0,8.608847635,53.586867854,Leherheide,Fehmoor
340,12,2016,6,4,10,3,0,1,1,0,0,0,0,0,0,0,8.604843596,53.591139621,Leherheide,Fehmoor
351,12,2016,5,4,10,3,5,3,1,1,0,0,0,0,0,0,8.610685823,53.596039394,Leherheide,Fehmoor
429,12,2016,6,1,10,3,4,2,1,1,0,0,0,0,0,1,8.597413548,53.588656538,Leherheide,Fehmoor
547,12,2016,8,4,17,2,5,3,1,1,0,0,0,0,0,0,8.598042516,53.585930657,Leherheide,Fehmoor
570,12,2016,8,2,12,3,5,3,1,1,0,0,0,0,0,0,8.616388756,53.588818195,Leherheide,Fehmoor
590,12,2016,7,3,6,3,5,3,1,1,0,0,0,0,0,0,8.603730493,53.586235138,Leherheide,Fehmoor
609,12,2016,8,3,10,3,3,6,1,0,0,0,0,0,0,0,8.601419151,53.591422753,Leherheide,Fehmoor
1098,12,2016,11,3,7,3,5,2,1,1,0,0,0,0,2,2,8.608769296,53.590760505,Leherheide,Fehmoor
1105,12,2016,12,4,17,3,5,2,1,1,0,0,0,0,2,0,8.607191935,53.58609186,Leherheide,Fehmoor
1125,12,2016,11,1,14,3,5,3,1,1,0,0,0,0,0,0,8.632816279,53.600620197,Leherheide,Fehmoor
148,12,2017,3,5,11,3,5,3,1,1,0,0,0,0,0,0,8.601813570000047,53.59145769000003,Leherheide,Fehmoor
227,12,2017,4,3,12,2,5,3,1,1,0,0,0,0,0,0,8.612068803000057,53.58743979400003,Leherheide,Fehmoor
264,12,2017,4,1,11,3,0,7,1,0,0,0,0,0,0,0,8.615900774000067,53.58402488400003,Leherheide,Fehmoor
307,12,2017,3,4,7,3,5,3,1,1,0,0,0,0,0,1,8.604313776000026,53.58794640200006,Leherheide,Fehmoor
413,12,2017,5,6,11,2,5,3,1,1,0,0,0,0,0,0,8.597446220000052,53.59126501700007,Leherheide,Fehmoor
441,12,2017,5,6,12,2,5,3,1,1,0,0,0,0,0,0,8.608843252000042,53.586876053000026,Leherheide,Fehmoor
572,12,2017,7,2,5,3,5,2,1,1,0,0,0,0,0,0,8.611905444000058,53.58760175500004,Leherheide,Fehmoor
598,12,2017,6,7,16,3,6,3,1,0,1,0,0,0,0,1,8.61399448700007,53.59781116700003,Leherheide,Fehmoor
601,12,2017,6,6,17,3,6,7,1,0,1,0,0,0,0,0,8.630574567000053,53.592825350000055,Leherheide,Fehmoor
673,12,2017,9,3,5,3,1,5,1,0,0,0,0,1,2,0,8.606049086000041,53.58912309500005,Leherheide,Fehmoor
692,12,2017,8,3,7,3,5,2,1,1,0,0,0,0,0,0,8.617930191000028,53.59351872800005,Leherheide,Fehmoor
813,12,2017,8,6,16,3,5,3,1,1,0,0,0,0,0,0,8.622156526000026,53.58983146400004,Leherheide,Fehmoor
823,12,2017,8,5,18,3,0,7,1,0,0,0,0,0,0,0,8.59760835000003,53.59165647300006,Leherheide,Fehmoor
855,12,2017,8,6,10,3,5,3,1,1,0,0,0,0,0,1,8.60607082000007,53.59355462100007,Leherheide,Fehmoor
857,12,2017,9,5,17,2,5,3,1,1,0,0,0,0,0,0,8.601768994000054,53.591566654000076,Leherheide,Fehmoor
1166,12,2017,11,5,10,3,5,2,1,1,0,0,0,0,0,0,8.609245611000063,53.59028526600008,Leherheide,Fehmoor
70,12,2018,2,7,11,3,0,7,1,1,0,0,0,0,0,0,8.614388158000054,53.59314216000007,Leherheide,Fehmoor
97,12,2018,3,3,11,2,5,3,1,1,0,0,0,0,0,1,8.608810481000035,53.586812973000065,Leherheide,Fehmoor
118,12,2018,3,6,9,3,1,5,1,1,0,0,0,0,0,1,8.616750706000062,53.58603449800006,Leherheide,Fehmoor
155,12,2018,1,5,13,3,1,7,1,1,0,0,0,0,0,0,8.63148927800006,53.59596519000007,Leherheide,Fehmoor
443,12,2018,5,6,13,3,5,3,1,1,0,0,0,0,0,0,8.595844268000064,53.588197695000076,Leherheide,Fehmoor
727,12,2018,7,5,6,3,5,3,1,1,0,0,0,0,0,0,8.604344110000056,53.58797185200007,Leherheide,Fehmoor
793,12,2018,8,4,16,3,0,7,1,0,0,0,0,0,0,0,8.608853296000063,53.586730198000055,Leherheide,Fehmoor
807,12,2018,8,4,7,3,5,3,1,1,0,0,0,0,0,1,8.623457491000067,53.592118379000055,Leherheide,Fehmoor
980,12,2018,9,2,10,3,5,3,1,1,0,0,0,0,0,0,8.611923251000064,53.587591822000036,Leherheide,Fehmoor
1079,12,2018,10,5,7,3,5,3,1,1,0,0,0,0,1,1,8.618773514000054,53.59275463600005,Leherheide,Fehmoor
1220,12,2018,10,3,15,3,5,3,1,1,0,0,0,0,0,0,8.611332859000072,53.588212429000066,Leherheide,Fehmoor
1233,12,2018,10,2,7,3,0,7,1,0,0,0,0,0,0,0,8.625338412000076,53.59332848000008,Leherheide,Fehmoor
100,12,2019,1,3,18,3,5,3,1,1,0,0,0,0,2,0,8.603633115000036,53.586231473000055,Leherheide,Fehmoor
169,12,2019,4,7,14,3,1,5,1,1,0,0,0,0,0,0,8.606796761000055,53.59821622000004,Leherheide,Fehmoor
291,12,2019,5,4,6,2,5,3,1,1,0,0,0,0,0,0,8.608249243000046,53.59780356700003,Leherheide,Fehmoor
312,12,2019,5,4,20,3,5,3,1,1,0,0,0,0,0,0,8.611684978000028,53.58747540100006,Leherheide,Fehmoor
340,12,2019,5,5,11,3,5,3,1,0,0,0,0,1,0,0,8.597963481000022,53.58606821300003,Leherheide,Fehmoor
347,12,2019,5,4,7,2,5,2,1,1,0,0,0,0,0,0,8.608728448000022,53.58970144400007,Leherheide,Fehmoor
542,12,2019,5,5,18,3,5,3,1,1,0,0,0,0,0,0,8.605978153000024,53.59102747800006,Leherheide,Fehmoor
678,12,2019,8,6,10,3,5,3,1,1,0,0,0,0,0,1,8.604359872000032,53.58797177400004,Leherheide,Fehmoor
746,12,2019,9,7,16,3,0,1,1,0,0,0,0,0,0,0,8.616278015000034,53.58877494300003,Leherheide,Fehmoor
842,12,2019,9,5,12,3,5,3,1,1,0,0,0,0,0,1,8.595392203000074,53.58808065900007,Leherheide,Fehmoor
1055,12,2019,11,4,10,3,1,5,1,1,0,0,0,0,0,0,8.615238745000056,53.58622396000004,Leherheide,Fehmoor
1116,12,2019,12,5,15,3,5,3,1,1,0,0,0,0,0,0,8.621428335000076,53.590527544000054,Leherheide,Fehmoor
1156,12,2019,11,7,8,3,5,2,1,1,0,0,0,0,0,1,8.612167291000048,53.587553814000046,Leherheide,Fehmoor
73,12,2020,2,2,11,3,5,3,1,1,0,0,0,0,0,1,8.608822327000041,53.58691561200004,Leherheide,Fehmoor
245,12,2020,3,7,11,3,5,3,1,1,0,0,0,0,0,0,8.612180738000063,53.58755795600007,Leherheide,Fehmoor
253,12,2020,2,6,14,3,5,3,1,1,0,0,0,0,0,0,8.621497623000039,53.59040623800007,Leherheide,Fehmoor
293,12,2020,2,4,6,3,0,1,1,0,0,0,0,0,2,2,8.619118360000073,53.588942204000034,Leherheide,Fehmoor
426,12,2020,5,3,16,3,5,3,1,1,0,0,0,0,0,0,8.621255633000033,53.59047778200005,Leherheide,Fehmoor
680,12,2020,8,6,11,2,5,3,1,1,0,0,0,0,0,0,8.607232704000069,53.58598575600007,Leherheide,Fehmoor
747,12,2020,10,5,7,3,5,3,1,1,0,0,0,0,1,1,8.619205902000033,53.588856726000074,Leherheide,Fehmoor
755,12,2020,10,6,16,3,9,1,1,0,0,0,0,0,0,1,8.614934408000067,53.59259195800007,Leherheide,Fehmoor
770,12,2020,9,3,14,3,1,5,1,1,0,0,0,0,0,0,8.619790737000073,53.58833131500006,Leherheide,Fehmoor
792,12,2020,9,5,9,3,0,6,1,0,1,0,0,0,0,0,8.610770220000063,53.58882156200008,Leherheide,Fehmoor
794,12,2020,9,3,8,3,5,3,1,1,0,0,0,0,0,0,8.613665161000029,53.58584155500006,Leherheide,Fehmoor
925,12,2020,10,7,11,3,5,3,1,1,0,0,0,0,0,0,8.611135801000046,53.58844117000007,Leherheide,Fehmoor
976,12,2020,11,5,6,3,6,7,1,0,1,0,0,0,2,1,8.623169486000052,53.59104271600006,Leherheide,Fehmoor
998,12,2020,12,6,11,3,5,2,1,0,0,0,1,0,0,0,8.608823739000059,53.59076824500005,Leherheide,Fehmoor
1052,12,2020,12,7,8,3,0,1,1,0,0,0,0,0,1,2,8.619219198000053,53.58884478200008,Leherheide,Fehmoor
1096,12,2020,11,2,14,3,5,3,1,1,0,0,0,0,0,0,8.595402031000049,53.588071236000076,Leherheide,Fehmoor
16,12,2021,4,5,17,3,5,3,1,1,0,0,0,0,0,0,8.618477849000044,53.58956760400008,Leherheide,Fehmoor
31,12,2021,6,4,10,3,5,3,1,1,0,0,0,0,0,0,8.62150424400005,53.59040044400007,Leherheide,Fehmoor
88,12,2021,6,5,16,3,5,3,1,1,0,0,0,0,0,0,8.605961494000042,53.591029124000045,Leherheide,Fehmoor
113,12,2021,1,4,7,3,0,7,1,0,0,0,0,0,0,1,8.611141501000077,53.59626468700003,Leherheide,Fehmoor
301,12,2021,6,6,11,3,5,3,1,1,0,0,0,0,0,0,8.597248914000033,53.59026445200004,Leherheide,Fehmoor
324,12,2021,6,7,13,3,1,5,1,1,0,0,0,0,0,1,8.61077212400005,53.59129396900005,Leherheide,Fehmoor
393,12,2021,7,4,20,3,5,3,1,1,0,0,0,0,0,0,8.612211632000026,53.587567472000046,Leherheide,Fehmoor
400,12,2021,1,6,9,3,5,3,1,1,0,0,0,0,0,1,8.621494532000042,53.59040894300006,Leherheide,Fehmoor
570,12,2021,10,3,16,3,5,3,1,1,0,0,0,0,0,1,8.603955049000035,53.58623116600006,Leherheide,Fehmoor
601,12,2021,9,5,14,3,5,3,1,1,0,0,0,0,0,0,8.603668085000038,53.586232789000064,Leherheide,Fehmoor
615,12,2021,11,2,7,3,8,1,1,0,0,0,0,0,1,2,8.611132830000031,53.58839578900006,Leherheide,Fehmoor
617,12,2021,9,4,15,3,8,1,1,0,0,0,0,0,0,1,8.597372660000076,53.59126954300007,Leherheide,Fehmoor
673,12,2021,10,7,10,3,1,5,1,1,0,0,0,0,0,0,8.592908429000033,53.59298303800006,Leherheide,Fehmoor
804,12,2021,11,2,9,3,8,1,1,0,0,0,0,0,0,2,8.60907392200005,53.59008318900004,Leherheide,Fehmoor
837,12,2021,11,4,15,3,3,6,1,0,0,0,0,1,0,0,8.620692758000075,53.58737221800004,Leherheide,Fehmoor
78,12,2022,2,4,16,2,3,6,1,1,0,0,0,0,0,1,8.62991498500003,53.5988401270001,Leherheide,Fehmoor
117,12,2022,3,7,0,3,5,3,1,1,0,0,0,0,2,0,8.63280524400005,53.5957541070001,Leherheide,Fehmoor
207,12,2022,1,4,13,3,5,2,1,1,0,0,0,0,0,1,8.63097319700006,53.5992516260001,Leherheide,Fehmoor
289,12,2022,1,3,12,3,6,7,1,0,1,0,0,0,0,0,8.59601463300004,53.588259308,Leherheide,Fehmoor
295,12,2022,7,3,12,3,5,3,1,1,0,0,0,0,0,0,8.60878041900003,53.590759442,Leherheide,Fehmoor
535,12,2022,5,5,15,3,0,7,1,0,0,0,0,0,0,0,8.60127610600006,53.5913657240001,Leherheide,Fehmoor
613,12,2022,8,2,16,3,5,3,1,0,0,0,0,1,0,0,8.62176265400007,53.5945464700001,Leherheide,Fehmoor
631,12,2022,10,6,16,3,5,3,1,0,0,0,0,1,0,1,8.60542783900007,53.591139909,Leherheide,Fehmoor
787,12,2022,9,3,20,3,1,5,1,1,0,0,0,0,2,0,8.60073284000003,53.594131766,Leherheide,Fehmoor
920,12,2022,10,2,6,3,5,3,1,1,0,0,0,0,2,1,8.60882455200004,53.58691143,Leherheide,Fehmoor
946,12,2022,9,4,11,3,6,4,1,0,1,0,0,0,0,0,8.61068376500003,53.5889098910001,Leherheide,Fehmoor
964,12,2022,10,4,20,3,0,1,1,0,0,0,0,0,2,0,8.61382657900003,53.5948522310001,Leherheide,Fehmoor
984,12,2022,8,3,15,3,1,5,1,1,0,0,0,0,0,0,8.61911269500007,53.5924656970001,Leherheide,Fehmoor
1036,12,2022,10,4,7,3,5,2,1,1,0,0,0,0,1,0,8.60359586300007,53.586230071,Leherheide,Fehmoor
1050,12,2022,8,5,17,3,3,6,1,0,0,0,0,0,0,0,8.59926349000006,53.5905632700001,Leherheide,Fehmoor
127,12,2023,4,3,8,3,5,2,1,1,0,0,0,0,0,0,8.597381288000065,53.59125881600005,Leherheide,Fehmoor
202,12,2023,3,2,18,3,0,1,1,0,0,0,0,0,0,0,8.597457735000035,53.59111468900005,Leherheide,Fehmoor
349,12,2023,11,7,4,3,5,2,1,1,0,0,0,0,2,1,8.597356385000069,53.58977173800008,Leherheide,Fehmoor
444,12,2023,10,1,8,2,0,1,1,0,0,0,0,0,0,1,8.621214117000022,53.60162147300008,Leherheide,Fehmoor
448,12,2023,10,6,7,3,5,3,1,1,0,0,0,0,1,1,8.621261985000046,53.590479591000076,Leherheide,Fehmoor
490,12,2023,9,1,17,3,0,1,1,0,0,0,0,0,0,0,8.609190170000034,53.58681168600003,Leherheide,Fehmoor
562,12,2023,9,3,18,3,5,3,1,1,0,0,0,0,0,0,8.630303183000024,53.59611451600006,Leherheide,Fehmoor
734,12,2023,7,5,6,2,0,1,1,0,0,0,0,0,0,1,8.62330279500003,53.60276084100008,Leherheide,Fehmoor
758,12,2023,6,6,19,3,0,3,1,1,0,0,0,0,0,0,8.606038157000057,53.593576873000075,Leherheide,Fehmoor
802,12,2023,6,2,13,3,1,5,1,1,0,0,0,0,0,0,8.599708694000071,53.590743700000075,Leherheide,Fehmoor