,UKREIS,UJAHR,UMONAT,UWOCHENTAG,USTUNDE,UKATEGORIE,UART,UTYP1,IstRad,IstPKW,IstFuss,IstKrad,IstGkfz,IstSonstig,ULICHTVERH,STRZUSTAND,longitude,latitude,Stadtteil,Ortsteil
901,12,2023,5,4,7,3,5,3,1,1,0,0,0,0,0,0,8.610890231000042,53.59604557700004,Leherheide,Fehmoor
927,12,2023,5,5,15,3,5,3,1,1,0,0,0,0,0,0,8.601826155000026,53.59157292900005,Leherheide,Fehmoor
1051,12,2023,8,3,16,3,0,1,1,0,0,0,0,0,0,0,8.615027617000067,53.58424996100007,Leherheide,Fehmoor
52,11,2016,2,2,9,3,5,3,1,1,0,0,0,0,0,0,8.741398264,53.048437663,Huchting,Kirchhuchting
68,11,2016,2,2,12,3,0,3,1,1,0,0,0,0,0,0,8.738950924,53.047743835,Huchting,Kirchhuchting
157,11,2016,3,7,14,3,6,7,1,0,1,0,0,0,0,0,8.735067186,53.038056267,Huchting,Kirchhuchting
198,11,2016,3,3,8,3,0,1,1,0,0,0,0,0,0,0,8.740082978,53.051410946,Huchting,Kirchhuchting
510,11,2016,6,7,20,3,0,1,1,0,0,0,0,0,0,1,8.736353372,53.045471562,Huchting,Kirchhuchting
548,11,2016,8,3,9,3,5,7,1,1,0,0,0,0,0,0,8.740792206,53.046972118,Huchting,Kirchhuchting
556,11,2016,8,2,15,3,1,5,1,1,0,0,0,0,0,1,8.730016408,53.042683175,Huchting,Kirchhuchting
656,11,2016,7,2,15,3,5,3,1,1,0,0,0,0,0,0,8.739879924,53.047237021,Huchting,Kirchhuchting
750,11,2016,8,5,7,3,5,3,1,1,0,0,0,0,0,0,8.738433115,53.047248202,Huchting,Kirchhuchting
771,11,2016,9,3,15,3,5,3,1,1,0,0,0,0,0,0,8.736640535,53.045318652,Huchting,Kirchhuchting
888,11,2016,9,5,16,3,1,7,1,0,0,0,1,0,0,0,8.730919098,53.040787454,Huchting,Kirchhuchting
975,11,2016,11,5,9,3,5,3,1,0,0,0,0,1,0,1,8.739480892,53.048794049,Huchting,Kirchhuchting
1004,11,2016,11,3,11,3,0,7,1,1,0,0,0,0,0,1,8.735091441,53.043963732,Huchting,Kirchhuchting
1018,11,2016,10,6,15,3,5,3,1,1,0,0,0,0,0,1,8.740126029,53.05141244,Huchting,Kirchhuchting
1043,11,2016,10,5,6,3,5,3,1,1,0,0,0,0,2,1,8.734257141,53.039985975,Huchting,Kirchhuchting
15,11,2017,2,2,12,3,5,3,1,1,0,0,0,0,0,0,8.736762223000028,53.04545738100006,Huchting,Kirchhuchting
39,11,2017,1,4,14,2,5,2,1,1,0,0,0,0,0,0,8.740079079000054,53.05141149700006,Huchting,Kirchhuchting
242,11,2017,4,5,22,2,0,7,1,0,0,0,0,0,2,0,8.734476199000028,53.04738024100004,Huchting,Kirchhuchting
299,11,2017,3,6,12,3,5,2,1,1,0,0,0,0,0,0,8.736937128000022,53.047447645000034,Huchting,Kirchhuchting
337,11,2017,6,6,14,3,5,3,1,1,0,0,0,0,0,1,8.735153515000036,53.044000777000065,Huchting,Kirchhuchting
404,11,2017,5,1,13,3,5,2,1,1,0,0,0,0,0,0,8.740076238000029,53.051411898000026,Huchting,Kirchhuchting
519,11,2017,7,3,15,3,4,2,1,1,0,0,0,0,0,0,8.728643224000052,53.03887633200003,Huchting,Kirchhuchting
585,11,2017,6,4,13,2,5,3,1,0,0,0,0,0,0,1,8.737325292000037,53.04611675900003,Huchting,Kirchhuchting
675,11,2017,9,3,11,3,5,3,1,0,0,1,0,0,0,0,8.738469809000037,53.04725099500007,Huchting,Kirchhuchting
730,11,2017,9,7,8,3,5,2,1,1,0,0,0,0,0,0,8.741050604000066,53.048221288000036,Huchting,Kirchhuchting
766,11,2017,8,1,16,3,0,7,1,0,0,0,0,0,0,0,8.760426973000051,53.048821168000075,Huchting,Kirchhuchting
776,11,2017,8,5,9,2,5,3,1,1,0,0,0,0,0,0,8.738682114000028,53.04745283900007,Huchting,Kirchhuchting
791,11,2017,8,7,10,3,0,2,1,1,0,0,0,0,0,0,8.733824516000027,53.038401958000065,Huchting,Kirchhuchting
829,11,2017,8,3,10,2,4,2,1,1,0,0,0,0,0,0,8.728739552000036,53.038881583000034,Huchting,Kirchhuchting
956,11,2017,9,4,18,3,1,7,1,0,0,0,0,1,0,1,8.736905880000052,53.05176549000004,Huchting,Kirchhuchting
958,11,2017,9,4,11,3,5,7,1,0,0,0,0,1,0,0,8.736276841000063,53.04133106900008,Huchting,Kirchhuchting
1057,11,2017,9,4,3,2,0,7,1,0,0,0,0,0,2,1,8.730908388000046,53.03519830700003,Huchting,Kirchhuchting
1120,11,2017,12,2,17,3,4,6,1,0,0,0,0,0,2,1,8.740210010000055,53.051446945000066,Huchting,Kirchhuchting
1155,11,2017,12,6,17,3,5,3,1,1,0,0,0,0,2,1,8.73569320100006,53.04431016800004,Huchting,Kirchhuchting
1,11,2018,8,2,7,3,0,7,1,0,0,0,0,0,0,0,8.747443366000027,53.05357067300008,Huchting,Kirchhuchting
386,11,2018,5,3,8,3,3,2,1,1,0,0,0,0,0,0,8.741052599000056,53.05264688500006,Huchting,Kirchhuchting
417,11,2018,5,2,8,3,5,3,1,1,0,0,0,0,0,0,8.729420469000047,53.03948378700005,Huchting,Kirchhuchting
418,11,2018,5,7,17,3,5,3,1,1,0,0,0,0,0,0,8.741582613000048,53.05067430300005,Huchting,Kirchhuchting
729,11,2018,7,5,14,3,5,3,1,1,0,0,0,0,0,0,8.740719632000037,53.052684029000034,Huchting,Kirchhuchting
942,11,2018,9,2,18,3,5,3,1,1,0,0,0,0,0,1,8.740721008000037,53.05268294200005,Huchting,Kirchhuchting
994,11,2018,9,3,8,3,5,3,1,1,0,0,0,0,0,0,8.73074654800007,53.040556766000066,Huchting,Kirchhuchting
1004,11,2018,10,7,16,3,5,3,1,1,0,0,0,0,0,0,8.741036681000026,53.05264326500003,Huchting,Kirchhuchting
1076,11,2018,11,6,7,3,1,5,1,1,0,0,0,0,0,0,8.730056576000038,53.04335216100003,Huchting,Kirchhuchting
1162,11,2018,10,1,14,3,5,3,1,1,0,0,0,0,0,0,8.740055274000042,53.05141966200006,Huchting,Kirchhuchting
67,11,2019,2,5,18,3,5,2,1,1,0,0,0,0,2,0,8.736429844000043,53.04508772400004,Huchting,Kirchhuchting
74,11,2019,2,7,9,3,5,3,1,1,0,0,0,0,0,0,8.728187302000038,53.03839043000005,Huchting,Kirchhuchting
218,11,2019,3,3,16,3,4,6,1,0,0,0,0,0,0,1,8.733846585000038,53.04313804800006,Huchting,Kirchhuchting
258,11,2019,3,6,8,3,5,3,1,1,0,0,0,0,0,1,8.735646952000025,53.04430909200005,Huchting,Kirchhuchting
373,11,2019,5,4,14,3,5,3,1,1,0,0,0,0,0,0,8.740011849000041,53.05140554700006,Huchting,Kirchhuchting
569,11,2019,8,3,15,3,5,3,1,1,0,0,0,0,0,1,8.74071620500007,53.05268673300003,Huchting,Kirchhuchting
622,11,2019,8,7,20,3,5,2,1,1,0,0,0,0,2,1,8.739493755000069,53.04880928600005,Huchting,Kirchhuchting
660,11,2019,7,4,10,3,5,3,1,1,0,0,0,0,0,0,8.729981130000056,53.039995195000074,Huchting,Kirchhuchting
773,11,2019,9,6,18,3,5,2,1,1,0,0,0,0,0,0,8.732611567000049,53.03789997800004,Huchting,Kirchhuchting
1019,11,2019,11,3,9,3,5,3,1,1,0,0,0,0,0,1,8.741091141000027,53.052669553000044,Huchting,Kirchhuchting
1170,11,2019,11,5,16,3,3,2,1,1,0,0,0,0,1,1,8.739811902000042,53.050203940000074,Huchting,Kirchhuchting
69,11,2020,1,4,6,3,5,2,1,0,0,0,0,1,2,1,8.740876503000038,53.05232880300008,Huchting,Kirchhuchting
106,11,2020,1,2,7,3,5,2,1,1,0,0,0,0,1,1,8.738468237000063,53.04725066600008,Huchting,Kirchhuchting
259,11,2020,3,6,11,3,5,3,1,1,0,0,0,0,0,1,8.738436146000026,53.05162792700003,Huchting,Kirchhuchting
281,11,2020,2,6,18,3,0,7,1,0,0,0,0,0,0,0,8.730259215000046,53.04022716500003,Huchting,Kirchhuchting
356,11,2020,5,5,12,3,5,2,1,1,0,0,0,0,0,0,8.741127151000057,53.049596403000066,Huchting,Kirchhuchting
462,11,2020,6,1,14,3,0,1,1,0,0,0,0,0,0,0,8.736861232000024,53.04561461600008,Huchting,Kirchhuchting
626,11,2020,8,5,10,3,5,3,1,1,0,0,0,0,0,0,8.72858990100002,53.03890042200004,Huchting,Kirchhuchting
766,11,2020,9,7,17,2,5,2,1,1,0,0,0,0,0,0,8.728491518000055,53.038942588000054,Huchting,Kirchhuchting
871,11,2020,9,2,12,3,6,4,1,0,1,0,0,0,0,0,8.734523222000064,53.04357917700003,Huchting,Kirchhuchting
898,11,2020,10,5,11,2,5,3,1,0,0,0,0,0,0,0,8.740746201000036,53.04698406400007,Huchting,Kirchhuchting
1000,11,2020,10,5,16,3,5,3,1,1,0,0,0,0,0,0,8.73606176800007,53.044686838000075,Huchting,Kirchhuchting
91,11,2021,7,5,22,3,4,6,1,1,0,0,0,0,2,0,8.729424893000044,53.03948782300006,Huchting,Kirchhuchting
403,11,2021,5,5,16,3,0,7,1,0,0,0,0,0,0,0,8.728180007000049,53.038384009000026,Huchting,Kirchhuchting
476,11,2021,4,2,9,3,5,3,1,1,0,0,0,0,0,0,8.738388291000035,53.047175407000054,Huchting,Kirchhuchting
550,11,2021,8,5,10,3,0,2,1,1,0,0,0,0,0,0,8.740035017000025,53.05139739300006,Huchting,Kirchhuchting
639,11,2021,10,5,13,3,5,2,1,1,0,0,0,0,0,0,8.727456076000067,53.03835199500003,Huchting,Kirchhuchting
676,11,2021,9,4,14,3,5,3,1,1,0,0,0,0,0,1,8.740834353000025,53.05195667700008,Huchting,Kirchhuchting
886,11,2021,8,3,17,2,5,2,1,1,0,0,0,0,0,0,8.730643662000034,53.04054604300006,Huchting,Kirchhuchting
14,11,2022,6,3,13,3,0,7,1,0,0,0,0,0,0,0,8.74092953300004,53.052628187,Huchting,Kirchhuchting
308,11,2022,5,3,13,3,5,2,1,1,0,0,0,0,0,0,8.74014295000006,53.051410666,Huchting,Kirchhuchting
358,11,2022,1,5,10,3,5,2,1,1,0,0,0,0,0,1,8.72854549000004,53.038919456,Huchting,Kirchhuchting
366,11,2022,6,1,20,3,0,7,1,0,0,0,0,0,0,0,8.73682163600006,53.0455699840001,Huchting,Kirchhuchting
457,11,2022,6,6,8,2,3,6,1,0,0,0,0,0,0,0,8.73616795200007,53.0475190240001,Huchting,Kirchhuchting
647,11,2022,10,3,6,3,5,3,1,1,0,0,0,0,2,1,8.73664902600007,53.045303222,Huchting,Kirchhuchting
766,11,2022,9,4,18,3,5,2,1,1,0,0,0,0,0,0,8.72817250200006,53.038377661,Huchting,Kirchhuchting
803,11,2022,10,7,10,3,5,2,1,1,0,0,0,0,0,0,8.72880366500004,53.0389350790001,Huchting,Kirchhuchting
990,11,2022,10,4,14,3,5,3,1,1,0,0,0,0,0,0,8.73852890900002,53.0473099450001,Huchting,Kirchhuchting
1045,11,2022,10,4,13,3,5,3,1,1,0,0,0,0,0,0,8.74004305900007,53.0514013580001,Huchting,Kirchhuchting
1051,11,2022,9,5,14,3,1,7,1,1,0,0,0,0,0,0,8.73103060500006,53.0408931750001,Huchting,Kirchhuchting
54,11,2023,5,7,9,2,5,3,1,1,0,0,0,0,0,0,8.740706825000075,53.05269413700006,Huchting,Kirchhuchting
128,11,2023,4,3,7,3,0,2,1,1,0,0,0,0,0,0,8.740756001000022,53.05265532200008,Huchting,Kirchhuchting
178,11,2023,3,2,8,3,6,4,1,0,1,0,0,0,0,0,8.738852927000039,53.048302411000066,Huchting,Kirchhuchting
233,11,2023,2,5,16,3,6,4,1,0,1,0,0,0,0,1,8.736469923000072,53.04107525100005,Huchting,Kirchhuchting
339,11,2023,5,4,17,3,5,3,1,1,0,0,0,0,0,0,8.735236723000071,53.04469407100004,Huchting,Kirchhuchting
466,11,2023,9,6,22,3,0,1,1,0,0,0,0,0,2,0,8.739214311000069,53.04830482800003,Huchting,Kirchhuchting
540,11,2023,9,1,13,3,4,6,1,0,0,0,0,1,0,0,8.736782147000042,53.045525473000055,Huchting,Kirchhuchting
581,11,2023,8,4,22,3,5,3,1,1,0,0,0,0,2,0,8.728652067000041,53.03887377900003,Huchting,Kirchhuchting
722,11,2023,7,1,19,3,0,7,1,0,0,0,0,0,0,0,8.740308199000026,53.05149558700003,Huchting,Kirchhuchting
775,11,2023,6,1,14,3,5,3,1,1,0,0,0,0,0,0,8.728003393000051,53.03821863700006,Huchting,Kirchhuchting
909,11,2023,5,3,8,3,5,2,1,0,0,0,0,0,0,0,8.741055694000067,53.046919642000034,Huchting,Kirchhuchting
923,11,2023,5,6,15,3,5,3,1,1,0,0,0,0,0,0,8.734414083000047,53.045207291000054,Huchting,Kirchhuchting
984,11,2023,11,6,11,3,5,3,1,1,0,0,0,0,0,0,8.731019897000067,53.040883475000044,Huchting,Kirchhuchting
1038,11,2023,6,4,13,3,1,5,1,0,0,0,0,1,0,0,8.737859852000042,53.042856261000054,Huchting,Kirchhuchting
53,11,2016,1,7,3,3,0,7,1,0,0,0,0,0,2,0,8.801194857,53.068232461,Neustadt,Südervorstadt
161,11,2016,4,1,22,3,0,7,1,0,0,0,0,0,2,0,8.80173235,53.06789362,Neustadt,Südervorstadt
425,11,2016,7,5,11,3,5,3,1,1,0,0,0,0,0,0,8.800899829,53.0684248,Neustadt,Südervorstadt
470,11,2016,7,6,15,3,5,3,1,1,0,0,0,0,0,1,8.793686892,53.066393806,Neustadt,Südervorstadt
539,11,2016,6,1,23,3,5,3,1,1,0,0,0,0,2,0,8.790159866,53.064164814,Neustadt,Südervorstadt
549,11,2016,8,6,12,3,0,7,1,1,0,0,0,0,0,0,8.801738157,53.067890018,Neustadt,Südervorstadt
622,11,2016,7,5,19,3,1,5,1,1,0,0,0,0,0,0,8.801075836,53.068310055,Neustadt,Südervorstadt
737,11,2016,9,6,11,3,1,7,1,1,0,0,0,0,0,0,8.795425968,53.065412251,Neustadt,Südervorstadt
776,11,2016,9,6,10,3,3,6,1,0,0,1,0,0,0,0,8.794972547,53.067222886,Neustadt,Südervorstadt
908,11,2016,10,7,17,2,3,6,1,0,0,0,0,1,0,0,8.800979867,53.068372621,Neustadt,Südervorstadt
1118,11,2016,12,7,16,2,0,1,1,0,1,0,0,0,1,0,8.79618892,53.065642268,Neustadt,Südervorstadt
11,11,2017,2,4,17,3,1,7,1,0,0,0,0,1,2,0,8.789261489000069,53.06362080700006,Neustadt,Südervorstadt
92,11,2017,3,5,12,3,0,2,1,0,0,0,0,1,0,0,8.794949978000034,53.06720795100006,Neustadt,Südervorstadt
173,11,2017,2,2,16,3,6,4,1,0,1,0,0,0,0,1,8.790031644000067,53.06408673100003,Neustadt,Südervorstadt
271,11,2017,4,6,14,2,5,3,1,1,0,0,0,0,0,0,8.79755625100006,53.066536529000075,Neustadt,Südervorstadt
414,11,2017,5,6,10,3,5,3,1,1,0,0,0,0,0,0,8.796991740000067,53.06854835400003,Neustadt,Südervorstadt
577,11,2017,7,2,13,3,1,5,1,1,0,0,0,0,0,0,8.801427884000077,53.06808243000006,Neustadt,Südervorstadt
686,11,2017,8,4,15,3,3,6,1,1,0,0,0,0,0,0,8.801611453000021,53.06796860400004,Neustadt,Südervorstadt
727,11,2017,9,1,15,3,5,3,1,1,0,0,0,0,0,0,8.793706260000022,53.06637100700004,Neustadt,Südervorstadt
765,11,2017,8,1,21,3,5,2,1,1,0,0,0,0,2,0,8.792526495000061,53.06563081400003,Neustadt,Südervorstadt
783,11,2017,8,7,18,3,0,3,1,0,0,0,0,1,0,0,8.79503826000007,53.064293502000055,Neustadt,Südervorstadt
822,11,2017,8,4,17,3,1,7,1,1,0,0,0,0,0,0,8.795943370000032,53.067100528000026,Neustadt,Südervorstadt
849,11,2017,8,1,11,3,5,3,1,1,0,0,0,0,0,1,8.796776603000069,53.06697508500008,Neustadt,Südervorstadt
1051,11,2017,9,4,23,3,6,4,1,0,1,0,0,0,2,1,8.794157452000036,53.066691046000074,Neustadt,Südervorstadt
1062,11,2017,9,3,7,3,3,6,1,1,0,0,0,0,0,1,8.795906139000067,53.06742828800003,Neustadt,Südervorstadt
2,11,2018,7,2,7,3,5,3,1,0,0,1,0,0,0,0,8.79044381400007,53.061084195000035,Neustadt,Südervorstadt
96,11,2018,2,2,12,3,5,2,1,1,0,0,0,0,0,0,8.795603602000028,53.067584612000076,Neustadt,Südervorstadt
209,11,2018,4,6,13,3,1,7,1,1,0,0,0,0,0,1,8.801265400000034,53.068186473000026,Neustadt,Südervorstadt
247,11,2018,4,7,20,3,0,7,1,0,0,0,0,0,0,0,8.800802313000077,53.06832344000003,Neustadt,Südervorstadt
279,11,2018,4,4,9,3,0,3,1,1,0,0,0,0,0,1,8.791504493000048,53.06499855900006,Neustadt,Südervorstadt
365,11,2018,5,3,16,3,5,3,1,0,0,0,0,1,0,0,8.792684447000056,53.06573495100008,Neustadt,Südervorstadt
380,11,2018,5,3,17,3,1,5,1,1,0,0,0,0,0,0,8.799150574000066,53.06802417400007,Neustadt,Südervorstadt
444,11,2018,5,3,21,3,5,2,1,1,0,0,0,0,2,0,8.797872444000063,53.06637024300005,Neustadt,Südervorstadt
453,11,2018,5,4,9,2,0,7,1,0,0,0,0,0,0,1,8.791142647000072,53.06477128000006,Neustadt,Südervorstadt
583,11,2018,6,6,13,3,5,3,1,1,0,0,0,0,0,0,8.79678327800002,53.06697143300005,Neustadt,Südervorstadt
723,11,2018,8,2,13,2,1,7,1,1,0,0,0,0,0,1,8.795890246000056,53.065146550000065,Neustadt,Südervorstadt
1056,11,2018,10,7,14,3,5,3,1,1,0,0,0,0,0,0,8.800860487000023,53.068448541000066,Neustadt,Südervorstadt
1144,11,2018,10,3,15,3,6,4,1,0,1,0,0,0,0,1,8.795355786000073,53.06545321700003,Neustadt,Südervorstadt
162,11,2019,2,5,17,3,1,5,1,1,0,0,0,0,0,0,8.796462363000046,53.068202608000036,Neustadt,Südervorstadt
228,11,2019,3,5,11,2,6,4,1,0,1,0,0,0,0,0,8.801137139000048,53.06827009400007,Neustadt,Südervorstadt
370,11,2019,5,4,17,3,6,4,1,0,1,0,0,0,0,0,8.794595811000022,53.06698444800003,Neustadt,Südervorstadt
402,11,2019,4,2,21,2,6,4,1,1,1,0,0,0,0,0,8.79265839900006,53.065729099000066,Neustadt,Südervorstadt
466,11,2019,6,4,15,3,6,4,1,0,1,0,0,0,0,0,8.796220085000073,53.068043697000064,Neustadt,Südervorstadt
579,11,2019,8,7,5,3,1,1,1,1,0,0,0,0,1,0,8.800912090000054,53.06839363300003,Neustadt,Südervorstadt
665,11,2019,7,1,13,3,1,7,1,1,0,0,0,0,0,0,8.796595676000038,53.06475891800005,Neustadt,Südervorstadt
20,11,2020,1,5,7,3,0,7,1,1,0,0,0,0,2,1,8.795409606000021,53.06751303200008,Neustadt,Südervorstadt
175,11,2020,4,6,12,3,5,3,1,0,0,0,0,0,0,0,8.798310135000065,53.06611997200008,Neustadt,Südervorstadt
332,11,2020,7,4,9,3,0,1,1,0,0,0,0,0,0,1,8.792703599000049,53.065757715000075,Neustadt,Südervorstadt
376,11,2020,7,4,6,3,0,1,1,0,0,0,0,0,0,1,8.793289127000037,53.066133034000075,Neustadt,Südervorstadt
482,11,2020,5,7,11,3,6,4,1,0,1,0,0,0,0,0,8.79268414300003,53.06434285500006,Neustadt,Südervorstadt
527,11,2020,8,1,3,3,0,7,1,0,0,0,0,0,2,0,8.801167785000075,53.06825011400008,Neustadt,Südervorstadt
567,11,2020,7,3,10,3,5,2,1,1,0,0,0,0,0,1,8.78807512000003,53.06289365400005,Neustadt,Südervorstadt
648,11,2020,8,4,20,3,5,3,1,1,0,0,0,0,1,0,8.79678105000005,53.06697204100004,Neustadt,Südervorstadt
701,11,2020,7,2,16,2,1,5,1,1,0,0,0,0,0,0,8.79591501300007,53.065132626000036,Neustadt,Südervorstadt
904,11,2020,10,3,16,3,5,2,1,1,0,0,0,0,0,1,8.793733905000067,53.06635940500007,Neustadt,Südervorstadt
1054,11,2020,12,2,18,2,1,7,1,1,0,0,0,0,2,1,8.801091124000038,53.06830009400005,Neustadt,Südervorstadt
12,11,2021,4,2,19,3,4,6,1,1,0,0,0,0,0,0,8.791546809000067,53.064975625000045,Neustadt,Südervorstadt
555,11,2021,11,7,10,3,5,2,1,1,0,0,0,0,0,1,8.801786697000068,53.06785990600008,Neustadt,Südervorstadt
650,11,2021,11,2,7,3,5,2,1,1,0,0,0,0,0,0,8.793730531000051,53.066360821000046,Neustadt,Südervorstadt
97,11,2022,7,3,7,3,0,7,1,1,1,0,0,0,0,0,8.79628928700004,53.0672299720001,Neustadt,Südervorstadt
194,11,2022,7,2,18,3,4,2,1,1,0,0,0,0,0,0,8.80089681000004,53.0684258640001,Neustadt,Südervorstadt
356,11,2022,2,6,12,3,6,4,1,0,1,0,0,0,0,0,8.80157221100006,53.0679929190001,Neustadt,Südervorstadt
736,11,2022,10,5,17,3,5,7,1,0,0,0,0,0,1,1,8.78889762700004,53.0632592850001,Neustadt,Südervorstadt
737,11,2022,8,1,11,3,5,3,1,1,0,0,0,0,0,0,8.79644619600003,53.064887282,Neustadt,Südervorstadt
776,11,2022,8,6,14,3,0,3,1,1,0,0,0,0,0,0,8.80087755100004,53.0684378870001,Neustadt,Südervorstadt
843,11,2022,10,6,19,3,2,6,1,1,0,0,0,0,1,0,8.80154168000007,53.068011853,Neustadt,Südervorstadt
1062,11,2022,10,6,11,3,3,2,1,1,0,0,0,0,0,0,8.79148792900003,53.0649883290001,Neustadt,Südervorstadt
14,11,2023,5,3,17,3,5,2,1,1,0,0,0,0,0,0,8.79146197600005,53.06497230300005,Neustadt,Südervorstadt
99,11,2023,4,6,19,3,1,7,1,1,0,0,0,0,0,1,8.798113432000036,53.066246008000064,Neustadt,Südervorstadt
226,11,2023,2,3,9,3,5,2,1,1,0,0,0,0,0,0,8.79370033300006,53.06640278700007,Neustadt,Südervorstadt
284,11,2023,1,6,7,3,6,4,1,0,1,0,0,0,1,1,8.788824912000052,53.063302984000075,Neustadt,Südervorstadt
560,11,2023,9,4,17,3,1,5,1,1,0,0,0,0,0,0,8.795295355000064,53.06548849100005,Neustadt,Südervorstadt
787,11,2023,6,5,15,3,5,3,1,1,0,0,0,0,0,0,8.793758188000027,53.06634921500006,Neustadt,Südervorstadt
990,11,2023,11,6,17,3,5,2,1,0,0,0,0,1,2,1,8.788864988000057,53.06327890000006,Neustadt,Südervorstadt
56,11,2016,2,4,13,3,5,2,1,1,0,0,0,0,0,0,8.952718168,53.068932465,Osterholz,Ellenerbrok-Schevemoor
84,11,2016,1,4,7,3,5,3,1,1,0,0,0,0,2,1,8.936343896,53.073735697,Osterholz,Ellenerbrok-Schevemoor
239,11,2016,5,3,23,3,5,2,1,1,0,0,0,0,2,0,8.945265324,53.065586504,Osterholz,Ellenerbrok-Schevemoor
627,11,2016,8,6,14,3,5,3,1,1,0,0,0,0,0,1,8.941644875,53.060418376,Osterholz,Ellenerbrok-Schevemoor
840,11,2016,9,5,10,3,5,3,1,1,0,0,0,0,0,0,8.93168979,53.062199157,Osterholz,Ellenerbrok-Schevemoor
973,11,2016,11,2,17,3,0,3,1,1,0,0,0,0,2,0,8.949730143,53.064211567,Osterholz,Ellenerbrok-Schevemoor
987,11,2016,11,6,12,3,1,7,1,1,0,0,0,0,0,0,8.936280259,53.06685072,Osterholz,Ellenerbrok-Schevemoor
1101,11,2016,12,6,17,3,5,3,1,1,0,0,0,0,2,0,8.940067655,53.067865925,Osterholz,Ellenerbrok-Schevemoor
53,11,2017,1,3,6,3,5,3,1,1,0,0,0,0,2,1,8.936381089000065,53.07380779700003,Osterholz,Ellenerbrok-Schevemoor
117,11,2017,3,5,15,3,5,2,1,0,0,1,0,0,0,0,8.941683848000025,53.060365243000035,Osterholz,Ellenerbrok-Schevemoor
166,11,2017,2,5,14,3,5,3,1,1,0,0,0,0,0,1,8.944847296000034,53.07532684500006,Osterholz,Ellenerbrok-Schevemoor
485,11,2017,7,1,11,2,1,7,1,1,0,0,0,0,0,0,8.94830401400003,53.065982441000074,Osterholz,Ellenerbrok-Schevemoor
489,11,2017,7,6,17,3,5,3,1,1,0,0,0,0,0,0,8.944626541000048,53.06587919700007,Osterholz,Ellenerbrok-Schevemoor
517,11,2017,7,3,21,3,5,3,1,1,0,0,0,0,0,0,8.93241432000002,53.06418448000005,Osterholz,Ellenerbrok-Schevemoor
529,11,2017,7,6,16,3,5,3,1,1,0,0,0,0,0,0,8.948427912000056,53.05803543900004,Osterholz,Ellenerbrok-Schevemoor
772,11,2017,8,7,15,3,0,2,1,1,0,0,0,0,0,0,8.936258876000068,53.05869625300005,Osterholz,Ellenerbrok-Schevemoor
15,11,2018,1,2,22,2,6,6,1,0,1,0,0,0,2,1,8.946098919000065,53.06863920600006,Osterholz,Ellenerbrok-Schevemoor
379,11,2018,5,5,14,3,0,1,1,1,0,0,0,0,0,0,8.941415981000034,53.06446649500003,Osterholz,Ellenerbrok-Schevemoor
419,11,2018,6,2,17,2,0,1,1,0,0,0,0,1,0,0,8.947186531000057,53.05810928000005,Osterholz,Ellenerbrok-Schevemoor
512,11,2018,7,5,16,3,5,3,1,1,0,0,0,0,0,0,8.934733419000054,53.07010273100008,Osterholz,Ellenerbrok-Schevemoor
520,11,2018,6,4,21,3,5,2,1,1,0,0,0,0,0,0,8.941151949000073,53.05875555500006,Osterholz,Ellenerbrok-Schevemoor
582,11,2018,6,6,19,3,5,3,1,1,0,0,0,0,0,0,8.940061494000076,53.067867214000046,Osterholz,Ellenerbrok-Schevemoor
632,11,2018,6,3,8,3,5,3,1,1,0,0,0,0,0,0,8.94164322000006,53.06041791700005,Osterholz,Ellenerbrok-Schevemoor
742,11,2018,8,7,13,3,5,3,1,0,0,0,0,0,0,0,8.943853224000065,53.06630240800007,Osterholz,Ellenerbrok-Schevemoor
773,11,2018,8,6,7,2,5,2,1,1,0,0,0,0,0,0,8.937717152000062,53.06869244000006,Osterholz,Ellenerbrok-Schevemoor
873,11,2018,10,2,7,3,5,2,1,1,0,0,0,0,0,0,8.943746860000033,53.05829780200003,Osterholz,Ellenerbrok-Schevemoor
993,11,2018,10,2,13,3,6,4,1,0,1,0,0,0,0,1,8.938750655000035,53.063771845000076,Osterholz,Ellenerbrok-Schevemoor
1009,11,2018,9,6,15,3,5,3,1,1,0,0,0,0,0,0,8.946996890000037,53.076011219000065,Osterholz,Ellenerbrok-Schevemoor