,UKREIS,UJAHR,UMONAT,UWOCHENTAG,USTUNDE,UKATEGORIE,UART,UTYP1,IstRad,IstPKW,IstFuss,IstKrad,IstGkfz,IstSonstig,ULICHTVERH,STRZUSTAND,longitude,latitude,Stadtteil,Ortsteil
1115,11,2018,12,3,13,3,1,1,1,0,0,0,0,1,0,0,8.69324436200003,53.17823628700006,Burglesum,Lesum
1139,11,2018,12,5,21,2,0,7,1,0,0,0,0,0,2,1,8.686125024000035,53.17255402400008,Burglesum,Lesum
1141,11,2018,12,2,16,3,5,3,1,1,0,0,0,0,2,1,8.697792110000023,53.17200073400005,Burglesum,Lesum
12,11,2019,3,6,10,3,5,3,1,1,0,0,0,0,0,0,8.686020401000064,53.17298979000003,Burglesum,Lesum
362,11,2019,5,1,19,3,5,3,1,1,0,0,0,0,0,0,8.686122133000026,53.17283439900007,Burglesum,Lesum
375,11,2019,4,3,15,3,5,2,1,1,0,0,0,0,0,0,8.693999482000038,53.18061705200006,Burglesum,Lesum
539,11,2019,6,7,13,2,5,3,1,0,0,0,0,1,0,0,8.69527622000004,53.16875540600006,Burglesum,Lesum
813,11,2019,8,5,9,2,0,7,1,0,0,0,0,0,0,1,8.690179546000024,53.18048569800004,Burglesum,Lesum
823,11,2019,8,4,18,3,4,6,1,1,0,0,0,0,0,0,8.688252755000065,53.17928753800004,Burglesum,Lesum
901,11,2019,11,6,15,3,3,2,1,1,0,0,0,0,0,0,8.68457167500003,53.17107820200005,Burglesum,Lesum
1097,11,2019,12,5,19,3,5,3,1,1,0,0,0,0,2,1,8.677737238000077,53.173302242000034,Burglesum,Lesum
1158,11,2019,11,7,10,3,0,7,1,0,0,0,0,0,0,1,8.69097565100003,53.16874676800006,Burglesum,Lesum
123,11,2020,2,3,14,2,5,3,1,1,0,0,0,0,0,1,8.685373114000072,53.17689220300008,Burglesum,Lesum
457,11,2020,6,5,12,3,5,3,1,1,0,0,0,0,0,1,8.678270263000059,53.173914866000075,Burglesum,Lesum
516,11,2020,8,3,12,2,0,7,1,0,0,0,0,0,0,0,8.686149817000057,53.171074186000055,Burglesum,Lesum
590,11,2020,8,3,18,3,5,3,1,1,0,0,0,0,0,0,8.688703037000039,53.16850549500003,Burglesum,Lesum
699,11,2020,7,2,15,3,3,2,1,1,0,0,0,0,0,0,8.696365299000036,53.168607361000056,Burglesum,Lesum
781,11,2020,10,2,10,3,5,3,1,1,0,0,0,0,0,0,8.685843738000074,53.173842292000074,Burglesum,Lesum
788,11,2020,9,2,16,3,0,7,1,1,0,0,0,0,0,0,8.688634080000043,53.17134549700006,Burglesum,Lesum
817,11,2020,9,7,10,3,8,5,1,1,0,0,0,0,0,0,8.67638981400006,53.171275011000034,Burglesum,Lesum
877,11,2020,9,7,18,3,4,6,1,0,0,0,0,1,0,1,8.682800997000072,53.16651097100004,Burglesum,Lesum
908,11,2020,10,2,10,3,5,2,1,1,0,0,0,0,0,0,8.677834321000034,53.16899306200003,Burglesum,Lesum
981,11,2020,11,4,10,3,5,3,1,1,0,0,0,0,0,0,8.68840401600005,53.169673311000054,Burglesum,Lesum
1088,11,2020,11,2,18,2,0,7,1,0,0,0,0,0,2,1,8.691195353000069,53.168599123000035,Burglesum,Lesum
62,11,2021,5,2,10,3,5,3,1,1,0,0,0,0,0,0,8.685719552000023,53.17763620800008,Burglesum,Lesum
78,11,2021,5,2,8,3,5,3,1,1,0,0,0,0,0,1,8.690212142000064,53.17409933000005,Burglesum,Lesum
123,11,2021,6,4,18,3,1,6,1,0,0,0,0,1,0,0,8.691257520000022,53.17212108900003,Burglesum,Lesum
387,11,2021,1,4,6,3,0,7,1,0,0,0,0,0,2,1,8.686049274000027,53.171109811000065,Burglesum,Lesum
388,11,2021,5,4,9,3,3,2,1,1,0,0,0,0,0,0,8.690687550000064,53.16894539000003,Burglesum,Lesum
411,11,2021,6,4,13,3,3,6,1,0,0,0,0,1,0,0,8.690724561000025,53.16891987400004,Burglesum,Lesum
902,11,2021,8,4,16,3,2,6,1,0,0,0,0,0,0,0,8.694784220000031,53.16882363000008,Burglesum,Lesum
67,11,2022,5,5,14,2,0,7,1,0,0,0,0,0,0,0,8.67594284300003,53.1734759240001,Burglesum,Lesum
184,11,2022,6,5,14,3,0,7,1,0,0,0,0,0,0,0,8.69996036700007,53.171859457,Burglesum,Lesum
202,11,2022,2,3,16,3,5,3,1,1,0,0,0,0,0,1,8.69453879800005,53.168822844,Burglesum,Lesum
301,11,2022,7,1,13,3,5,3,1,1,0,0,0,0,0,0,8.68681693200006,53.1681066940001,Burglesum,Lesum
384,11,2022,5,2,16,3,5,3,1,1,0,0,0,0,0,0,8.68608457100004,53.173313335,Burglesum,Lesum
391,11,2022,6,4,17,3,5,3,1,1,0,0,0,0,0,0,8.69649434500008,53.1756279640001,Burglesum,Lesum
416,11,2022,3,2,10,2,5,3,1,1,0,0,0,0,0,1,8.68841585100006,53.1696807700001,Burglesum,Lesum
430,11,2022,2,4,17,3,4,6,1,0,0,0,0,0,2,1,8.67737503700005,53.1733107310001,Burglesum,Lesum
564,11,2022,6,4,19,3,3,6,1,1,0,0,0,0,0,1,8.68586993000002,53.1738488220001,Burglesum,Lesum
575,11,2022,5,3,8,2,5,2,1,1,0,0,0,0,0,0,8.68587619200002,53.173837625,Burglesum,Lesum
644,11,2022,10,1,16,3,3,2,1,1,0,0,0,0,0,0,8.69393236200006,53.1686606870001,Burglesum,Lesum
653,11,2022,8,6,8,3,5,3,1,1,0,0,0,0,0,1,8.68840281800004,53.1696712450001,Burglesum,Lesum
718,11,2022,8,2,7,3,5,3,1,1,0,0,0,0,0,1,8.69761147500003,53.1830339620001,Burglesum,Lesum
734,11,2022,11,4,12,3,5,3,1,1,0,0,0,0,0,0,8.69918527100003,53.1681940830001,Burglesum,Lesum
743,11,2022,10,5,13,3,5,2,1,1,0,0,0,0,0,0,8.69982636500004,53.1680987410001,Burglesum,Lesum
784,11,2022,10,2,8,3,5,3,1,1,0,0,0,0,0,0,8.67582958700007,53.173496076,Burglesum,Lesum
849,11,2022,12,6,7,2,5,3,1,1,0,0,0,0,2,1,8.69224563400007,53.168206911,Burglesum,Lesum
918,11,2022,11,3,13,3,5,3,1,1,0,0,0,0,0,0,8.69016462900004,53.1737154960001,Burglesum,Lesum
953,11,2022,8,7,14,3,5,3,1,1,0,0,0,0,0,0,8.69863904100004,53.1682754300001,Burglesum,Lesum
4,11,2023,4,4,9,3,5,3,1,1,0,0,0,0,0,0,8.686175001000038,53.17331868100007,Burglesum,Lesum
61,11,2023,5,5,8,3,4,2,1,1,0,0,0,0,0,0,8.685280544000022,53.17621731000003,Burglesum,Lesum
119,11,2023,4,6,23,3,0,7,1,0,0,0,0,0,2,0,8.688851812000053,53.169597198000076,Burglesum,Lesum
227,11,2023,2,3,15,3,5,3,1,1,0,0,0,0,0,0,8.685799453000072,53.16782826700006,Burglesum,Lesum
253,11,2023,2,2,21,3,5,3,1,0,0,0,0,1,2,0,8.69663302300006,53.17527538400003,Burglesum,Lesum
518,11,2023,9,6,20,3,4,3,1,1,0,0,0,0,2,0,8.686081095000077,53.17107742300004,Burglesum,Lesum
548,11,2023,9,6,15,3,5,3,1,1,0,0,0,0,0,0,8.696350427000027,53.16860964300008,Burglesum,Lesum
599,11,2023,8,5,17,3,3,6,1,1,0,0,0,0,0,0,8.689577211000028,53.16938478600008,Burglesum,Lesum
609,11,2023,8,3,15,3,1,5,1,1,0,0,0,0,0,0,8.687344350000046,53.17893957300004,Burglesum,Lesum
746,11,2023,10,2,15,3,1,5,1,0,0,0,0,1,0,0,8.68582415800006,53.17393066900007,Burglesum,Lesum
859,11,2023,6,5,8,3,5,3,1,1,0,0,0,0,0,0,8.68306754100007,53.17465391500008,Burglesum,Lesum
64,11,2016,2,6,5,3,5,3,1,1,0,0,0,0,2,0,8.777148222,53.095924799,Walle,Steffensweg
65,11,2016,2,5,16,3,5,3,1,1,0,0,0,0,0,0,8.776486232,53.096881165,Walle,Steffensweg
274,11,2016,4,6,8,2,0,7,1,0,1,0,0,0,0,0,8.786906912,53.090499987,Walle,Steffensweg
380,11,2016,5,7,19,3,1,1,1,0,0,0,0,1,0,0,8.782136553,53.095852609,Walle,Steffensweg
856,11,2016,9,1,17,3,5,3,1,1,0,0,0,0,0,0,8.782489192,53.094943039,Walle,Steffensweg
704,11,2017,8,3,16,3,5,2,1,1,0,0,0,0,0,1,8.784693989000061,53.090175497000075,Walle,Steffensweg
898,11,2017,10,3,15,3,5,3,1,1,0,0,0,0,0,0,8.777876003000074,53.09508875500006,Walle,Steffensweg
1076,11,2017,12,6,7,3,5,3,1,1,0,0,0,0,0,0,8.77838993100005,53.095015025000066,Walle,Steffensweg
666,11,2018,8,2,13,3,1,5,1,1,0,0,0,0,0,0,8.781934453000076,53.09747377900004,Walle,Steffensweg
739,11,2018,8,4,16,3,1,5,1,1,0,0,0,0,0,0,8.779458548000036,53.093850125000074,Walle,Steffensweg
755,11,2018,7,2,16,3,5,2,1,1,0,0,0,0,0,0,8.787423733000026,53.08997173900008,Walle,Steffensweg
792,11,2018,7,4,12,3,6,4,1,0,1,0,0,0,0,0,8.779289320000032,53.09373572100003,Walle,Steffensweg
851,11,2018,7,5,11,3,5,3,1,1,0,0,0,0,0,0,8.781937277000054,53.096381276000045,Walle,Steffensweg
1236,11,2018,11,5,17,3,3,2,1,0,0,0,0,1,2,0,8.777443047000077,53.09540877100005,Walle,Steffensweg
1283,11,2018,12,6,7,3,4,2,1,1,0,0,0,0,2,0,8.777153652000038,53.09592705000006,Walle,Steffensweg
70,11,2019,2,2,6,3,5,3,1,1,0,0,0,0,2,0,8.78037587800003,53.09286830500008,Walle,Steffensweg
289,11,2019,5,5,15,3,5,3,1,1,0,0,0,0,0,0,8.779999662000023,53.09327346400005,Walle,Steffensweg
491,11,2019,6,6,15,2,5,3,1,0,0,0,0,0,0,0,8.782034932000045,53.09589725600006,Walle,Steffensweg
711,11,2019,7,3,14,2,5,3,1,1,0,0,0,0,0,0,8.781336163000049,53.09756009100005,Walle,Steffensweg
767,11,2019,9,2,19,3,5,3,1,1,0,0,0,0,1,0,8.787403459000075,53.08998588600008,Walle,Steffensweg
978,11,2019,11,3,7,3,5,1,1,1,0,0,0,0,0,0,8.77869417100004,53.094715446000066,Walle,Steffensweg
1115,11,2019,12,6,7,3,5,3,1,1,0,0,0,0,1,0,8.784068439000066,53.09294331000007,Walle,Steffensweg
767,11,2020,10,2,15,3,0,7,1,0,0,0,0,0,0,1,8.787373015000071,53.08997121500005,Walle,Steffensweg
386,11,2021,7,5,19,3,4,6,1,0,0,0,0,0,0,1,8.786804330000052,53.09053015300003,Walle,Steffensweg
514,11,2021,11,3,12,3,5,2,1,1,0,0,0,0,0,0,8.781335914000067,53.09758001400007,Walle,Steffensweg
653,11,2021,8,3,1,3,4,6,1,0,0,0,0,1,2,1,8.782664823000061,53.09078346100006,Walle,Steffensweg
753,11,2021,8,5,13,3,0,3,1,1,0,0,0,0,0,0,8.782944666000049,53.094079703000034,Walle,Steffensweg
335,11,2022,5,2,16,3,6,4,1,0,1,0,0,0,0,0,8.78646519200004,53.090832429,Walle,Steffensweg
422,11,2022,7,3,10,3,5,3,1,1,0,0,0,0,0,0,8.78410923400003,53.0895056150001,Walle,Steffensweg
557,11,2022,3,2,11,3,5,3,1,1,0,0,0,0,0,0,8.78042080700004,53.092902607,Walle,Steffensweg
1067,11,2022,9,3,12,3,4,6,1,0,0,0,0,0,0,0,8.77659908400005,53.0966993440001,Walle,Steffensweg
235,11,2023,2,4,16,3,5,3,1,1,0,0,0,0,0,0,8.784877212000026,53.08905234100007,Walle,Steffensweg
291,11,2023,1,3,5,3,5,3,1,1,0,0,0,0,2,0,8.776464282000063,53.09691481700003,Walle,Steffensweg
401,11,2023,10,2,17,3,1,5,1,1,0,0,0,0,0,0,8.78556506700005,53.09071151900008,Walle,Steffensweg
471,11,2023,9,5,14,3,0,7,1,0,1,0,0,0,0,0,8.776677735000021,53.09725244800006,Walle,Steffensweg
592,11,2023,8,2,2,3,0,7,1,0,0,0,0,0,2,0,8.780115025000043,53.09637480200007,Walle,Steffensweg
949,11,2023,12,2,11,3,5,3,1,1,0,0,0,0,0,0,8.777871275000052,53.09510950600003,Walle,Steffensweg
66,11,2016,2,6,18,3,0,1,1,0,0,0,0,0,2,1,8.830751259,53.07146958,Östliche Vorstadt,Steintor
77,11,2016,3,3,9,3,5,3,1,1,0,0,0,0,0,0,8.827755375,53.068842158,Östliche Vorstadt,Steintor
151,11,2016,3,5,7,3,3,6,1,1,0,0,0,0,0,0,8.830795963,53.074397578,Östliche Vorstadt,Steintor
163,11,2016,4,4,12,3,0,7,1,0,0,0,0,0,0,0,8.826528399,53.072903557,Östliche Vorstadt,Steintor
173,11,2016,4,3,16,3,0,7,1,1,0,0,0,0,0,0,8.827693759,53.07476679,Östliche Vorstadt,Steintor
238,11,2016,6,4,16,3,0,1,1,0,0,0,0,0,0,0,8.827361071,53.07265278,Östliche Vorstadt,Steintor
251,11,2016,5,3,23,3,0,7,1,0,0,0,0,0,2,0,8.825175811,53.07305038,Östliche Vorstadt,Steintor
254,11,2016,5,2,20,3,2,7,1,0,0,1,0,0,0,0,8.82921985,53.072035108,Östliche Vorstadt,Steintor
259,11,2016,5,6,3,3,0,7,1,0,0,0,0,0,2,0,8.826109392,53.072981366,Östliche Vorstadt,Steintor
291,11,2016,5,5,21,2,0,1,1,0,0,0,0,0,1,0,8.82284015,53.074062059,Östliche Vorstadt,Steintor
333,11,2016,4,2,8,3,1,1,1,1,0,0,0,0,0,0,8.825436367,53.073034751,Östliche Vorstadt,Steintor
353,11,2016,5,6,19,3,0,1,1,0,0,0,0,0,0,0,8.829884765,53.071776449,Östliche Vorstadt,Steintor
362,11,2016,5,7,13,3,0,1,1,0,0,0,0,0,0,0,8.827286545,53.07267865,Östliche Vorstadt,Steintor
398,11,2016,5,6,20,3,5,2,1,1,0,0,0,0,1,0,8.83096108,53.071423848,Östliche Vorstadt,Steintor
537,11,2016,6,4,22,3,0,1,1,0,0,0,0,0,2,0,8.827689906,53.072555215,Östliche Vorstadt,Steintor
555,11,2016,8,3,9,2,0,1,1,0,0,0,0,0,0,0,8.831992072,53.071057869,Östliche Vorstadt,Steintor
575,11,2016,8,6,14,3,5,3,1,1,0,0,0,0,0,0,8.83539272,53.073436729,Östliche Vorstadt,Steintor
595,11,2016,8,5,11,3,0,1,1,0,0,0,0,0,0,1,8.831386126,53.071224909,Östliche Vorstadt,Steintor
596,11,2016,7,7,22,3,0,1,1,0,0,0,0,0,2,0,8.827880342,53.072496661,Östliche Vorstadt,Steintor
600,11,2016,8,4,15,3,0,1,1,0,0,0,0,0,0,0,8.828005014,53.070132924,Östliche Vorstadt,Steintor
647,11,2016,7,3,11,3,5,3,1,0,0,0,0,1,0,0,8.832841014,53.070808736,Östliche Vorstadt,Steintor
650,11,2016,8,6,18,3,0,1,1,0,0,0,0,0,0,0,8.826999172,53.072778406,Östliche Vorstadt,Steintor
665,11,2016,8,2,16,3,0,1,1,0,0,0,0,0,0,1,8.8275864,53.072585925,Östliche Vorstadt,Steintor
786,11,2016,8,7,9,2,8,7,1,0,0,0,0,0,0,0,8.829774269,53.07182141,Östliche Vorstadt,Steintor
818,11,2016,9,2,18,3,0,1,1,0,0,0,0,0,0,0,8.830725203,53.071477853,Östliche Vorstadt,Steintor
889,11,2016,9,4,23,3,0,1,1,0,0,0,0,0,2,0,8.827859356,53.07250336,Östliche Vorstadt,Steintor
1013,11,2016,10,5,20,3,5,3,1,1,0,0,0,0,2,0,8.830918448,53.074384109,Östliche Vorstadt,Steintor
1052,11,2016,11,2,18,3,5,2,1,1,0,0,0,0,2,0,8.82871286,53.072222088,Östliche Vorstadt,Steintor
1073,11,2016,11,2,19,3,0,1,1,0,0,0,0,0,2,0,8.822987708,53.073652621,Östliche Vorstadt,Steintor
1143,11,2016,12,6,20,3,1,5,1,1,0,0,0,0,2,0,8.823342957,53.072980286,Östliche Vorstadt,Steintor
1163,11,2016,12,4,3,3,0,7,1,0,0,0,0,0,2,0,8.822642844,53.074673047,Östliche Vorstadt,Steintor
85,11,2017,3,2,17,3,5,3,1,1,0,0,0,0,0,0,8.829269751000027,53.07006040300007,Östliche Vorstadt,Steintor
99,11,2017,3,4,18,3,1,5,1,1,0,0,0,0,0,0,8.824042525000038,53.073035540000035,Östliche Vorstadt,Steintor
104,11,2017,3,2,10,3,0,1,1,0,0,0,0,0,0,1,8.827655309000022,53.07256548000004,Östliche Vorstadt,Steintor
126,11,2017,3,3,11,3,0,1,1,0,0,0,0,0,0,0,8.826852159000055,53.07282943700005,Östliche Vorstadt,Steintor
141,11,2017,3,2,13,3,4,6,1,0,0,0,0,0,0,0,8.825931942000068,53.07300568800008,Östliche Vorstadt,Steintor
158,11,2017,2,2,13,3,5,3,1,1,0,0,0,0,0,0,8.82266856800004,53.07457120400005,Östliche Vorstadt,Steintor
230,11,2017,4,3,18,3,3,6,1,1,0,0,0,0,0,0,8.830455768000036,53.07157447900005,Östliche Vorstadt,Steintor
262,11,2017,4,2,15,3,0,1,1,0,0,0,0,0,0,0,8.830296717000067,53.07163151800006,Östliche Vorstadt,Steintor
277,11,2017,4,5,16,3,0,1,1,0,0,0,0,0,0,0,8.832042217000037,53.07104316700003,Östliche Vorstadt,Steintor
282,11,2017,4,4,8,3,5,2,1,0,0,0,0,1,0,0,8.828712860000053,53.072222088000046,Östliche Vorstadt,Steintor
420,11,2017,5,5,18,3,6,7,1,0,1,0,0,0,0,0,8.828033146000053,53.071664303000034,Östliche Vorstadt,Steintor
510,11,2017,7,5,13,3,0,7,1,0,0,0,0,0,0,0,8.823660539000059,53.07300971800004,Östliche Vorstadt,Steintor
531,11,2017,7,6,15,3,1,5,1,1,0,0,0,0,0,0,8.831992072000048,53.07105786900007,Östliche Vorstadt,Steintor
549,11,2017,7,2,0,3,3,6,1,1,0,0,0,0,2,0,8.830829719000064,53.07439386500005,Östliche Vorstadt,Steintor
610,11,2017,6,5,13,3,5,2,1,1,0,0,0,0,0,0,8.833708673000046,53.071047098000065,Östliche Vorstadt,Steintor
613,11,2017,6,4,9,3,5,3,1,1,0,0,0,0,0,0,8.832020405000037,53.068648179000036,Östliche Vorstadt,Steintor
678,11,2017,9,2,13,3,0,1,1,0,0,0,0,0,0,0,8.827248433000022,53.072691880000036,Östliche Vorstadt,Steintor
691,11,2017,8,4,15,3,7,1,1,0,0,0,0,0,0,0,8.827249805000065,53.07269140400007,Östliche Vorstadt,Steintor
760,11,2017,8,2,21,3,0,1,1,0,0,0,0,0,2,0,8.831939894000072,53.07107444300004,Östliche Vorstadt,Steintor
768,11,2017,8,7,15,3,0,1,1,0,0,0,0,0,0,0,8.829201281000053,53.07204228400008,Östliche Vorstadt,Steintor
862,11,2017,8,5,16,3,6,7,1,0,1,0,0,0,0,0,8.832025522000038,53.06864794300003,Östliche Vorstadt,Steintor
973,11,2017,10,3,17,2,0,7,1,0,0,0,0,0,0,0,8.832083491000049,53.071031067000035,Östliche Vorstadt,Steintor
1017,11,2017,10,6,15,3,0,1,1,0,0,0,0,0,0,1,8.831869235000056,53.07109688600008,Östliche Vorstadt,Steintor
1031,11,2017,10,2,15,3,1,5,1,1,0,0,0,0,0,0,8.826063676000047,53.07298875300006,Östliche Vorstadt,Steintor
1042,11,2017,9,6,19,3,1,5,1,1,0,0,0,0,1,0,8.825250830000073,53.07304588100004,Östliche Vorstadt,Steintor
1118,11,2017,11,6,16,3,3,6,1,0,0,0,0,0,1,0,8.832294026000056,53.07420574200006,Östliche Vorstadt,Steintor
45,11,2018,1,1,16,3,3,6,1,1,0,0,0,0,1,0,8.828126419000057,53.072418113000026,Östliche Vorstadt,Steintor
75,11,2018,2,6,11,3,5,2,1,1,0,0,0,0,0,0,8.82464109700004,53.06891121800004,Östliche Vorstadt,Steintor
98,11,2018,2,1,23,3,0,1,1,0,0,0,0,0,2,1,8.82764813600005,53.07256760700005,Östliche Vorstadt,Steintor
173,11,2018,4,5,7,3,1,7,1,1,0,0,0,0,0,0,8.823020773000053,53.07356313500003,Östliche Vorstadt,Steintor
262,11,2018,4,6,18,3,1,5,1,1,0,0,0,0,0,1,8.825952185000062,53.073706446000074,Östliche Vorstadt,Steintor
319,11,2018,5,5,20,3,0,5,1,1,0,0,0,0,1,0,8.828840544000059,53.072178343000076,Östliche Vorstadt,Steintor
390,11,2018,5,3,4,3,0,7,1,0,0,0,0,0,2,0,8.833363081000073,53.07100856000005,Östliche Vorstadt,Steintor
638,11,2018,6,3,17,3,5,3,1,1,0,0,0,0,0,0,8.829545734000021,53.07190747800007,Östliche Vorstadt,Steintor
735,11,2018,8,2,20,3,2,7,1,0,0,0,0,0,0,1,8.831335892000027,53.07126883500007,Östliche Vorstadt,Steintor
780,11,2018,8,6,23,3,0,1,1,1,0,0,0,0,2,0,8.831926484000064,53.07107870200008,Östliche Vorstadt,Steintor
822,11,2018,8,3,3,3,0,7,1,0,0,0,0,0,2,0,8.828055076000055,53.07244088600004,Östliche Vorstadt,Steintor
858,11,2018,9,3,17,2,1,5,1,1,0,0,0,0,0,0,8.831747688000064,53.07113549300004,Östliche Vorstadt,Steintor
895,11,2018,10,3,10,3,1,5,1,0,0,0,0,1,0,0,8.831974952000053,53.07106330700003,Östliche Vorstadt,Steintor
918,11,2018,10,7,20,3,6,4,1,0,1,0,0,0,2,0,8.824853081000072,53.07304906200005,Östliche Vorstadt,Steintor
923,11,2018,9,7,15,3,0,7,1,0,0,0,0,0,0,0,8.831924055000059,53.071079473000054,Östliche Vorstadt,Steintor
940,11,2018,9,3,20,3,0,1,1,0,0,0,0,0,2,0,8.829330189000075,53.06878371400006,Östliche Vorstadt,Steintor
1055,11,2018,12,4,9,3,5,3,1,1,0,0,0,0,0,0,8.832067977000065,53.06864597900005,Östliche Vorstadt,Steintor
1095,11,2018,11,5,12,3,3,6,1,1,0,0,0,0,0,0,8.830488226000057,53.071562838000034,Östliche Vorstadt,Steintor
1116,11,2018,11,1,11,3,0,7,1,0,0,0,0,0,0,1,8.827789205000045,53.07252575200005,Östliche Vorstadt,Steintor
1122,11,2018,12,5,23,3,1,5,1,1,0,0,0,0,2,1,8.822975334000034,53.07368695800005,Östliche Vorstadt,Steintor
1130,11,2018,10,4,15,3,5,3,1,1,0,0,0,0,0,0,8.826426286000071,53.07081131800004,Östliche Vorstadt,Steintor
1180,11,2018,10,6,2,3,5,2,1,1,0,0,0,0,2,0,8.830953657000066,53.07141636000006,Östliche Vorstadt,Steintor
1270,11,2018,12,5,10,3,0,7,1,0,0,0,0,0,0,1,8.827633801000047,53.07257186100003,Östliche Vorstadt,Steintor
49,11,2019,1,3,11,3,0,7,1,0,0,0,0,0,0,1,8.832226313000035,53.070979245000046,Östliche Vorstadt,Steintor
50,11,2019,1,3,9,3,0,1,1,0,0,0,0,0,0,1,8.830674008000074,53.07275162500008,Östliche Vorstadt,Steintor
85,11,2019,2,4,14,3,0,1,1,0,0,0,0,0,0,1,8.830518260000076,53.07155390600008,Östliche Vorstadt,Steintor
115,11,2019,1,5,12,3,0,7,1,0,0,0,0,1,0,1,8.82611102200002,53.07499334200003,Östliche Vorstadt,Steintor
131,11,2019,2,5,10,3,8,1,1,1,0,0,0,0,0,0,8.831183699000064,53.07131916800006,Östliche Vorstadt,Steintor
143,11,2019,1,7,2,3,0,1,1,0,0,0,0,0,2,1,8.823053841000046,53.07347871400003,Östliche Vorstadt,Steintor
158,11,2019,1,5,17,2,0,7,1,0,0,0,0,0,2,1,8.82915239600004,53.072058809000055,Östliche Vorstadt,Steintor
161,11,2019,1,5,15,3,0,1,1,0,0,0,0,0,0,1,8.82320990200003,53.07299542000004,Östliche Vorstadt,Steintor
182,11,2019,4,1,17,3,9,6,1,0,0,0,0,0,0,0,8.831973608000055,53.07106080600005,Östliche Vorstadt,Steintor
195,11,2019,4,4,15,3,0,1,1,0,0,0,0,0,0,1,8.826963961000047,53.07277995000004,Östliche Vorstadt,Steintor
229,11,2019,3,5,16,3,1,6,1,0,0,0,0,1,0,0,8.828916693000053,53.07215225400006,Östliche Vorstadt,Steintor
262,11,2019,3,5,9,2,0,7,1,0,0,0,0,0,0,1,8.827726313000028,53.07254049200003,Östliche Vorstadt,Steintor
323,11,2019,4,7,12,3,0,7,1,0,0,0,0,0,0,0,8.832001741000056,53.071051726000064,Östliche Vorstadt,Steintor
443,11,2019,6,2,20,2,0,6,1,0,0,1,0,0,0,0,8.829650564000076,53.07186444400003,Östliche Vorstadt,Steintor
456,11,2019,6,5,12,3,1,1,1,1,0,0,0,0,0,0,8.82975183900004,53.07182788100005,Östliche Vorstadt,Steintor
471,11,2019,6,2,17,3,4,2,1,1,0,0,0,0,0,0,8.82583285100003,53.07300133900003,Östliche Vorstadt,Steintor
481,11,2019,6,7,11,3,0,1,1,0,0,0,0,0,0,0,8.82765090600003,53.072563675000026,Östliche Vorstadt,Steintor
514,11,2019,6,5,11,3,1,1,1,1,0,0,0,0,0,1,8.827644182000029,53.07256574200005,Östliche Vorstadt,Steintor
516,11,2019,6,5,17,3,5,3,1,0,0,0,0,0,0,0,8.82492219300002,53.07511625800004,Östliche Vorstadt,Steintor
635,11,2019,7,4,18,3,0,7,1,0,0,0,0,0,0,0,8.832091418000061,53.06865720400003,Östliche Vorstadt,Steintor
636,11,2019,7,4,20,3,0,7,1,0,0,0,0,0,0,0,8.822864770000024,53.073997176000034,Östliche Vorstadt,Steintor
702,11,2019,7,4,20,3,4,6,1,0,0,0,0,0,0,0,8.829747690000033,53.06876255800006,Östliche Vorstadt,Steintor
805,11,2019,8,6,7,3,2,7,1,0,0,0,0,1,0,0,8.829613582000036,53.07187791100006,Östliche Vorstadt,Steintor
871,11,2019,8,5,12,2,0,7,1,0,0,0,0,0,0,0,8.830982494000068,53.07142964800005,Östliche Vorstadt,Steintor
909,11,2019,11,3,22,3,0,7,1,0,0,0,0,0,2,1,8.827137617000062,53.073006339000074,Östliche Vorstadt,Steintor
915,11,2019,11,2,13,3,0,1,1,0,0,0,0,0,0,1,8.830396106000023,53.07159710600007,Östliche Vorstadt,Steintor
1009,11,2019,11,5,12,3,0,7,1,0,0,0,0,0,0,1,8.827645891000031,53.07256521700003,Östliche Vorstadt,Steintor
1035,11,2019,11,7,10,3,0,7,1,0,0,0,0,0,0,1,8.832329768000022,53.07094585400006,Östliche Vorstadt,Steintor
1106,11,2019,12,3,21,2,0,7,1,0,1,0,0,0,2,1,8.824900047000028,53.073037759000044,Östliche Vorstadt,Steintor
63,11,2020,2,2,14,2,0,7,1,0,0,0,0,0,0,1,8.829326209000044,53.07198990000006,Östliche Vorstadt,Steintor
105,11,2020,2,5,21,3,5,3,1,0,0,0,0,1,2,1,8.832818512000074,53.07088901100008,Östliche Vorstadt,Steintor