,UKREIS,UJAHR,UMONAT,UWOCHENTAG,USTUNDE,UKATEGORIE,UART,UTYP1,IstRad,IstPKW,IstFuss,IstKrad,IstGkfz,IstSonstig,ULICHTVERH,STRZUSTAND,longitude,latitude,Stadtteil,Ortsteil
114,11,2020,1,1,21,3,3,6,1,1,0,0,0,0,2,1,8.830841187000033,53.07143829800003,Östliche Vorstadt,Steintor
131,11,2020,1,6,9,3,4,6,1,0,0,0,0,0,0,0,8.834574477000046,53.07225635400005,Östliche Vorstadt,Steintor
363,11,2020,6,6,9,3,0,7,1,0,0,0,0,0,0,0,8.82642017400002,53.07472360100007,Östliche Vorstadt,Steintor
370,11,2020,5,6,14,3,0,7,1,0,0,0,0,0,0,0,8.829549580000048,53.07190134400008,Östliche Vorstadt,Steintor
402,11,2020,6,5,12,3,4,6,1,0,0,0,0,0,0,0,8.823122499000021,53.07329044000005,Östliche Vorstadt,Steintor
418,11,2020,5,3,18,2,0,6,1,0,1,0,0,0,0,0,8.823416052000027,53.07231780200004,Östliche Vorstadt,Steintor
448,11,2020,6,5,16,3,1,5,1,1,0,0,0,0,0,0,8.825059400000043,53.07303323900004,Östliche Vorstadt,Steintor
458,11,2020,6,2,11,3,0,7,1,1,0,0,0,0,0,0,8.825768866000033,53.07502955400008,Östliche Vorstadt,Steintor
479,11,2020,6,4,18,3,0,1,1,0,0,0,0,0,0,0,8.827629686000023,53.07257019800005,Östliche Vorstadt,Steintor
521,11,2020,8,3,21,3,1,7,1,1,0,0,0,0,1,0,8.833849462000046,53.074004897000066,Östliche Vorstadt,Steintor
568,11,2020,7,3,22,3,0,5,1,1,0,0,0,0,2,0,8.826416178000045,53.072930487000065,Östliche Vorstadt,Steintor
595,11,2020,7,5,18,3,5,3,1,1,0,0,0,0,0,0,8.835609103000024,53.07378229100004,Östliche Vorstadt,Steintor
598,11,2020,7,5,16,3,5,2,1,1,0,0,0,0,0,0,8.833360869000046,53.070663240000044,Östliche Vorstadt,Steintor
600,11,2020,8,3,17,3,2,6,1,1,0,0,0,0,0,1,8.82968579900006,53.07453975400006,Östliche Vorstadt,Steintor
996,11,2020,12,3,10,3,1,5,1,1,0,0,0,0,0,1,8.830323804000045,53.07162267500007,Östliche Vorstadt,Steintor
1086,11,2020,10,3,12,3,6,6,1,0,1,0,0,0,0,0,8.829222377000065,53.07290434200007,Östliche Vorstadt,Steintor
13,11,2021,4,6,15,3,1,5,1,1,0,0,0,0,0,0,8.823117162000074,53.07330507700004,Östliche Vorstadt,Steintor
153,11,2021,6,7,21,3,5,2,1,1,0,0,0,0,0,0,8.824267863000046,53.07311867100003,Östliche Vorstadt,Steintor
177,11,2021,3,5,16,3,1,7,1,1,0,0,0,0,0,0,8.828645806000054,53.06880200200004,Östliche Vorstadt,Steintor
211,11,2021,6,5,8,3,0,1,1,0,0,0,0,0,0,0,8.827073118000044,53.07274551200004,Östliche Vorstadt,Steintor
376,11,2021,2,6,11,3,4,6,1,1,0,0,0,0,0,1,8.824317792000045,53.07034351600004,Östliche Vorstadt,Steintor
486,11,2021,4,3,14,3,6,4,1,1,1,0,0,0,0,1,8.83089951200003,53.07438648300007,Östliche Vorstadt,Steintor
525,11,2021,12,6,11,3,0,7,1,1,0,0,0,0,0,1,8.824958819000074,53.07303609200005,Östliche Vorstadt,Steintor
529,11,2021,8,6,13,3,0,7,1,1,0,0,0,0,0,0,8.823028373000056,53.073548551000044,Östliche Vorstadt,Steintor
551,11,2021,11,7,16,3,1,5,1,1,0,0,0,0,1,1,8.823265602000049,53.07518956900003,Östliche Vorstadt,Steintor
580,11,2021,10,6,18,3,0,7,1,0,0,0,0,0,1,0,8.828259640000056,53.072375538000074,Östliche Vorstadt,Steintor
621,11,2021,9,6,11,3,0,7,1,0,0,0,0,0,0,0,8.82573254700003,53.07307859400004,Östliche Vorstadt,Steintor
681,11,2021,10,5,14,3,5,2,1,1,0,0,0,0,0,0,8.833489102000044,53.07072713100007,Östliche Vorstadt,Steintor
718,11,2021,8,6,22,2,0,7,1,0,0,0,0,0,2,1,8.82962249600007,53.07187464700007,Östliche Vorstadt,Steintor
769,11,2021,9,4,21,3,0,6,1,1,0,0,0,0,2,0,8.831979377000039,53.07105894400007,Östliche Vorstadt,Steintor
813,11,2021,8,5,14,3,0,1,1,0,0,0,0,0,0,1,8.832024267000065,53.07104445600004,Östliche Vorstadt,Steintor
910,11,2021,10,7,1,2,0,6,1,1,0,0,0,0,2,1,8.822658166000053,53.07460083400008,Östliche Vorstadt,Steintor
915,11,2021,8,1,9,3,0,1,1,0,0,0,0,0,0,0,8.82684320900006,53.072814546000075,Östliche Vorstadt,Steintor
18,11,2022,5,7,18,3,1,7,1,1,0,0,0,0,0,0,8.82417005300005,53.0730379020001,Östliche Vorstadt,Steintor
45,11,2022,5,4,9,3,1,5,1,1,0,0,0,0,0,0,8.82314066500004,53.0731808410001,Östliche Vorstadt,Steintor
80,11,2022,5,4,15,2,0,7,1,0,0,0,0,0,0,0,8.82320506000002,53.0729941290001,Östliche Vorstadt,Steintor
114,11,2022,5,5,19,3,0,7,1,0,0,0,0,0,0,1,8.83186577100003,53.071095611,Östliche Vorstadt,Steintor
147,11,2022,6,7,15,3,0,7,1,0,0,0,0,0,0,0,8.82887215600005,53.068796112,Östliche Vorstadt,Steintor
261,11,2022,2,4,15,3,0,7,1,1,0,0,0,0,0,1,8.82607905000003,53.0688666870001,Östliche Vorstadt,Steintor
279,11,2022,5,6,11,3,0,3,1,1,0,0,0,0,0,0,8.82764036700007,53.072566915,Östliche Vorstadt,Steintor
405,11,2022,1,6,16,3,1,1,1,1,0,0,0,0,0,1,8.82414167000007,53.0730358370001,Östliche Vorstadt,Steintor
411,11,2022,6,5,17,3,1,5,1,1,0,0,0,0,0,0,8.82780253500005,53.0725170580001,Östliche Vorstadt,Steintor
442,11,2022,2,3,13,3,2,6,1,1,0,0,0,0,0,1,8.82424985900008,53.0751621220001,Östliche Vorstadt,Steintor
509,11,2022,7,5,14,3,3,2,1,1,0,0,0,0,0,0,8.82649637600002,53.072911242,Östliche Vorstadt,Steintor
544,11,2022,2,5,18,2,0,7,1,0,0,0,0,0,0,1,8.83194571900003,53.0710698080001,Östliche Vorstadt,Steintor
567,11,2022,7,6,23,3,0,7,1,0,0,0,0,0,2,0,8.82700477200007,53.072767522,Östliche Vorstadt,Steintor
661,11,2022,11,5,10,3,1,5,1,1,0,0,0,0,0,0,8.82379761200002,53.073010804,Östliche Vorstadt,Steintor
673,11,2022,11,6,23,3,5,2,1,1,0,0,0,0,2,0,8.82469803300006,53.0689093660001,Östliche Vorstadt,Steintor
738,11,2022,10,6,13,2,5,3,1,0,0,0,0,1,0,0,8.83276178600005,53.0709443710001,Östliche Vorstadt,Steintor
804,11,2022,11,3,12,3,0,7,1,0,0,0,0,0,0,0,8.82775810400005,53.0688504230001,Östliche Vorstadt,Steintor
831,11,2022,10,3,7,3,6,4,1,0,1,0,0,0,2,0,8.82927022800004,53.0745914890001,Östliche Vorstadt,Steintor
848,11,2022,10,6,18,3,5,2,1,1,0,0,0,0,1,0,8.82773936200005,53.074782053,Östliche Vorstadt,Steintor
885,11,2022,8,7,16,3,5,2,1,1,0,0,0,0,0,0,8.83211029000006,53.0687124350001,Östliche Vorstadt,Steintor
890,11,2022,8,2,20,3,5,2,1,1,0,0,0,0,1,1,8.82471282400007,53.0689088840001,Östliche Vorstadt,Steintor
947,11,2022,9,6,5,3,5,3,1,0,0,1,0,0,1,0,8.83206873800003,53.0686459440001,Östliche Vorstadt,Steintor
995,11,2022,10,2,1,2,0,7,1,0,0,0,0,0,2,0,8.82719077600007,53.0727076220001,Östliche Vorstadt,Steintor
999,11,2022,7,7,7,3,0,7,1,0,0,0,0,0,0,0,8.82637644100004,53.0729857810001,Östliche Vorstadt,Steintor
1012,11,2022,9,5,14,3,3,6,1,0,0,0,0,0,0,0,8.83333163100002,53.0706707260001,Östliche Vorstadt,Steintor
1014,11,2022,8,2,18,3,0,7,1,0,0,0,0,0,0,0,8.83121049100004,53.0713101010001,Östliche Vorstadt,Steintor
1058,11,2022,7,6,15,3,0,7,1,0,0,0,0,0,0,0,8.82714451000004,53.0727225210001,Östliche Vorstadt,Steintor
26,11,2023,5,7,15,3,0,1,1,0,0,0,0,1,0,0,8.82778617200006,53.072522089000074,Östliche Vorstadt,Steintor
115,11,2023,4,2,19,3,2,6,1,1,0,0,0,0,0,0,8.835580907000065,53.07378592400005,Östliche Vorstadt,Steintor
117,11,2023,4,7,12,3,1,1,1,1,0,0,0,0,0,0,8.831930072000034,53.07107485700004,Östliche Vorstadt,Steintor
254,11,2023,2,7,21,3,0,1,1,0,0,0,0,0,2,1,8.832288771000037,53.07095908600007,Östliche Vorstadt,Steintor
354,11,2023,11,6,15,3,2,6,1,1,0,0,0,0,0,1,8.827094202000069,53.072738722000054,Östliche Vorstadt,Steintor
371,11,2023,11,6,16,3,1,5,1,1,0,0,0,0,1,0,8.825008303000061,53.07510751500007,Östliche Vorstadt,Steintor
595,11,2023,8,1,18,2,0,1,1,0,0,0,0,0,0,0,8.827182853000068,53.073003364000044,Östliche Vorstadt,Steintor
600,11,2023,8,4,22,3,0,2,1,1,0,0,0,0,2,0,8.830726746000039,53.07148017500003,Östliche Vorstadt,Steintor
642,11,2023,8,6,15,3,0,4,1,0,1,0,0,0,0,0,8.828217021000057,53.072389169000076,Östliche Vorstadt,Steintor
682,11,2023,7,3,17,3,1,5,1,1,0,0,0,0,0,0,8.823997293000048,53.07302533300003,Östliche Vorstadt,Steintor
723,11,2023,7,1,2,3,4,6,1,1,0,0,0,0,2,0,8.827017055000056,53.07276356700004,Östliche Vorstadt,Steintor
789,11,2023,6,5,8,3,1,7,1,1,0,0,0,0,0,0,8.82545484000002,53.07302202200003,Östliche Vorstadt,Steintor
813,11,2023,11,1,2,3,0,7,1,0,0,0,0,0,2,0,8.823093382000025,53.07331792200006,Östliche Vorstadt,Steintor
844,11,2023,6,2,17,3,5,3,1,0,0,0,0,1,0,0,8.833363065000071,53.07066267700003,Östliche Vorstadt,Steintor
917,11,2023,5,1,15,3,5,3,1,1,0,0,0,0,0,0,8.823172248000049,53.073089269000036,Östliche Vorstadt,Steintor
69,11,2016,2,4,8,3,5,3,1,1,0,0,0,0,0,2,8.857928574,53.082487117,Vahr,Gartenstadt Vahr
148,11,2016,4,2,19,3,0,7,1,1,0,0,0,0,0,0,8.87917067,53.076257495,Vahr,Gartenstadt Vahr
473,11,2016,6,6,12,2,5,3,1,1,0,0,0,0,0,0,8.869356608,53.074859036,Vahr,Gartenstadt Vahr
475,11,2016,7,6,20,2,5,3,1,1,0,0,0,0,1,0,8.855819186,53.081591935,Vahr,Gartenstadt Vahr
525,11,2016,6,5,9,3,5,3,1,1,0,0,0,0,0,0,8.875887441,53.081779674,Vahr,Gartenstadt Vahr
580,11,2016,8,2,9,3,5,3,1,1,0,0,0,0,0,1,8.874239693,53.078447224,Vahr,Gartenstadt Vahr
585,11,2016,8,7,12,3,5,3,1,1,0,0,0,0,0,0,8.876541087,53.081044036,Vahr,Gartenstadt Vahr
741,11,2016,9,3,9,3,5,3,1,1,0,0,0,0,0,0,8.880656817,53.07056225,Vahr,Gartenstadt Vahr
806,11,2016,9,3,12,3,5,3,1,1,0,0,0,0,0,0,8.871266605,53.077386362,Vahr,Gartenstadt Vahr
914,11,2016,10,6,8,2,0,4,1,0,0,0,0,1,0,0,8.875584679,53.080148809,Vahr,Gartenstadt Vahr
915,11,2016,10,2,14,3,5,2,1,1,0,0,0,0,0,1,8.884397938,53.072734947,Vahr,Gartenstadt Vahr
942,11,2016,10,6,14,3,0,1,1,0,0,0,0,0,0,1,8.878388974,53.079063537,Vahr,Gartenstadt Vahr
1026,11,2016,10,2,7,3,5,3,1,1,0,0,0,0,1,1,8.874262121,53.078426847,Vahr,Gartenstadt Vahr
1146,11,2016,12,6,17,3,5,3,1,1,0,0,0,0,2,1,8.855141234,53.07642143,Vahr,Gartenstadt Vahr
67,11,2017,1,7,13,2,0,1,1,0,0,0,0,0,0,2,8.879166171000065,53.07331876900008,Vahr,Gartenstadt Vahr
366,11,2017,6,7,0,2,8,7,1,0,0,0,0,0,2,0,8.86378860900004,53.08229261500003,Vahr,Gartenstadt Vahr
367,11,2017,6,7,1,3,0,7,1,0,0,0,0,0,2,0,8.872215544000028,53.08051540300005,Vahr,Gartenstadt Vahr
481,11,2017,5,5,17,3,5,2,1,1,0,0,0,0,0,0,8.854447710000045,53.08242681200005,Vahr,Gartenstadt Vahr
542,11,2017,7,4,15,3,5,2,1,1,0,0,0,0,0,1,8.878419200000053,53.07906566400004,Vahr,Gartenstadt Vahr
666,11,2017,9,5,15,3,5,3,1,1,0,0,0,0,0,1,8.87814116800007,53.07941678000003,Vahr,Gartenstadt Vahr
672,11,2017,9,4,17,2,5,3,1,1,0,0,0,0,0,1,8.878136882000035,53.07942131000004,Vahr,Gartenstadt Vahr
733,11,2017,9,6,16,3,5,2,1,1,0,0,0,0,0,0,8.875519083000029,53.082105984000066,Vahr,Gartenstadt Vahr
838,11,2017,8,2,8,3,3,6,1,0,0,0,0,1,0,0,8.85449828000003,53.08230330600003,Vahr,Gartenstadt Vahr
894,11,2017,9,1,22,3,2,6,1,1,0,0,0,0,2,0,8.871441117000074,53.07667482900007,Vahr,Gartenstadt Vahr
895,11,2017,11,4,21,3,5,2,1,1,0,0,0,0,2,0,8.875431873000025,53.08209483600007,Vahr,Gartenstadt Vahr
912,11,2017,9,7,9,2,0,1,1,0,0,0,0,0,0,0,8.877204315000029,53.07480355000007,Vahr,Gartenstadt Vahr
985,11,2017,11,5,19,3,5,2,1,1,0,0,0,0,2,1,8.869278767000026,53.074808817000076,Vahr,Gartenstadt Vahr
25,11,2018,1,6,21,3,6,4,1,0,1,0,0,0,2,1,8.88057182700004,53.07672743000006,Vahr,Gartenstadt Vahr
90,11,2018,3,2,9,3,5,3,1,1,0,0,0,0,0,0,8.875867400000061,53.079827753000075,Vahr,Gartenstadt Vahr
91,11,2018,2,3,16,3,5,3,1,1,0,0,0,0,0,0,8.874284893000038,53.07840615900005,Vahr,Gartenstadt Vahr
100,11,2018,2,4,10,3,5,3,1,1,0,0,0,0,0,0,8.876511859000061,53.08103427600008,Vahr,Gartenstadt Vahr
216,11,2018,4,7,19,3,5,3,1,1,0,0,0,0,0,0,8.869376222000028,53.074871690000066,Vahr,Gartenstadt Vahr
283,11,2018,3,3,13,3,5,3,1,1,0,0,0,0,0,0,8.871838730000036,53.07713350200004,Vahr,Gartenstadt Vahr
301,11,2018,5,2,11,3,5,3,1,1,0,0,0,0,0,0,8.876394636000043,53.08126811600005,Vahr,Gartenstadt Vahr
544,11,2018,6,2,8,3,5,3,1,1,0,0,0,0,0,0,8.876537149000058,53.08104248300003,Vahr,Gartenstadt Vahr
548,11,2018,6,2,16,3,5,3,1,1,0,0,0,0,0,0,8.87792364400002,53.07965722200004,Vahr,Gartenstadt Vahr
559,11,2018,7,6,20,3,5,3,1,1,0,0,0,0,0,0,8.876504314000044,53.08103182800005,Vahr,Gartenstadt Vahr
645,11,2018,7,2,16,3,5,3,1,1,0,0,0,0,0,0,8.872318842000027,53.077420575000076,Vahr,Gartenstadt Vahr
694,11,2018,8,2,12,2,5,3,1,1,0,0,0,0,0,0,8.856348191000052,53.082291895000026,Vahr,Gartenstadt Vahr
832,11,2018,8,5,10,2,5,2,1,1,0,0,0,0,0,0,8.87585193700005,53.08181366700006,Vahr,Gartenstadt Vahr
989,11,2018,9,2,12,3,5,2,1,1,0,0,0,0,0,1,8.878562669000075,53.078932457000064,Vahr,Gartenstadt Vahr
1085,11,2018,10,5,10,2,5,3,1,1,0,0,0,0,0,1,8.876541798000062,53.08104399200005,Vahr,Gartenstadt Vahr
1094,11,2018,10,5,8,3,5,2,1,1,0,0,0,0,1,1,8.87652201800006,53.08103757300006,Vahr,Gartenstadt Vahr
1108,11,2018,12,7,16,3,5,3,1,1,0,0,0,0,1,0,8.878575184000056,53.07893319900006,Vahr,Gartenstadt Vahr
1132,11,2018,10,3,16,3,5,3,1,1,0,0,0,0,0,1,8.856583983000064,53.082480185000065,Vahr,Gartenstadt Vahr
264,11,2019,3,4,7,3,5,3,1,1,0,0,0,0,0,0,8.880223538000052,53.07190454100004,Vahr,Gartenstadt Vahr
307,11,2019,5,6,14,3,5,3,1,1,0,0,0,0,0,0,8.879935033000038,53.072206323000046,Vahr,Gartenstadt Vahr
610,11,2019,7,4,10,2,5,3,1,1,0,0,0,0,0,0,8.876555180000025,53.08104833400006,Vahr,Gartenstadt Vahr
620,11,2019,7,2,16,3,5,3,1,1,0,0,0,0,0,0,8.869259604000035,53.074791969000046,Vahr,Gartenstadt Vahr
676,11,2019,7,3,13,2,0,1,1,0,0,0,0,0,0,0,8.884133777000045,53.07182048000004,Vahr,Gartenstadt Vahr
819,11,2019,8,5,17,3,1,7,1,1,0,0,0,0,0,0,8.85951788500006,53.07848107800004,Vahr,Gartenstadt Vahr
867,11,2019,8,5,18,3,5,3,1,1,0,0,0,0,0,0,8.86063615200004,53.08244693200004,Vahr,Gartenstadt Vahr
1087,11,2019,12,4,17,3,5,3,1,1,0,0,0,0,2,1,8.869586210000023,53.07460419600005,Vahr,Gartenstadt Vahr
1091,11,2019,12,2,14,3,5,2,1,1,0,0,0,0,0,1,8.878682264000076,53.07880706000003,Vahr,Gartenstadt Vahr
1113,11,2019,12,7,19,2,0,1,1,0,0,0,0,0,2,1,8.875801418000037,53.081863715000054,Vahr,Gartenstadt Vahr
1122,11,2019,12,4,20,3,0,7,1,0,0,0,0,0,2,1,8.873147341000049,53.07963872200003,Vahr,Gartenstadt Vahr
10,11,2020,1,4,12,3,2,6,1,1,0,0,0,0,0,0,8.876439384000037,53.07913236600007,Vahr,Gartenstadt Vahr
31,11,2020,1,5,16,3,5,2,1,1,0,0,0,0,0,0,8.867380145000027,53.082098923000046,Vahr,Gartenstadt Vahr
86,11,2020,1,6,13,3,5,3,1,1,0,0,0,0,0,0,8.878531905000045,53.07891533600008,Vahr,Gartenstadt Vahr
140,11,2020,1,5,11,2,5,3,1,1,0,0,0,0,0,1,8.876577907000069,53.08108387800007,Vahr,Gartenstadt Vahr
146,11,2020,2,2,6,2,5,3,1,1,0,0,0,0,2,0,8.874274645000071,53.07841546800006,Vahr,Gartenstadt Vahr
156,11,2020,3,6,18,3,5,2,1,1,0,0,0,0,1,1,8.876954730000023,53.08068219000006,Vahr,Gartenstadt Vahr
157,11,2020,4,1,9,3,5,3,1,1,0,0,0,0,0,0,8.884270315000037,53.071786581000026,Vahr,Gartenstadt Vahr
181,11,2020,4,4,17,3,3,6,1,0,0,0,0,0,0,1,8.865219610000054,53.08222029600006,Vahr,Gartenstadt Vahr
222,11,2020,5,5,16,3,5,3,1,1,0,0,0,0,0,0,8.876528632000031,53.081039719000046,Vahr,Gartenstadt Vahr
345,11,2020,6,3,18,3,5,3,1,1,0,0,0,0,0,0,8.876290203000053,53.081373100000064,Vahr,Gartenstadt Vahr
379,11,2020,7,4,9,3,0,1,1,0,0,0,0,0,0,1,8.874156001000074,53.07834359900005,Vahr,Gartenstadt Vahr
407,11,2020,5,4,12,2,5,3,1,1,0,0,0,0,0,0,8.87192299000003,53.077101199000026,Vahr,Gartenstadt Vahr
411,11,2020,5,1,14,3,0,7,1,0,0,0,0,0,0,0,8.869427986000062,53.080506050000054,Vahr,Gartenstadt Vahr
490,11,2020,5,7,16,3,5,3,1,1,0,0,0,0,0,0,8.876507705000051,53.08103292800007,Vahr,Gartenstadt Vahr
547,11,2020,7,7,9,3,5,3,1,1,0,0,0,0,0,0,8.875439731000029,53.082166373000064,Vahr,Gartenstadt Vahr
557,11,2020,7,7,19,3,5,3,1,1,0,0,0,0,0,0,8.876461494000068,53.081017933000055,Vahr,Gartenstadt Vahr
596,11,2020,7,5,13,3,4,2,1,1,0,0,0,0,0,0,8.869182383000066,53.07428331700004,Vahr,Gartenstadt Vahr
663,11,2020,8,5,11,3,3,2,1,1,0,0,0,0,0,0,8.880172457000072,53.07169055300005,Vahr,Gartenstadt Vahr
687,11,2020,8,6,14,2,6,7,1,0,1,0,0,0,0,0,8.874027832000024,53.08209173700004,Vahr,Gartenstadt Vahr
700,11,2020,8,6,9,3,5,3,1,1,0,0,0,0,0,0,8.876128035000022,53.08153612000007,Vahr,Gartenstadt Vahr
759,11,2020,9,4,12,3,5,3,1,1,0,0,0,0,0,0,8.884265417000051,53.071793021000076,Vahr,Gartenstadt Vahr
804,11,2020,10,4,12,3,5,3,1,1,0,0,0,0,0,0,8.877153743000065,53.080469322000056,Vahr,Gartenstadt Vahr
841,11,2020,9,3,10,3,0,7,1,0,0,0,0,0,0,0,8.868781140000067,53.07426230000004,Vahr,Gartenstadt Vahr
864,11,2020,10,2,16,2,5,3,1,1,0,0,0,0,0,0,8.876541807000024,53.08104399400003,Vahr,Gartenstadt Vahr
920,11,2020,9,6,10,2,4,2,1,1,0,0,0,0,0,0,8.878554999000073,53.078952988000026,Vahr,Gartenstadt Vahr
932,11,2020,10,7,11,3,6,4,1,0,1,0,0,0,0,0,8.883085669000025,53.07410637500004,Vahr,Gartenstadt Vahr
933,11,2020,12,3,6,3,0,7,1,0,0,0,0,0,2,0,8.884348844000044,53.07188835100004,Vahr,Gartenstadt Vahr
941,11,2020,12,3,9,3,5,3,1,1,0,0,0,0,1,1,8.873649509000074,53.079012257000045,Vahr,Gartenstadt Vahr
1009,11,2020,12,2,8,3,5,3,1,1,0,0,0,0,1,1,8.87010131900007,53.080677199000036,Vahr,Gartenstadt Vahr
1039,11,2020,11,1,15,2,0,7,1,0,0,0,0,0,0,0,8.873389907000046,53.07783680300008,Vahr,Gartenstadt Vahr
1091,11,2020,11,2,10,3,5,3,1,1,0,0,0,0,0,1,8.876509786000042,53.08103360400003,Vahr,Gartenstadt Vahr
109,11,2021,2,5,15,3,5,2,1,1,0,0,0,0,0,0,8.872256833000051,53.07736444300008,Vahr,Gartenstadt Vahr
152,11,2021,1,3,7,3,5,3,1,1,0,0,0,0,1,0,8.876043122000056,53.08162148000008,Vahr,Gartenstadt Vahr
195,11,2021,7,4,8,3,5,3,1,1,0,0,0,0,0,0,8.86021015700004,53.082406467000055,Vahr,Gartenstadt Vahr
279,11,2021,7,3,16,3,5,3,1,1,0,0,0,0,0,0,8.874343657000054,53.078413596000075,Vahr,Gartenstadt Vahr
312,11,2021,6,5,11,3,5,3,1,1,0,0,0,0,0,0,8.876533727000037,53.08104137200007,Vahr,Gartenstadt Vahr
330,11,2021,6,2,11,3,5,3,1,1,0,0,0,0,0,0,8.871866402000023,53.07714922500003,Vahr,Gartenstadt Vahr
362,11,2021,6,2,13,3,5,2,1,0,0,0,0,1,0,0,8.86681390800004,53.08213269100003,Vahr,Gartenstadt Vahr
391,11,2021,3,2,14,3,5,3,1,1,0,0,0,0,0,1,8.876467971000068,53.08102003500005,Vahr,Gartenstadt Vahr
444,11,2021,3,4,10,3,5,3,1,1,0,0,0,0,0,1,8.880213602000026,53.07718418600007,Vahr,Gartenstadt Vahr
450,11,2021,5,4,13,3,5,3,1,1,0,0,0,0,0,1,8.878434088000063,53.079088701000046,Vahr,Gartenstadt Vahr
569,11,2021,8,2,18,3,0,3,1,1,0,0,0,0,0,0,8.871909895000044,53.07713226100003,Vahr,Gartenstadt Vahr
587,11,2021,9,6,10,3,5,2,1,1,0,0,0,0,0,0,8.878353158000039,53.07908136900005,Vahr,Gartenstadt Vahr
614,11,2021,8,4,9,3,5,2,1,1,0,0,0,0,0,1,8.87840262100002,53.079122633000054,Vahr,Gartenstadt Vahr
635,11,2021,10,2,13,3,0,6,1,1,0,0,0,0,0,0,8.87322094600006,53.077946678000046,Vahr,Gartenstadt Vahr
663,11,2021,9,5,17,3,3,2,1,1,0,0,0,0,0,0,8.871878525000056,53.077144496000074,Vahr,Gartenstadt Vahr
779,11,2021,8,5,10,3,5,2,1,1,0,0,0,0,0,0,8.85660275600003,53.08248079700007,Vahr,Gartenstadt Vahr
865,11,2021,12,4,13,2,5,2,1,1,0,0,0,0,0,0,8.869070489000023,53.07458434100005,Vahr,Gartenstadt Vahr
37,11,2022,6,4,14,3,5,3,1,0,0,0,0,0,0,0,8.87849004100002,53.0789126280001,Vahr,Gartenstadt Vahr
145,11,2022,5,2,19,3,5,2,1,1,0,0,0,0,1,0,8.87585559800004,53.081809988,Vahr,Gartenstadt Vahr
154,11,2022,1,1,14,3,4,7,1,0,0,0,0,0,0,0,8.87699487800006,53.0750116500001,Vahr,Gartenstadt Vahr
225,11,2022,4,3,7,3,3,2,1,1,0,0,0,0,0,0,8.87658335400005,53.0789695110001,Vahr,Gartenstadt Vahr
241,11,2022,4,3,18,3,5,2,1,1,0,0,0,0,0,1,8.86527528100004,53.08214673,Vahr,Gartenstadt Vahr
265,11,2022,5,2,11,3,5,3,1,1,0,0,0,0,0,0,8.86924697500007,53.0747815180001,Vahr,Gartenstadt Vahr
314,11,2022,5,1,16,3,4,6,1,1,0,0,0,0,0,0,8.88193077500006,53.071676058,Vahr,Gartenstadt Vahr
447,11,2022,3,4,7,3,5,2,1,1,0,0,0,0,0,0,8.87550034600002,53.082081341,Vahr,Gartenstadt Vahr
455,11,2022,1,6,15,3,5,3,1,1,0,0,0,0,0,0,8.87653298700008,53.0810411320001,Vahr,Gartenstadt Vahr
516,11,2022,5,3,11,3,5,3,1,1,0,0,0,0,0,0,8.87186524700007,53.077207136,Vahr,Gartenstadt Vahr
714,11,2022,10,6,13,3,5,3,1,1,0,0,0,0,0,0,8.87179659100008,53.0771183960001,Vahr,Gartenstadt Vahr
840,11,2022,11,3,7,3,0,3,1,0,0,0,0,1,2,1,8.86877440600006,53.0742535680001,Vahr,Gartenstadt Vahr
856,11,2022,12,1,10,2,5,3,1,1,0,0,0,0,0,2,8.88046696000004,53.071654209,Vahr,Gartenstadt Vahr
904,11,2022,12,5,12,2,0,7,1,0,0,0,0,0,0,0,8.86074897100002,53.0792091640001,Vahr,Gartenstadt Vahr
987,11,2022,11,5,8,2,5,3,1,1,0,0,0,0,0,1,8.87416869000003,53.0784396700001,Vahr,Gartenstadt Vahr
1034,11,2022,12,1,16,3,5,3,1,1,0,0,0,0,2,0,8.87651454800005,53.0810351490001,Vahr,Gartenstadt Vahr
1053,11,2022,11,3,7,3,0,7,1,0,0,0,0,0,0,1,8.86876656100003,53.074230357,Vahr,Gartenstadt Vahr
252,11,2023,2,2,12,2,5,3,1,1,0,0,0,0,0,1,8.880246743000043,53.07192514700006,Vahr,Gartenstadt Vahr
281,11,2023,1,3,19,3,5,3,1,1,0,0,0,0,2,0,8.87652679200005,53.08103912200005,Vahr,Gartenstadt Vahr
343,11,2023,3,7,1,1,4,6,1,1,0,0,0,0,2,0,8.872786843000029,53.07750827000007,Vahr,Gartenstadt Vahr
365,11,2023,11,3,9,3,5,3,1,1,0,0,0,0,0,0,8.85462325900005,53.08235475100008,Vahr,Gartenstadt Vahr
407,11,2023,10,6,17,3,0,7,1,0,0,0,0,0,0,1,8.859815347000051,53.078650734000064,Vahr,Gartenstadt Vahr
543,11,2023,9,7,13,3,5,2,1,1,0,0,0,0,0,0,8.854291186000069,53.08239053900007,Vahr,Gartenstadt Vahr
549,11,2023,9,6,13,3,2,6,1,0,0,0,0,0,0,0,8.877905440000063,53.070776282000054,Vahr,Gartenstadt Vahr