,UKREIS,UJAHR,UMONAT,UWOCHENTAG,USTUNDE,UKATEGORIE,UART,UTYP1,IstRad,IstPKW,IstFuss,IstKrad,IstGkfz,IstSonstig,ULICHTVERH,STRZUSTAND,longitude,latitude,Stadtteil,Ortsteil
553,11,2023,9,5,13,3,2,6,1,0,0,0,0,0,0,0,8.878542246000052,53.07897156000007,Vahr,Gartenstadt Vahr
568,11,2023,9,3,8,3,1,7,1,1,0,0,0,0,0,0,8.876313862000075,53.080970027000035,Vahr,Gartenstadt Vahr
647,11,2023,8,6,13,3,5,3,1,1,0,0,0,0,0,0,8.880578739000043,53.071993758000076,Vahr,Gartenstadt Vahr
800,11,2023,6,3,10,3,5,2,1,1,0,0,0,0,0,1,8.878355845000044,53.07908161300003,Vahr,Gartenstadt Vahr
861,11,2023,6,5,13,3,5,3,1,1,0,0,0,0,0,0,8.875785974000053,53.08187880000003,Vahr,Gartenstadt Vahr
922,11,2023,9,6,12,3,1,7,1,0,0,0,0,1,0,0,8.88305807200004,53.074133317000076,Vahr,Gartenstadt Vahr
943,11,2023,12,4,9,3,3,6,1,0,0,0,0,0,0,1,8.869622226000047,53.07458470800003,Vahr,Gartenstadt Vahr
1011,11,2023,11,6,8,3,3,6,1,0,0,0,0,0,0,0,8.864456776000054,53.07715327200003,Vahr,Gartenstadt Vahr
72,12,2016,2,3,17,3,0,1,1,0,0,0,0,0,2,0,8.589619577,53.564823316,Lehe,Buschkämpen
86,12,2016,1,5,7,3,5,3,1,1,0,0,0,0,2,0,8.586609738,53.566366821,Lehe,Buschkämpen
94,12,2016,1,3,13,3,6,7,1,0,1,0,0,0,0,0,8.584653316,53.556711339,Lehe,Buschkämpen
98,12,2016,2,6,7,3,0,7,1,0,0,0,0,0,0,2,8.602303318,53.57202338,Lehe,Buschkämpen
110,12,2016,3,3,10,2,5,2,1,1,0,0,0,0,0,0,8.600023545,53.570172904,Lehe,Buschkämpen
132,12,2016,3,3,8,3,5,3,1,1,0,0,0,0,0,0,8.597380595,53.568769813,Lehe,Buschkämpen
146,12,2016,3,1,20,3,0,7,1,0,0,0,0,0,1,1,8.592963608,53.556455765,Lehe,Buschkämpen
196,12,2016,4,3,16,3,5,3,1,1,0,0,0,0,0,0,8.576271694,53.560591661,Lehe,Buschkämpen
282,12,2016,4,5,8,3,5,6,1,1,0,0,0,0,0,0,8.591181611,53.566125338,Lehe,Buschkämpen
336,12,2016,5,6,16,3,2,6,1,1,0,0,0,0,0,0,8.589581671,53.559114324,Lehe,Buschkämpen
381,12,2016,6,3,9,3,4,6,1,1,0,0,0,0,0,0,8.58985188,53.56697897,Lehe,Buschkämpen
401,12,2016,5,2,14,3,5,3,1,1,0,0,0,0,0,0,8.580918162,53.551308426,Lehe,Buschkämpen
405,12,2016,6,5,9,3,5,2,1,1,0,0,0,0,0,0,8.583523234,53.555225816,Lehe,Buschkämpen
410,12,2016,5,6,14,2,7,1,1,0,0,0,0,0,0,0,8.593784811,53.561556422,Lehe,Buschkämpen
453,12,2016,7,4,17,3,5,3,1,1,0,0,0,0,0,0,8.59261615,53.567086442,Lehe,Buschkämpen
496,12,2016,6,6,18,3,5,3,1,1,0,0,0,0,0,1,8.580386091,53.558833957,Lehe,Buschkämpen
576,12,2016,7,2,6,2,5,3,1,1,0,0,0,0,0,0,8.595023666,53.572065502,Lehe,Buschkämpen
589,12,2016,8,3,11,3,5,3,1,1,0,0,0,0,0,0,8.586268371,53.5626895,Lehe,Buschkämpen
603,12,2016,7,5,11,3,6,7,1,0,1,0,0,0,0,0,8.59159441,53.566371333,Lehe,Buschkämpen
642,12,2016,7,3,21,3,5,3,1,1,0,0,0,0,1,0,8.598274133,53.570226548,Lehe,Buschkämpen
657,12,2016,8,5,7,3,1,6,1,1,0,0,0,0,0,1,8.592138455,53.568458255,Lehe,Buschkämpen
658,12,2016,8,3,7,3,6,4,1,0,1,0,0,0,0,1,8.581042446,53.551480994,Lehe,Buschkämpen
669,12,2016,8,5,9,3,8,1,1,0,0,0,0,0,0,0,8.586094193,53.561086382,Lehe,Buschkämpen
673,12,2016,7,6,18,3,8,1,1,0,0,0,0,0,0,0,8.58464508,53.560062984,Lehe,Buschkämpen
684,12,2016,7,7,16,3,0,7,1,0,0,0,0,0,0,0,8.593715463,53.562241705,Lehe,Buschkämpen
690,12,2016,7,2,20,3,7,6,1,0,0,0,0,0,0,0,8.580430606,53.557209943,Lehe,Buschkämpen
718,12,2016,9,2,18,1,5,3,1,1,0,1,0,0,0,0,8.594982437,53.572101206,Lehe,Buschkämpen
719,12,2016,9,6,17,3,5,3,1,1,0,0,0,0,0,0,8.592888385,53.587077615,Lehe,Buschkämpen
769,12,2016,9,5,11,3,1,5,1,1,0,0,0,0,0,0,8.593671606,53.563508492,Lehe,Buschkämpen
784,12,2016,9,2,9,2,5,3,1,1,0,0,0,0,0,1,8.596488745,53.567606106,Lehe,Buschkämpen
790,12,2016,9,6,17,3,5,3,1,1,0,0,0,0,0,0,8.592883073,53.587083025,Lehe,Buschkämpen
805,12,2016,10,1,17,3,5,2,1,1,0,0,0,0,0,0,8.598198768,53.585172439,Lehe,Buschkämpen
842,12,2016,9,2,7,3,5,3,1,1,0,0,0,0,0,0,8.572755774,53.560456946,Lehe,Buschkämpen
864,12,2016,9,6,15,3,0,7,1,0,0,0,0,0,0,0,8.601024943,53.570231468,Lehe,Buschkämpen
879,12,2016,9,3,13,3,5,2,1,0,0,0,0,1,0,0,8.596665853,53.571766882,Lehe,Buschkämpen
881,12,2016,9,4,15,3,5,3,1,1,0,0,0,0,0,0,8.59167744,53.5814751,Lehe,Buschkämpen
899,12,2016,10,5,14,3,5,3,1,1,0,0,0,0,0,1,8.580051323,53.550060071,Lehe,Buschkämpen
904,12,2016,11,3,12,2,3,2,1,1,0,0,0,0,0,1,8.5728158,53.560458585,Lehe,Buschkämpen
912,12,2016,11,3,18,3,5,3,1,1,0,0,0,0,2,0,8.590942196,53.582058854,Lehe,Buschkämpen
937,12,2016,11,6,9,3,0,7,1,1,0,0,0,0,0,1,8.588620385,53.577869677,Lehe,Buschkämpen
939,12,2016,10,4,10,3,0,7,1,1,0,0,0,0,0,0,8.594270376,53.561541654,Lehe,Buschkämpen
982,12,2016,11,7,9,3,5,3,1,1,0,0,0,0,0,0,8.604562552,53.577474197,Lehe,Buschkämpen
1032,12,2016,10,3,17,3,2,6,1,1,0,0,0,0,0,0,8.586291401,53.563601291,Lehe,Buschkämpen
1033,12,2016,10,2,15,3,0,1,1,0,0,0,0,0,0,1,8.589412627,53.563446102,Lehe,Buschkämpen
1035,12,2016,10,5,17,3,5,3,1,1,0,0,0,0,0,1,8.590250542,53.559095532,Lehe,Buschkämpen
1068,12,2016,12,5,11,3,5,3,1,0,0,0,0,1,0,1,8.58863079,53.578163784,Lehe,Buschkämpen
1096,12,2016,12,4,6,3,5,2,1,1,0,0,0,0,2,0,8.598158648,53.570168503,Lehe,Buschkämpen
1099,12,2016,12,5,9,2,5,3,1,1,0,0,0,0,0,0,8.608544642,53.570690483,Lehe,Buschkämpen
1110,12,2016,11,4,8,3,5,3,1,1,0,0,0,0,0,0,8.595662175,53.575302496,Lehe,Buschkämpen
1134,12,2016,11,4,19,3,0,7,1,0,0,0,0,0,1,0,8.593879675,53.560661225,Lehe,Buschkämpen
1145,12,2016,12,4,13,3,0,1,1,0,0,0,0,0,0,1,8.594011588,53.569168501,Lehe,Buschkämpen
1172,12,2016,12,4,18,3,5,2,1,0,0,0,0,1,2,1,8.582219797,53.55321711,Lehe,Buschkämpen
14,12,2017,2,2,17,2,5,3,1,0,0,0,0,1,2,0,8.572776883000074,53.560457522000036,Lehe,Buschkämpen
34,12,2017,1,4,12,3,5,2,1,1,0,0,0,0,0,0,8.582264485000053,53.56085369200008,Lehe,Buschkämpen
42,12,2017,1,2,9,3,5,3,1,1,0,0,0,0,0,0,8.597229635000076,53.57987021300005,Lehe,Buschkämpen
46,12,2017,1,6,17,3,5,3,1,0,0,0,0,1,2,1,8.588670807000028,53.565993122000066,Lehe,Buschkämpen
70,12,2017,1,4,11,3,3,2,1,1,0,0,0,0,0,1,8.572799834000023,53.560458149000056,Lehe,Buschkämpen
77,12,2017,1,2,8,3,5,3,1,1,0,0,0,0,1,1,8.584717090000026,53.560772728000074,Lehe,Buschkämpen
83,12,2017,2,5,8,3,5,3,1,1,0,0,0,0,0,0,8.597109364000062,53.57525666300006,Lehe,Buschkämpen
97,12,2017,2,6,14,2,3,6,1,0,0,0,0,1,0,0,8.601939019000042,53.57027328600003,Lehe,Buschkämpen
110,12,2017,3,6,9,3,5,3,1,1,0,0,0,0,0,0,8.602294131000065,53.57201413700005,Lehe,Buschkämpen
132,12,2017,3,6,13,3,5,1,1,1,0,0,0,0,0,0,8.584659546000069,53.55688048300004,Lehe,Buschkämpen
187,12,2017,5,3,14,3,5,3,1,1,0,0,0,0,0,0,8.597780962000058,53.58514498200003,Lehe,Buschkämpen
188,12,2017,5,3,11,3,5,2,1,1,0,0,0,0,0,0,8.591173886000036,53.56612086800004,Lehe,Buschkämpen
228,12,2017,4,3,6,3,5,3,1,1,0,0,0,0,1,1,8.598017230000039,53.58513395700004,Lehe,Buschkämpen
268,12,2017,4,6,13,3,6,7,1,0,1,0,0,0,0,1,8.581948042000022,53.55281296700008,Lehe,Buschkämpen
289,12,2017,4,2,13,3,5,3,1,1,0,0,0,0,0,0,8.593298680000032,53.55939167100007,Lehe,Buschkämpen
312,12,2017,3,3,17,3,1,3,1,1,0,0,0,0,0,0,8.585884909000072,53.55925165800005,Lehe,Buschkämpen
340,12,2017,6,5,7,3,5,3,1,1,0,0,0,0,0,0,8.58837896500006,53.56651276800005,Lehe,Buschkämpen
346,12,2017,6,4,12,2,5,2,1,1,0,0,0,0,0,1,8.598065535000046,53.58514746600008,Lehe,Buschkämpen
347,12,2017,6,4,16,3,3,2,1,1,0,0,0,0,0,1,8.58521309200006,53.557433521000064,Lehe,Buschkämpen
364,12,2017,6,7,0,3,0,1,1,0,0,0,0,0,2,0,8.602855159000057,53.57034213500003,Lehe,Buschkämpen
365,12,2017,6,7,10,3,4,6,1,1,0,0,0,0,0,0,8.593666469000027,53.565776010000036,Lehe,Buschkämpen
368,12,2017,6,6,12,3,5,3,1,1,0,0,0,0,0,0,8.574872721000077,53.56055102400006,Lehe,Buschkämpen
402,12,2017,5,1,19,3,7,1,1,0,0,0,0,0,0,0,8.586100195000029,53.56115296200005,Lehe,Buschkämpen
406,12,2017,5,7,8,2,0,1,1,0,0,0,0,0,0,0,8.608800747000032,53.569607948000055,Lehe,Buschkämpen
407,12,2017,5,7,13,3,1,6,1,1,0,0,0,0,0,0,8.590243574000056,53.56535833700008,Lehe,Buschkämpen
412,12,2017,5,6,18,3,5,3,1,1,0,0,0,0,0,0,8.584667897000031,53.56071076600006,Lehe,Buschkämpen
426,12,2017,5,3,8,3,2,3,1,1,0,0,0,0,0,0,8.58588792200004,53.55927083900008,Lehe,Buschkämpen
427,12,2017,5,3,3,3,5,3,1,1,0,0,0,0,2,0,8.603934725000045,53.57422254100004,Lehe,Buschkämpen
431,12,2017,5,2,7,3,3,6,1,0,0,1,0,0,0,0,8.601111304000028,53.567257916000074,Lehe,Buschkämpen
439,12,2017,5,6,13,3,4,6,1,1,0,0,0,0,0,0,8.595369508000033,53.55742574300007,Lehe,Buschkämpen
442,12,2017,5,6,13,3,5,3,1,0,0,0,0,1,0,0,8.58837180100005,53.566510883000035,Lehe,Buschkämpen
473,12,2017,5,7,12,3,3,2,1,1,0,0,0,0,0,0,8.594980512000063,53.57019442200004,Lehe,Buschkämpen
478,12,2017,5,5,17,3,3,6,1,0,0,0,0,1,0,0,8.563983392000068,53.58907779000003,Lehe,Buschkämpen
482,12,2017,5,4,13,3,8,1,1,0,0,0,0,0,0,0,8.597850356000038,53.58347345000004,Lehe,Buschkämpen
527,12,2017,7,6,16,3,5,3,1,1,0,0,0,0,0,0,8.59283418800004,53.55857159700008,Lehe,Buschkämpen
579,12,2017,7,1,17,3,5,3,1,1,0,0,0,0,0,0,8.598159088000045,53.57017188600008,Lehe,Buschkämpen
619,12,2017,8,3,12,3,3,6,1,1,0,0,0,0,0,0,8.597955257000024,53.583315191000054,Lehe,Buschkämpen
631,12,2017,6,1,12,3,3,2,1,0,0,1,0,0,0,0,8.60394358800005,53.58430028200007,Lehe,Buschkämpen
632,12,2017,6,1,21,3,5,2,1,1,0,0,0,0,0,0,8.591409442000042,53.58138537600007,Lehe,Buschkämpen
645,12,2017,6,5,15,3,5,3,1,1,0,0,0,0,0,0,8.593446485000072,53.570110939000074,Lehe,Buschkämpen
646,12,2017,6,5,7,3,3,2,1,1,0,0,0,0,0,0,8.593173617000048,53.57363676400007,Lehe,Buschkämpen
647,12,2017,6,5,15,3,4,6,1,0,0,0,0,0,0,0,8.600029196000037,53.573382464000076,Lehe,Buschkämpen
712,12,2017,9,2,3,3,0,7,1,0,0,0,0,0,2,0,8.580720644000053,53.56364152100008,Lehe,Buschkämpen
722,12,2017,8,2,7,3,5,3,1,0,0,0,0,1,0,0,8.58601322800007,53.564316758000075,Lehe,Buschkämpen
739,12,2017,8,5,17,3,5,3,1,1,0,0,0,0,0,0,8.58040924100004,53.55553901700006,Lehe,Buschkämpen
752,12,2017,8,1,15,3,6,7,1,0,1,0,0,0,0,0,8.585969584000054,53.56064473600003,Lehe,Buschkämpen
757,12,2017,8,2,9,3,1,5,1,1,0,0,0,0,0,0,8.581235169000024,53.55175802700006,Lehe,Buschkämpen
775,12,2017,8,5,13,3,0,7,1,0,1,0,0,0,0,0,8.588352652000026,53.57531577600008,Lehe,Buschkämpen
793,12,2017,8,3,12,3,5,3,1,1,0,0,0,0,0,0,8.58617915900004,53.56151458000005,Lehe,Buschkämpen
808,12,2017,8,7,15,3,0,1,1,0,0,0,0,0,0,0,8.59339101200004,53.55950629000006,Lehe,Buschkämpen
814,12,2017,8,6,13,3,3,6,1,0,0,0,0,0,0,0,8.597552233000044,53.568990271000075,Lehe,Buschkämpen
818,12,2017,8,5,14,3,1,6,1,0,0,0,0,1,0,1,8.59371586800006,53.56223676900004,Lehe,Buschkämpen
845,12,2017,8,1,14,3,2,6,1,0,0,0,0,0,0,0,8.611967585000059,53.57071328900008,Lehe,Buschkämpen
846,12,2017,8,1,17,3,5,3,1,1,0,0,0,0,0,0,8.592101998000032,53.57535435600005,Lehe,Buschkämpen
872,12,2017,11,6,12,3,5,2,1,1,0,0,0,0,0,0,8.584749672000044,53.55685817900007,Lehe,Buschkämpen
878,12,2017,11,5,11,3,3,6,1,1,0,0,0,0,0,1,8.585877701000072,53.55919734300005,Lehe,Buschkämpen
940,12,2017,10,2,17,2,5,3,1,1,0,0,0,0,0,0,8.578244428000062,53.55562181300007,Lehe,Buschkämpen
942,12,2017,10,2,13,3,5,3,1,1,0,0,0,0,0,1,8.58836199500007,53.566508303000035,Lehe,Buschkämpen
954,12,2017,10,6,16,3,0,1,1,0,0,0,0,0,0,1,8.59199609500007,53.57615484000007,Lehe,Buschkämpen
955,12,2017,10,6,15,3,5,3,1,1,0,0,0,0,0,1,8.584941818000061,53.56421832800004,Lehe,Buschkämpen
966,12,2017,10,4,11,3,5,3,1,1,0,0,0,0,0,0,8.595147913000062,53.56562305400007,Lehe,Buschkämpen
991,12,2017,10,6,11,3,5,2,1,1,0,0,0,0,0,0,8.581130109000071,53.55109562400003,Lehe,Buschkämpen
999,12,2017,10,4,14,3,0,7,1,0,0,0,0,0,0,1,8.586010088000023,53.56026063200005,Lehe,Buschkämpen
1001,12,2017,9,1,13,3,6,7,1,0,1,0,0,0,0,0,8.580386788000055,53.560736820000045,Lehe,Buschkämpen
1002,12,2017,10,4,11,3,5,3,1,1,0,0,0,0,0,0,8.595994903000076,53.566884781000056,Lehe,Buschkämpen
1021,12,2017,10,4,16,3,5,3,1,1,0,0,0,0,0,1,8.58359180900004,53.55518467300004,Lehe,Buschkämpen
1027,12,2017,10,2,6,3,0,7,1,1,0,0,0,0,2,1,8.597498100000053,53.571536826000056,Lehe,Buschkämpen
1028,12,2017,10,2,6,3,5,3,1,1,0,0,0,0,2,1,8.596694575000072,53.571761552000055,Lehe,Buschkämpen
1029,12,2017,10,2,17,3,5,3,1,1,0,0,0,0,0,0,8.593182815000034,53.57364079600006,Lehe,Buschkämpen
1050,12,2017,9,4,7,3,5,3,1,1,0,0,0,0,0,0,8.592022719000056,53.57557406400008,Lehe,Buschkämpen
1105,12,2017,11,5,7,3,0,7,1,1,0,0,0,0,1,1,8.58826782400007,53.57473906800004,Lehe,Buschkämpen
1110,12,2017,11,6,19,3,5,3,1,1,0,0,0,0,2,1,8.591428988000075,53.56625654900006,Lehe,Buschkämpen
1113,12,2017,11,1,12,3,5,3,1,1,0,0,0,0,0,0,8.595370368000033,53.565546133000055,Lehe,Buschkämpen
1115,12,2017,12,3,17,3,5,3,1,1,0,0,0,0,2,1,8.582226002000027,53.55336656700007,Lehe,Buschkämpen
1147,12,2017,12,6,9,3,3,2,1,0,0,0,0,1,0,0,8.592126045000043,53.57463837200004,Lehe,Buschkämpen
6,12,2018,1,4,7,3,0,7,1,0,0,0,0,0,1,1,8.604579217000037,53.58231377200008,Lehe,Buschkämpen
14,12,2018,1,5,16,3,6,4,1,0,1,0,0,0,0,1,8.586122705000037,53.561402616000066,Lehe,Buschkämpen
27,12,2018,1,6,7,2,0,7,1,0,0,0,0,0,1,2,8.601289296000061,53.57344813700007,Lehe,Buschkämpen
44,12,2018,1,2,15,3,5,3,1,1,0,0,0,0,0,1,8.591273323000053,53.559037887000045,Lehe,Buschkämpen
73,12,2018,2,6,18,2,5,3,1,1,0,0,0,0,2,1,8.596035182000037,53.56687859800007,Lehe,Buschkämpen
85,12,2018,3,5,12,3,5,3,1,1,0,0,0,0,0,0,8.591274240000075,53.55903013600005,Lehe,Buschkämpen
153,12,2018,1,5,7,3,6,4,1,0,1,0,0,0,1,1,8.590758956000059,53.56583035300008,Lehe,Buschkämpen
170,12,2018,4,7,21,3,6,1,1,1,1,0,0,0,2,0,8.586099650000051,53.56114691600004,Lehe,Buschkämpen
181,12,2018,4,7,17,3,2,6,1,1,0,0,0,0,0,0,8.604742552000062,53.581802018000076,Lehe,Buschkämpen
228,12,2018,4,6,13,3,5,3,1,1,0,0,0,0,0,0,8.597961314000031,53.58204396000008,Lehe,Buschkämpen
232,12,2018,4,5,7,3,5,2,1,1,0,0,0,0,0,1,8.597945826000057,53.58085228700003,Lehe,Buschkämpen
258,12,2018,3,7,5,3,5,3,1,1,0,0,0,0,2,1,8.58328719800005,53.554904435000026,Lehe,Buschkämpen
310,12,2018,5,1,20,3,5,3,1,1,0,0,0,0,0,0,8.584661525000058,53.55687999300005,Lehe,Buschkämpen
359,12,2018,5,5,16,3,5,3,1,1,0,0,0,0,0,0,8.601996197000062,53.57027798200005,Lehe,Buschkämpen
382,12,2018,5,5,12,3,0,7,1,1,0,0,0,0,0,0,8.586276686000076,53.56319975300005,Lehe,Buschkämpen
388,12,2018,5,1,15,3,0,7,1,1,0,0,0,0,0,0,8.582079503000045,53.55300847400008,Lehe,Buschkämpen
439,12,2018,5,6,18,3,5,3,1,0,0,0,0,0,0,0,8.600663092000048,53.57021302900006,Lehe,Buschkämpen
440,12,2018,5,7,16,3,5,2,1,1,0,0,0,0,0,0,8.598236574000055,53.570226037000054,Lehe,Buschkämpen
446,12,2018,5,4,21,3,5,3,1,1,0,0,0,0,1,0,8.59889147900003,53.57331339800004,Lehe,Buschkämpen
459,12,2018,5,3,9,3,3,2,1,0,0,0,0,0,0,0,8.597061049000047,53.574527818000035,Lehe,Buschkämpen
497,12,2018,7,2,22,3,0,1,1,0,0,0,0,0,2,0,8.593608335000056,53.55241529500006,Lehe,Buschkämpen
505,12,2018,6,4,16,3,5,2,1,0,0,0,0,1,0,0,8.575860305000049,53.555563747000065,Lehe,Buschkämpen
510,12,2018,6,4,20,3,1,5,1,0,0,0,1,0,0,0,8.601906685000074,53.57077899500007,Lehe,Buschkämpen
522,12,2018,6,2,14,3,5,3,1,1,0,0,0,0,0,0,8.573600862000035,53.558613938000065,Lehe,Buschkämpen
524,12,2018,6,3,18,3,3,6,1,1,0,0,0,0,0,0,8.594440967000025,53.55865461800005,Lehe,Buschkämpen
525,12,2018,6,4,7,3,5,2,1,1,0,0,0,0,0,0,8.597889291000058,53.580171402000076,Lehe,Buschkämpen
569,12,2018,6,2,6,3,5,3,1,1,0,0,0,0,0,0,8.594984164000039,53.57209851200008,Lehe,Buschkämpen
580,12,2018,6,2,15,3,0,7,1,0,0,0,0,0,0,0,8.584890675000054,53.55705897200005,Lehe,Buschkämpen
587,12,2018,6,7,20,3,0,1,1,0,0,0,0,0,0,0,8.600610153000048,53.57021003600005,Lehe,Buschkämpen
628,12,2018,7,3,10,3,5,2,1,1,0,0,0,0,0,0,8.597767872000077,53.57913871200003,Lehe,Buschkämpen
654,12,2018,8,5,19,3,3,6,1,1,0,0,0,0,0,0,8.572765367000045,53.56045720800006,Lehe,Buschkämpen
712,12,2018,7,7,14,2,5,3,1,1,0,0,0,0,0,0,8.598934194000037,53.57022703000007,Lehe,Buschkämpen
728,12,2018,8,2,7,3,0,7,1,0,0,0,1,0,0,1,8.585934269000063,53.55961116600008,Lehe,Buschkämpen
751,12,2018,8,4,13,3,5,2,1,1,0,0,0,0,0,0,8.597537527000043,53.571517940000035,Lehe,Buschkämpen
754,12,2018,7,2,19,3,5,3,1,1,0,0,0,0,0,0,8.591877736000072,53.561755824000045,Lehe,Buschkämpen
761,12,2018,7,7,12,3,5,2,1,1,0,0,0,0,0,0,8.592918660000066,53.56823601000008,Lehe,Buschkämpen
762,12,2018,8,6,8,3,8,1,1,1,0,0,0,0,0,1,8.585880287000066,53.55921683300005,Lehe,Buschkämpen
764,12,2018,8,3,16,3,5,2,1,1,0,0,0,0,0,0,8.598158976000036,53.57017102900005,Lehe,Buschkämpen
778,12,2018,8,6,16,3,5,3,1,0,0,0,0,0,0,0,8.595355092000034,53.56469097300004,Lehe,Buschkämpen
802,12,2018,8,5,13,3,5,3,1,1,0,0,0,0,0,0,8.592854861000035,53.55865680900007,Lehe,Buschkämpen
809,12,2018,8,5,23,3,6,7,1,0,1,0,0,0,2,0,8.592729912000038,53.58186856800006,Lehe,Buschkämpen
821,12,2018,7,1,21,3,1,5,1,1,0,0,0,0,0,0,8.589375768000025,53.564641649000066,Lehe,Buschkämpen
849,12,2018,8,7,15,3,5,3,1,1,0,0,0,0,0,1,8.593119428000023,53.55662438600007,Lehe,Buschkämpen
852,12,2018,9,4,9,3,5,3,1,1,0,0,0,0,0,1,8.578669916000024,53.582821393000074,Lehe,Buschkämpen
868,12,2018,9,2,11,3,1,7,1,1,0,0,0,0,0,0,8.592259376000072,53.55917694800007,Lehe,Buschkämpen
874,12,2018,9,3,14,3,5,2,1,1,0,0,0,0,0,0,8.592791315000056,53.55884035100007,Lehe,Buschkämpen
876,12,2018,9,3,14,3,3,6,1,1,0,0,0,0,0,0,8.592810342000064,53.55882936800003,Lehe,Buschkämpen
887,12,2018,10,7,14,3,3,6,1,1,0,0,0,0,0,0,8.597868591000065,53.57999281500008,Lehe,Buschkämpen
890,12,2018,9,2,15,3,6,7,1,0,1,0,0,0,0,0,8.592824528000051,53.558167411000056,Lehe,Buschkämpen
906,12,2018,9,4,5,3,5,3,1,1,0,0,0,0,2,0,8.563735215000065,53.588662054000054,Lehe,Buschkämpen
916,12,2018,10,5,18,2,5,3,1,1,0,0,0,0,0,0,8.581960423000055,53.584116331000075,Lehe,Buschkämpen
936,12,2018,9,2,8,3,5,2,1,1,0,0,0,0,0,1,8.59778252700005,53.579861823000044,Lehe,Buschkämpen
946,12,2018,9,5,7,3,5,3,1,1,0,0,0,0,0,0,8.60823305200006,53.57450720300005,Lehe,Buschkämpen
974,12,2018,9,5,16,3,5,3,1,1,0,0,0,0,0,0,8.584287483000026,53.55617934800006,Lehe,Buschkämpen
976,12,2018,9,4,9,3,5,3,1,1,0,0,0,0,0,0,8.589659864000055,53.56776663000005,Lehe,Buschkämpen
1003,12,2018,9,2,15,3,5,3,1,0,0,0,0,0,0,0,8.59795805400006,53.58506814300006,Lehe,Buschkämpen
1012,12,2018,10,6,18,3,5,3,1,1,0,0,0,0,1,0,8.580409252000038,53.555587985000045,Lehe,Buschkämpen
1019,12,2018,9,1,15,2,5,3,1,1,0,0,0,0,0,0,8.586016330000064,53.56431704400006,Lehe,Buschkämpen
1030,12,2018,9,4,17,3,5,3,1,1,0,0,0,0,0,1,8.579532105000055,53.549115062000055,Lehe,Buschkämpen
1041,12,2018,8,5,8,3,0,7,1,1,0,0,0,0,0,1,8.593338789000029,53.55457052300005,Lehe,Buschkämpen
1052,12,2018,12,4,6,3,5,3,1,1,0,0,0,0,2,2,8.595035030000076,53.57205553700004,Lehe,Buschkämpen
1057,12,2018,10,6,7,3,0,7,1,1,0,0,0,0,1,1,8.595371043000057,53.56469144600004,Lehe,Buschkämpen
1060,12,2018,11,2,7,3,5,3,1,1,0,0,0,0,1,1,8.584447142000045,53.55886105800005,Lehe,Buschkämpen
1077,12,2018,10,5,10,3,5,3,1,0,0,0,0,1,0,1,8.596814753000046,53.568042536000064,Lehe,Buschkämpen
1103,12,2018,11,5,16,3,3,6,1,0,0,0,0,0,0,0,8.59998043500002,53.573390345000064,Lehe,Buschkämpen
1104,12,2018,10,4,17,3,3,5,1,1,0,0,0,0,0,1,8.585933462000071,53.55960473300007,Lehe,Buschkämpen
1123,12,2018,11,5,18,3,5,3,1,1,0,0,0,0,2,0,8.593875346000061,53.57293242000003,Lehe,Buschkämpen
1126,12,2018,10,3,8,3,5,3,1,1,0,0,0,0,1,1,8.59499431300003,53.57021698900007,Lehe,Buschkämpen
1166,12,2018,11,2,19,3,0,7,1,1,0,0,0,0,2,0,8.586178589000042,53.561929227000064,Lehe,Buschkämpen
1212,12,2018,10,3,10,2,5,3,1,1,0,0,0,0,0,0,8.586105771000064,53.56436353600003,Lehe,Buschkämpen
1225,12,2018,12,5,14,3,5,2,1,1,0,0,0,0,0,1,8.58590348100006,53.55925102700007,Lehe,Buschkämpen
1230,12,2018,10,2,8,3,5,2,1,1,0,0,0,0,0,0,8.593688782000072,53.56170774000003,Lehe,Buschkämpen
1234,12,2018,11,5,15,3,5,3,1,1,0,0,0,0,0,0,8.59764218600003,53.57267250000007,Lehe,Buschkämpen
1241,12,2018,11,6,6,3,5,3,1,1,0,0,0,0,2,1,8.589664653000057,53.56781504300005,Lehe,Buschkämpen
1246,12,2018,12,2,9,3,5,2,1,1,0,0,0,0,0,1,8.597863261000043,53.57994682800006,Lehe,Buschkämpen
1252,12,2018,12,7,17,3,5,3,1,1,0,0,0,0,2,0,8.586734694000029,53.56637555000003,Lehe,Buschkämpen
1255,12,2018,12,6,12,3,5,3,1,1,0,0,0,0,0,1,8.591878982000026,53.55903617300004,Lehe,Buschkämpen
1292,12,2018,12,3,5,3,5,3,1,1,0,0,0,0,2,1,8.590927923000038,53.582018282000035,Lehe,Buschkämpen
58,12,2019,2,2,8,3,5,3,1,1,0,0,0,0,0,0,8.601934664000055,53.57030817900005,Lehe,Buschkämpen
84,12,2019,2,4,18,3,4,6,1,1,0,0,0,0,2,1,8.587953870000035,53.574823139000046,Lehe,Buschkämpen
112,12,2019,1,5,15,3,5,2,1,1,0,0,0,0,0,0,8.592594621000046,53.56706731300005,Lehe,Buschkämpen
148,12,2019,2,1,16,3,0,1,1,0,0,0,0,0,0,0,8.574747605000027,53.56054644100004,Lehe,Buschkämpen
159,12,2019,2,5,16,3,5,3,1,1,0,0,0,0,0,1,8.592099776000055,53.56670671000006,Lehe,Buschkämpen
199,12,2019,4,2,17,3,5,3,1,1,0,0,0,0,0,0,8.59493079300006,53.57022027700003,Lehe,Buschkämpen
227,12,2019,3,5,6,3,4,2,1,1,0,0,0,0,2,0,8.591277431000037,53.55900317900006,Lehe,Buschkämpen
240,12,2019,3,5,22,3,0,7,1,0,0,0,0,0,2,1,8.603206991000036,53.55804899000003,Lehe,Buschkämpen