,UKREIS,UJAHR,UMONAT,UWOCHENTAG,USTUNDE,UKATEGORIE,UART,UTYP1,IstRad,IstPKW,IstFuss,IstKrad,IstGkfz,IstSonstig,ULICHTVERH,STRZUSTAND,longitude,latitude,Stadtteil,Ortsteil
247,12,2019,3,3,15,3,5,7,1,1,0,0,0,0,0,1,8.594159662000038,53.569290488000036,Lehe,Buschkämpen
278,12,2019,5,7,13,3,5,3,1,0,0,0,0,1,0,0,8.585206099000061,53.55742468500006,Lehe,Buschkämpen
279,12,2019,5,6,11,3,5,2,1,1,0,0,0,0,0,0,8.59617393000002,53.57220269700008,Lehe,Buschkämpen
295,12,2019,5,3,7,3,5,3,1,1,0,0,0,0,0,0,8.585177901000066,53.55761132300006,Lehe,Buschkämpen
304,12,2019,5,6,16,3,5,3,1,1,0,0,0,0,0,0,8.580445014000077,53.55413615800006,Lehe,Buschkämpen
311,12,2019,5,4,14,3,1,5,1,1,0,0,0,0,0,0,8.580575053000075,53.55086483700006,Lehe,Buschkämpen
333,12,2019,5,1,10,3,8,1,1,0,0,0,0,0,0,0,8.568695651000041,53.587597833000075,Lehe,Buschkämpen
356,12,2019,5,2,7,3,5,3,1,1,0,0,0,0,0,1,8.604539394000028,53.57746861800007,Lehe,Buschkämpen
398,12,2019,4,3,17,3,5,3,1,1,0,0,0,0,0,0,8.583527609000043,53.586802196000065,Lehe,Buschkämpen
414,12,2019,6,1,14,3,5,3,1,1,0,0,0,0,0,0,8.595104305000064,53.56563836500004,Lehe,Buschkämpen
467,12,2019,6,3,17,3,5,3,1,1,0,0,0,0,0,0,8.584340110000028,53.57339592500006,Lehe,Buschkämpen
496,12,2019,6,4,16,3,5,3,1,1,0,0,0,0,0,0,8.585222028000032,53.557444813000075,Lehe,Buschkämpen
509,12,2019,6,6,15,3,5,3,1,1,0,0,0,0,0,0,8.588622659000066,53.577461208000045,Lehe,Buschkämpen
529,12,2019,6,2,8,3,5,3,1,1,0,0,0,0,0,0,8.591828884000051,53.57966633800004,Lehe,Buschkämpen
572,12,2019,8,2,14,3,0,7,1,0,0,0,0,0,0,0,8.593891264000035,53.587486511000066,Lehe,Buschkämpen
585,12,2019,8,5,17,3,5,3,1,1,0,0,0,0,0,0,8.588654030000043,53.55915270700007,Lehe,Buschkämpen
598,12,2019,8,3,17,2,5,2,1,1,0,0,0,0,0,0,8.604092764000029,53.57815258800008,Lehe,Buschkämpen
604,12,2019,8,2,6,3,0,7,1,0,0,0,0,0,0,0,8.604302956000026,53.586150392000036,Lehe,Buschkämpen
628,12,2019,7,5,13,3,0,7,1,1,0,0,0,0,0,0,8.593079937000027,53.557079987000066,Lehe,Buschkämpen
646,12,2019,7,2,15,3,0,7,1,1,0,0,0,0,0,0,8.577318638000065,53.55556257400008,Lehe,Buschkämpen
677,12,2019,8,2,12,3,2,6,1,1,0,0,0,0,0,0,8.583279680000032,53.563991445000056,Lehe,Buschkämpen
692,12,2019,8,2,10,2,1,1,1,1,0,0,0,0,0,0,8.598984510000037,53.57751141000006,Lehe,Buschkämpen
693,12,2019,8,5,15,3,5,2,1,1,0,0,0,0,0,1,8.593285622000053,53.55520262500005,Lehe,Buschkämpen
703,12,2019,7,3,11,2,5,3,1,1,0,0,0,0,0,0,8.596499229000074,53.57981680700004,Lehe,Buschkämpen
738,12,2019,9,2,5,3,5,3,1,1,0,0,0,0,1,0,8.597605841000075,53.585087970000075,Lehe,Buschkämpen
754,12,2019,9,5,12,3,0,7,1,0,0,0,0,0,0,0,8.592806851000034,53.55856509700004,Lehe,Buschkämpen
757,12,2019,9,4,6,3,3,7,1,1,0,0,0,0,0,0,8.585807387000045,53.55869144800005,Lehe,Buschkämpen
764,12,2019,9,2,13,3,3,5,1,1,0,0,1,0,0,0,8.586238928000057,53.562785579000035,Lehe,Buschkämpen
783,12,2019,9,4,19,3,0,1,1,0,0,0,0,0,0,1,8.59201318700002,53.575774798000054,Lehe,Buschkämpen
801,12,2019,8,6,17,3,5,3,1,1,0,0,0,0,0,0,8.58028678900007,53.56969649500007,Lehe,Buschkämpen
851,12,2019,8,6,14,3,5,2,1,0,0,0,0,1,0,0,8.598155517000066,53.57048885200004,Lehe,Buschkämpen
865,12,2019,9,1,17,3,3,6,1,0,0,0,0,0,0,0,8.598221950000038,53.56398088100008,Lehe,Buschkämpen
897,12,2019,11,6,16,3,4,7,1,1,0,0,0,0,1,0,8.582253043000037,53.55336483000008,Lehe,Buschkämpen
912,12,2019,11,2,19,2,5,3,1,1,0,0,0,0,2,1,8.583385586000077,53.55477186600007,Lehe,Buschkämpen
932,12,2019,10,4,16,3,5,3,1,1,0,0,0,0,1,0,8.599815403000036,53.55490471100006,Lehe,Buschkämpen
955,12,2019,10,4,17,3,6,7,1,0,1,0,0,0,0,0,8.575625270000046,53.59063770100005,Lehe,Buschkämpen
974,12,2019,10,6,7,3,1,5,1,1,0,0,0,0,2,1,8.588890251000066,53.56132518800007,Lehe,Buschkämpen
1010,12,2019,10,3,15,2,5,3,1,1,0,0,0,0,0,0,8.60225994700005,53.57197350700005,Lehe,Buschkämpen
1020,12,2019,10,7,14,3,3,6,1,1,0,0,0,0,0,0,8.572816681000063,53.56053448000006,Lehe,Buschkämpen
1025,12,2019,10,5,7,3,5,3,1,1,0,0,0,0,1,0,8.58558277000003,53.558201085000064,Lehe,Buschkämpen
1034,12,2019,10,4,19,3,5,3,1,1,0,0,0,0,1,1,8.595032510000067,53.57205566700003,Lehe,Buschkämpen
1127,12,2019,12,2,7,3,5,3,1,1,0,0,0,0,2,1,8.603846192000049,53.57040314300008,Lehe,Buschkämpen
1151,12,2019,12,2,15,3,0,7,1,0,0,0,0,0,0,1,8.585896926000032,53.56064803700008,Lehe,Buschkämpen
0,12,2020,12,5,11,3,5,3,1,1,0,0,0,0,0,0,8.579896388000066,53.54925288700008,Lehe,Buschkämpen
44,12,2020,1,5,20,3,5,3,1,1,0,0,0,0,2,0,8.597830381000051,53.58195125100008,Lehe,Buschkämpen
54,12,2020,2,4,6,2,5,3,1,1,0,0,0,0,2,1,8.59669322700006,53.571761802000026,Lehe,Buschkämpen
77,12,2020,2,6,17,3,0,7,1,1,0,0,0,0,1,0,8.58517144700005,53.557380901000045,Lehe,Buschkämpen
112,12,2020,2,4,11,3,1,5,1,1,0,0,0,0,0,0,8.584225554000056,53.556093188000034,Lehe,Buschkämpen
118,12,2020,2,4,14,3,5,3,1,1,0,0,0,0,0,1,8.595353672000044,53.55874886000004,Lehe,Buschkämpen
129,12,2020,1,3,8,3,5,3,1,1,0,0,0,0,0,1,8.603886975000023,53.57036470400004,Lehe,Buschkämpen
149,12,2020,1,5,22,3,5,2,1,1,0,0,0,0,2,1,8.591226619000054,53.58131587200006,Lehe,Buschkämpen
194,12,2020,5,1,18,3,0,7,1,0,0,0,0,0,0,0,8.583193559000051,53.59041134800003,Lehe,Buschkämpen
220,12,2020,3,2,15,3,4,6,1,0,0,0,0,0,0,0,8.599919002000036,53.573389458000065,Lehe,Buschkämpen
237,12,2020,3,2,14,3,0,7,1,0,0,0,0,0,0,0,8.600471468000023,53.559899949000055,Lehe,Buschkämpen
242,12,2020,4,6,13,3,5,3,1,1,0,0,0,0,0,0,8.587826995000057,53.56270103000003,Lehe,Buschkämpen
249,12,2020,2,6,15,3,5,2,1,1,0,0,0,0,0,0,8.585722715000031,53.55817665700005,Lehe,Buschkämpen
251,12,2020,4,7,9,3,8,1,1,0,0,0,0,0,0,0,8.592116548000035,53.55903164000006,Lehe,Buschkämpen
267,12,2020,4,5,19,3,5,3,1,1,0,0,0,0,0,0,8.597950171000036,53.581031067000026,Lehe,Buschkämpen
286,12,2020,5,5,14,3,5,3,1,1,0,0,0,0,0,0,8.595386473000076,53.55875527400008,Lehe,Buschkämpen
294,12,2020,4,5,6,2,5,2,1,1,0,0,0,0,0,0,8.572626654000032,53.560496045000036,Lehe,Buschkämpen
328,12,2020,6,4,21,2,0,1,1,0,0,0,0,0,0,0,8.585947572000066,53.559719606000044,Lehe,Buschkämpen
340,12,2020,5,1,17,2,0,7,1,0,0,0,0,0,0,0,8.592289550000032,53.58688044000007,Lehe,Buschkämpen
386,12,2020,5,5,14,3,5,3,1,1,0,0,0,0,0,0,8.601851407000026,53.57026747200007,Lehe,Buschkämpen
397,12,2020,6,2,13,3,5,3,1,0,0,0,0,0,0,1,8.576351045000024,53.56636276100005,Lehe,Buschkämpen
413,12,2020,5,7,14,3,5,3,1,1,0,0,0,0,0,0,8.597959631000037,53.58233771000005,Lehe,Buschkämpen
425,12,2020,6,3,11,3,5,3,1,1,0,0,0,0,0,0,8.582250632000068,53.56070516700004,Lehe,Buschkämpen
434,12,2020,6,5,13,3,0,1,1,0,0,0,0,0,0,1,8.593840446000058,53.56110072300004,Lehe,Buschkämpen
443,12,2020,6,4,18,3,5,2,1,1,0,0,0,0,0,0,8.596840389000022,53.568075090000036,Lehe,Buschkämpen
471,12,2020,6,1,2,2,0,7,1,0,0,0,0,0,2,1,8.592750698000032,53.56925040400006,Lehe,Buschkämpen
513,12,2020,8,3,7,3,5,2,1,0,0,0,1,0,0,0,8.597842401000037,53.581952012000045,Lehe,Buschkämpen
522,12,2020,8,2,8,3,5,3,1,1,0,0,0,0,0,0,8.604050007000069,53.57439823400006,Lehe,Buschkämpen
532,12,2020,8,7,19,3,8,1,1,0,0,0,0,0,0,0,8.56918851100005,53.58759302500005,Lehe,Buschkämpen
542,12,2020,8,6,15,3,5,3,1,1,0,0,0,0,0,0,8.584514443000046,53.55889752200005,Lehe,Buschkämpen
543,12,2020,7,6,12,3,5,2,1,1,0,0,0,0,0,0,8.582971841000074,53.56079780600004,Lehe,Buschkämpen
552,12,2020,8,7,13,3,2,6,1,0,0,0,0,1,0,0,8.59796052200005,53.58218220100008,Lehe,Buschkämpen
553,12,2020,7,5,10,3,5,3,1,1,0,0,0,0,0,0,8.600114849000022,53.55865412800006,Lehe,Buschkämpen
558,12,2020,8,3,11,2,5,3,1,1,0,0,0,0,0,0,8.593524642000034,53.57021368000005,Lehe,Buschkämpen
569,12,2020,8,1,15,3,8,1,1,0,0,0,0,0,0,0,8.591822883000077,53.57982816800006,Lehe,Buschkämpen
601,12,2020,8,4,18,3,8,1,1,0,0,0,0,0,0,0,8.600711686000068,53.56079542400005,Lehe,Buschkämpen
630,12,2020,7,1,18,3,5,3,1,1,0,0,0,0,0,0,8.580615077000061,53.55091810400006,Lehe,Buschkämpen
650,12,2020,7,5,11,3,5,3,1,1,0,0,0,0,0,0,8.603291931000058,53.57400731200005,Lehe,Buschkämpen
707,12,2020,9,6,17,3,6,7,1,0,1,0,0,0,0,0,8.580232976000048,53.55557078000004,Lehe,Buschkämpen
779,12,2020,9,6,6,3,0,7,1,0,0,0,0,0,0,0,8.592778063000026,53.55666000300005,Lehe,Buschkämpen
805,12,2020,9,6,11,3,4,6,1,0,0,0,0,0,0,0,8.588293531000033,53.58063430100003,Lehe,Buschkämpen
810,12,2020,10,6,10,3,1,5,1,1,0,0,0,0,0,0,8.582914974000062,53.55419121500006,Lehe,Buschkämpen
814,12,2020,9,7,5,3,5,3,1,1,0,0,0,0,2,1,8.569666470000072,53.560465675000046,Lehe,Buschkämpen
819,12,2020,9,2,18,3,5,3,1,1,0,0,0,0,0,0,8.59255474400004,53.56703188100005,Lehe,Buschkämpen
837,12,2020,9,5,10,3,6,4,1,0,1,0,0,0,0,0,8.585853746000055,53.55901684400004,Lehe,Buschkämpen
859,12,2020,9,2,13,3,5,3,1,1,0,0,0,0,0,0,8.593627901000048,53.56170935600005,Lehe,Buschkämpen
872,12,2020,10,7,14,3,5,3,1,1,0,0,0,0,0,0,8.591364471000077,53.58122872200005,Lehe,Buschkämpen
880,12,2020,8,2,8,3,4,6,1,1,0,0,0,0,0,0,8.579550654000059,53.592788049000035,Lehe,Buschkämpen
881,12,2020,9,5,14,3,6,4,1,0,1,0,0,0,0,0,8.585927190000064,53.55955473300003,Lehe,Buschkämpen
882,12,2020,9,3,6,3,5,3,1,1,0,0,0,0,1,0,8.597060631000033,53.57525788500004,Lehe,Buschkämpen
885,12,2020,8,2,12,3,5,3,1,1,0,0,0,0,0,0,8.601812577000032,53.570264896000026,Lehe,Buschkämpen
907,12,2020,9,2,16,3,5,3,1,1,0,0,0,0,0,0,8.591796341000077,53.58054402300007,Lehe,Buschkämpen
926,12,2020,11,4,8,2,3,6,1,1,0,0,0,0,0,0,8.57857399900007,53.56063496100006,Lehe,Buschkämpen
1019,12,2020,11,4,21,3,5,3,1,1,0,0,0,0,2,1,8.598889463000035,53.57332311700003,Lehe,Buschkämpen
1026,12,2020,11,3,11,2,0,7,1,0,0,0,0,0,0,0,8.59351539000005,53.57330575300006,Lehe,Buschkämpen
1068,12,2020,11,3,7,3,5,2,1,1,0,0,0,0,1,0,8.563729719000037,53.58865322300005,Lehe,Buschkämpen
1070,12,2020,10,3,12,3,0,6,1,0,0,0,0,1,0,0,8.586201238000058,53.56226311000006,Lehe,Buschkämpen
20,12,2021,5,7,15,3,8,1,1,0,0,0,0,0,0,0,8.585554770000044,53.56666982100006,Lehe,Buschkämpen
53,12,2021,4,4,17,3,5,3,1,1,0,0,0,0,0,0,8.597746182000037,53.57895534600004,Lehe,Buschkämpen
65,12,2021,5,5,10,3,1,5,1,1,0,0,0,0,0,1,8.582867004000036,53.55662104800007,Lehe,Buschkämpen
82,12,2021,2,6,19,3,5,3,1,1,0,0,0,0,2,0,8.589723081000045,53.566864475000045,Lehe,Buschkämpen
87,12,2021,6,1,2,3,8,1,1,0,0,0,0,0,2,0,8.581431193000071,53.567131697000036,Lehe,Buschkämpen
98,12,2021,6,4,14,3,5,2,1,1,0,0,0,0,0,0,8.578572984000061,53.56062020500008,Lehe,Buschkämpen
105,12,2021,4,3,11,3,0,7,1,0,0,0,0,0,0,0,8.590771914000072,53.57932569500008,Lehe,Buschkämpen
122,12,2021,6,6,13,3,5,3,1,0,0,0,0,0,0,0,8.580166735000034,53.56953968900007,Lehe,Buschkämpen
147,12,2021,6,2,8,3,5,2,1,1,0,0,0,0,0,0,8.596510137000053,53.57228079500004,Lehe,Buschkämpen
157,12,2021,6,6,12,3,5,3,1,1,0,0,0,0,0,0,8.58614338700005,53.56156785700006,Lehe,Buschkämpen
181,12,2021,5,5,15,3,0,7,1,0,0,0,0,0,0,0,8.585909007000055,53.555538984000066,Lehe,Buschkämpen
186,12,2021,1,4,15,3,6,4,1,0,1,0,0,0,0,1,8.585893502000033,53.55930636200003,Lehe,Buschkämpen
215,12,2021,7,5,8,3,5,3,1,1,0,0,0,0,0,0,8.57482613600007,53.56054931700004,Lehe,Buschkämpen
238,12,2021,7,4,7,3,5,3,1,0,0,0,0,0,0,0,8.593682861000048,53.565416879000054,Lehe,Buschkämpen
265,12,2021,6,3,13,3,6,4,1,0,1,0,0,0,0,0,8.59848557600003,53.56665563000007,Lehe,Buschkämpen
293,12,2021,4,6,18,3,5,2,1,1,0,0,0,0,0,1,8.602232163000053,53.571991267000044,Lehe,Buschkämpen
309,12,2021,2,3,12,3,8,1,1,0,0,0,0,0,0,0,8.586391023000033,53.59149655500005,Lehe,Buschkämpen
331,12,2021,5,1,18,3,5,3,1,1,0,0,0,0,0,1,8.598012881000045,53.56968657300007,Lehe,Buschkämpen
335,12,2021,6,6,16,3,5,2,1,0,0,0,0,1,0,0,8.593539623000026,53.554529079000076,Lehe,Buschkämpen
361,12,2021,5,1,20,3,5,3,1,1,0,0,0,0,1,0,8.586075829000038,53.56088272300008,Lehe,Buschkämpen
365,12,2021,2,4,16,3,1,7,1,1,0,0,0,0,0,0,8.586089113000071,53.561030051000046,Lehe,Buschkämpen
374,12,2021,6,5,6,3,5,2,1,1,0,0,0,0,0,0,8.59758740500007,53.585081596000066,Lehe,Buschkämpen
405,12,2021,6,4,1,2,8,1,1,0,0,0,0,0,2,0,8.578694097000039,53.556135837000056,Lehe,Buschkämpen
456,12,2021,3,5,12,3,9,1,1,0,0,0,0,1,0,0,8.597956056000044,53.58296126300007,Lehe,Buschkämpen
504,12,2021,7,2,12,3,5,3,1,1,0,0,0,0,0,1,8.59202368900003,53.57556578200007,Lehe,Buschkämpen
506,12,2021,6,7,16,3,5,3,1,1,0,0,0,0,0,0,8.597172085000068,53.55895409800007,Lehe,Buschkämpen
519,12,2021,11,2,8,3,8,1,1,0,0,0,0,0,0,1,8.59651128300004,53.57227817300003,Lehe,Buschkämpen
541,12,2021,12,5,20,3,8,1,1,0,0,0,0,0,2,2,8.586087381000027,53.56582787500008,Lehe,Buschkämpen
542,12,2021,11,2,5,3,5,3,1,1,0,0,0,0,2,1,8.59202631900007,53.57554334000008,Lehe,Buschkämpen
544,12,2021,11,3,10,3,5,2,1,1,0,0,0,0,0,0,8.591976587000033,53.579320540000026,Lehe,Buschkämpen
549,12,2021,9,5,8,3,3,6,1,1,0,0,0,0,0,1,8.572605776000046,53.560464402000036,Lehe,Buschkämpen
578,12,2021,11,6,7,3,5,3,1,1,0,0,0,0,0,1,8.604336025000066,53.58283810700004,Lehe,Buschkämpen
618,12,2021,9,5,18,3,8,1,1,1,0,0,0,0,0,0,8.59328339600006,53.55522813400006,Lehe,Buschkämpen
644,12,2021,10,7,10,3,5,3,1,1,0,0,0,0,0,0,8.585944931000029,53.56431044800007,Lehe,Buschkämpen
648,12,2021,8,7,21,3,3,7,1,1,0,0,0,0,1,0,8.591484409000032,53.556735881000066,Lehe,Buschkämpen
660,12,2021,8,5,12,3,5,3,1,1,0,0,0,0,0,1,8.581115272000034,53.562728994000054,Lehe,Buschkämpen
690,12,2021,10,6,21,3,8,1,1,1,0,0,0,0,2,1,8.60055283500003,53.57007508200007,Lehe,Buschkämpen
693,12,2021,9,3,17,3,5,3,1,1,0,0,0,0,0,0,8.572967724000023,53.56043195500007,Lehe,Buschkämpen
698,12,2021,9,3,14,3,3,6,1,1,0,0,0,0,0,0,8.604018233000033,53.58407274700005,Lehe,Buschkämpen
710,12,2021,10,4,6,3,0,7,1,0,0,0,0,1,2,1,8.610260717000074,53.57069781000007,Lehe,Buschkämpen
712,12,2021,12,7,15,3,5,3,1,1,0,0,0,0,0,1,8.586074806000056,53.56164656000004,Lehe,Buschkämpen
727,12,2021,11,2,6,3,5,3,1,0,0,0,0,1,2,1,8.591906395000024,53.57561011300004,Lehe,Buschkämpen
730,12,2021,11,5,17,3,5,3,1,1,0,0,0,0,2,1,8.592840138000042,53.56778741900007,Lehe,Buschkämpen
733,12,2021,10,2,17,3,5,3,1,1,0,0,0,0,0,1,8.58573149700004,53.584052943000074,Lehe,Buschkämpen
746,12,2021,12,5,7,3,8,1,1,0,0,0,0,0,2,1,8.587712607000071,53.55918813300008,Lehe,Buschkämpen
767,12,2021,8,4,16,3,5,2,1,1,0,0,0,0,0,0,8.600560992000055,53.57017200400003,Lehe,Buschkämpen
770,12,2021,12,7,23,3,9,1,1,0,0,0,0,0,2,1,8.595808228000067,53.57969341900008,Lehe,Buschkämpen
797,12,2021,11,5,16,3,5,3,1,1,0,0,0,0,1,1,8.59183587900003,53.55897897600005,Lehe,Buschkämpen
798,12,2021,10,2,17,3,9,1,1,0,0,0,0,0,0,0,8.592409448000069,53.579347993000056,Lehe,Buschkämpen
822,12,2021,9,6,15,3,5,2,1,1,0,0,0,0,0,0,8.597789400000067,53.57146559800003,Lehe,Buschkämpen
840,12,2021,12,4,6,2,5,3,1,1,0,0,0,0,2,1,8.61083162600005,53.57429138900005,Lehe,Buschkämpen
847,12,2021,12,7,12,2,5,3,1,1,0,0,0,0,0,1,8.597177791000036,53.57517132600003,Lehe,Buschkämpen
870,12,2021,10,1,15,3,9,1,1,1,0,0,0,0,0,0,8.584276369000065,53.556425475000026,Lehe,Buschkämpen
896,12,2021,10,6,9,3,5,3,1,1,0,0,0,0,0,1,8.580424005000054,53.55781770800007,Lehe,Buschkämpen
918,12,2021,9,6,18,3,5,3,1,1,0,0,0,0,1,1,8.58349319100006,53.58669041400003,Lehe,Buschkämpen
24,12,2022,7,7,18,3,0,1,1,0,0,0,0,0,0,0,8.58732556400003,53.5549976720001,Lehe,Buschkämpen
39,12,2022,7,5,13,3,5,2,1,1,0,0,0,0,0,1,8.58621228100003,53.561511975,Lehe,Buschkämpen
58,12,2022,6,1,3,3,0,1,1,0,0,0,0,0,2,0,8.59520953400005,53.565098193,Lehe,Buschkämpen
61,12,2022,3,6,13,3,2,6,1,1,0,0,0,0,0,0,8.58868919700006,53.559203263,Lehe,Buschkämpen
116,12,2022,4,5,16,3,0,7,1,0,0,0,0,0,0,0,8.58519558900002,53.557603181,Lehe,Buschkämpen
127,12,2022,6,4,8,3,5,3,1,1,0,0,0,0,0,0,8.59279690300002,53.5584515240001,Lehe,Buschkämpen
128,12,2022,3,3,10,3,2,7,1,0,0,0,0,1,0,0,8.58622011000006,53.5863860580001,Lehe,Buschkämpen
162,12,2022,2,6,9,1,8,1,1,0,0,0,0,1,0,1,8.62152708100007,53.571161428,Lehe,Buschkämpen
178,12,2022,4,5,16,3,5,3,1,0,0,0,0,0,0,0,8.58195418500003,53.576056287,Lehe,Buschkämpen
229,12,2022,7,1,20,3,5,2,1,1,0,0,0,0,0,0,8.61313598000004,53.5707219870001,Lehe,Buschkämpen
242,12,2022,5,4,18,3,0,7,1,0,0,0,0,0,0,0,8.59794717200003,53.580907767,Lehe,Buschkämpen
243,12,2022,3,6,13,3,0,3,1,1,0,0,0,0,0,0,8.59496990700006,53.587872637,Lehe,Buschkämpen
247,12,2022,3,3,6,3,5,3,1,1,0,0,0,0,2,0,8.59314461900004,53.556633135,Lehe,Buschkämpen
288,12,2022,5,7,18,3,5,3,1,1,0,0,0,0,0,0,8.59430516000003,53.5635481320001,Lehe,Buschkämpen
299,12,2022,3,6,14,3,5,3,1,1,0,0,0,0,0,0,8.58588825100003,53.5592729310001,Lehe,Buschkämpen
311,12,2022,6,4,7,3,5,3,1,1,0,0,0,0,0,0,8.59184093400006,53.558976591,Lehe,Buschkämpen
343,12,2022,3,4,14,3,4,2,1,1,0,0,0,0,0,0,8.58095294100002,53.5513739840001,Lehe,Buschkämpen
360,12,2022,3,3,15,3,1,5,1,0,0,0,1,0,0,0,8.58426564900003,53.5632919290001,Lehe,Buschkämpen
386,12,2022,3,6,7,3,2,6,1,1,0,0,0,0,0,1,8.61819936500007,53.570741395,Lehe,Buschkämpen
420,12,2022,5,1,17,3,5,3,1,1,0,0,0,0,0,0,8.58519789300004,53.5574436050001,Lehe,Buschkämpen
432,12,2022,5,3,23,2,0,7,1,0,0,0,0,0,2,0,8.57845878700005,53.559564591,Lehe,Buschkämpen
446,12,2022,5,7,0,3,8,1,1,0,0,0,0,0,2,1,8.59002181200003,53.556802454,Lehe,Buschkämpen
505,12,2022,6,3,9,3,5,3,1,0,0,0,0,0,0,0,8.58928344900005,53.5689342650001,Lehe,Buschkämpen
543,12,2022,7,3,14,2,0,7,1,0,0,0,0,0,0,0,8.56912660600005,53.5876044400001,Lehe,Buschkämpen
566,12,2022,3,3,7,3,5,2,1,1,0,0,0,0,0,1,8.59254293100003,53.567034316,Lehe,Buschkämpen
572,12,2022,6,3,17,3,2,6,1,0,0,0,0,1,0,0,8.59245280200003,53.5669603160001,Lehe,Buschkämpen
578,12,2022,6,5,15,3,5,3,1,0,0,0,0,1,0,0,8.59264134600005,53.581881035,Lehe,Buschkämpen
587,12,2022,7,7,14,3,5,2,1,1,0,0,0,0,0,0,8.59655933800008,53.5723063980001,Lehe,Buschkämpen
592,12,2022,10,1,0,2,0,1,1,0,0,0,0,0,2,1,8.58214258200007,53.550364856,Lehe,Buschkämpen
598,12,2022,10,2,14,3,5,3,1,1,0,0,0,0,0,0,8.59121759500005,53.56613235,Lehe,Buschkämpen
603,12,2022,10,4,8,3,5,3,1,1,0,0,0,0,0,0,8.57870191400002,53.5828212820001,Lehe,Buschkämpen
629,12,2022,10,4,14,3,5,3,1,1,0,0,0,0,0,0,8.59973446200007,53.5549253250001,Lehe,Buschkämpen
659,12,2022,8,5,16,3,5,7,1,1,0,0,0,0,0,0,8.58209763800005,53.5530369240001,Lehe,Buschkämpen
660,12,2022,9,6,9,3,5,2,1,1,0,0,0,0,0,0,8.59094635500003,53.5820706740001,Lehe,Buschkämpen
662,12,2022,8,4,8,3,5,2,1,1,0,0,0,0,0,0,8.59197331300004,53.5793205680001,Lehe,Buschkämpen
678,12,2022,10,4,7,3,5,3,1,1,0,0,0,0,0,0,8.59711356600008,53.574522227,Lehe,Buschkämpen
679,12,2022,11,3,14,3,1,5,1,1,0,0,0,0,0,0,8.58309909700006,53.564706475,Lehe,Buschkämpen
687,12,2022,8,5,10,3,1,5,1,1,0,0,0,0,0,0,8.58584517700007,53.558952273,Lehe,Buschkämpen
697,12,2022,10,4,14,3,5,3,1,0,0,0,0,1,0,0,8.57280149600007,53.5605352420001,Lehe,Buschkämpen
700,12,2022,9,3,8,3,5,3,1,1,0,0,0,0,0,1,8.58847096600005,53.5766669060001,Lehe,Buschkämpen
730,12,2022,11,3,7,3,5,3,1,1,0,0,0,0,1,1,8.57261135800007,53.5604318690001,Lehe,Buschkämpen
749,12,2022,9,2,14,3,0,1,1,0,0,0,0,0,0,0,8.58365442100006,53.555282264,Lehe,Buschkämpen
755,12,2022,10,2,11,3,4,6,1,1,0,0,0,0,0,0,8.59383963000005,53.5604029510001,Lehe,Buschkämpen
768,12,2022,10,2,17,3,5,3,1,1,0,0,0,0,0,0,8.59117240800003,53.566120013,Lehe,Buschkämpen
782,12,2022,9,5,11,3,5,3,1,0,0,0,1,0,0,1,8.57992026000005,53.5492275650001,Lehe,Buschkämpen
788,12,2022,11,7,10,3,3,6,1,1,0,0,0,0,0,1,8.58614926700005,53.5618256180001,Lehe,Buschkämpen
791,12,2022,11,3,7,3,0,1,1,0,0,0,0,0,1,1,8.58683851800004,53.565872846,Lehe,Buschkämpen
836,12,2022,7,6,12,3,5,3,1,1,0,0,0,0,0,0,8.59799973600008,53.579864743,Lehe,Buschkämpen
853,12,2022,10,6,13,3,5,2,1,1,0,0,0,0,0,0,8.59657666600003,53.5722713740001,Lehe,Buschkämpen
884,12,2022,11,5,11,2,5,3,1,1,0,0,0,0,0,0,8.58522258000005,53.5575961270001,Lehe,Buschkämpen
892,12,2022,10,7,21,3,5,3,1,1,0,0,0,0,2,1,8.58792446500007,53.5561898990001,Lehe,Buschkämpen
938,12,2022,10,6,13,3,3,3,1,1,0,0,0,0,0,1,8.59096654700005,53.5821280660001,Lehe,Buschkämpen
954,12,2022,12,2,14,3,0,1,1,0,0,0,0,0,0,0,8.59217901200003,53.5684898690001,Lehe,Buschkämpen
1030,12,2022,8,1,18,3,0,1,1,1,0,0,0,0,0,0,8.58185653900006,53.5651119090001,Lehe,Buschkämpen
1037,12,2022,8,5,17,3,0,7,1,0,0,0,0,0,0,0,8.58133590600005,53.551932197,Lehe,Buschkämpen
1044,12,2022,9,1,16,3,5,3,1,1,0,0,0,0,0,0,8.59114250300007,53.5661426500001,Lehe,Buschkämpen
18,12,2023,5,2,14,2,1,5,1,0,0,0,0,1,0,1,8.574983062000058,53.58667943200004,Lehe,Buschkämpen
19,12,2023,5,2,10,3,1,5,1,1,0,0,0,0,0,1,8.586162779000063,53.561969899000076,Lehe,Buschkämpen
38,12,2023,5,3,13,3,5,3,1,1,0,0,0,0,0,0,8.588193309000076,53.57481112200003,Lehe,Buschkämpen
55,12,2023,5,6,5,3,5,3,1,0,0,0,0,1,1,0,8.588431907000029,53.576687529000026,Lehe,Buschkämpen
58,12,2023,5,5,9,3,5,3,1,1,0,0,0,0,0,0,8.59317971400003,53.556319623000036,Lehe,Buschkämpen
73,12,2023,5,3,15,3,5,2,1,1,0,0,0,0,0,0,8.593204359000026,53.57363687800006,Lehe,Buschkämpen