,UKREIS,UJAHR,UMONAT,UWOCHENTAG,USTUNDE,UKATEGORIE,UART,UTYP1,IstRad,IstPKW,IstFuss,IstKrad,IstGkfz,IstSonstig,ULICHTVERH,STRZUSTAND,longitude,latitude,Stadtteil,Ortsteil
114,12,2023,4,2,16,3,5,3,1,1,0,0,0,0,0,1,8.598213947000033,53.58517243000006,Lehe,Buschkämpen
123,12,2023,4,4,13,3,5,3,1,1,0,0,0,0,0,0,8.610577589000059,53.57778865300003,Lehe,Buschkämpen
170,12,2023,5,3,17,3,5,3,1,1,0,0,0,0,0,0,8.603535819000058,53.57936926900004,Lehe,Buschkämpen
201,12,2023,3,2,5,3,5,3,1,1,0,0,0,0,2,1,8.590949151000075,53.58209937600003,Lehe,Buschkämpen
213,12,2023,3,2,12,2,0,7,1,1,0,0,0,0,0,0,8.586079146000031,53.56098479800005,Lehe,Buschkämpen
241,12,2023,2,6,7,3,4,2,1,1,0,0,0,0,0,1,8.596541338000065,53.55523426500008,Lehe,Buschkämpen
248,12,2023,2,2,6,3,5,2,1,1,0,0,0,0,2,1,8.590257030000032,53.55909527000006,Lehe,Buschkämpen
255,12,2023,2,6,22,3,0,1,1,0,0,0,0,0,2,0,8.59614466100004,53.56685555800004,Lehe,Buschkämpen
260,12,2023,2,4,18,3,0,1,1,0,0,0,0,0,2,0,8.581237186000067,53.55099525500003,Lehe,Buschkämpen
273,12,2023,2,5,7,3,5,7,1,1,0,0,0,0,1,0,8.58862163300006,53.55846237700007,Lehe,Buschkämpen
278,12,2023,1,3,18,3,6,4,1,0,1,0,0,0,2,1,8.594789265000031,53.57224241000006,Lehe,Buschkämpen
309,12,2023,1,6,19,3,0,1,1,0,0,0,0,0,2,1,8.592148585000075,53.57485580400004,Lehe,Buschkämpen
317,12,2023,1,2,7,3,5,3,1,1,0,0,0,0,1,0,8.600021580000032,53.570169458000066,Lehe,Buschkämpen
326,12,2023,1,4,8,3,5,2,1,1,0,0,0,0,1,1,8.58212400800005,53.55837568000004,Lehe,Buschkämpen
350,12,2023,11,7,15,3,2,6,1,1,0,0,0,0,0,1,8.572800371000028,53.56053529800005,Lehe,Buschkämpen
361,12,2023,11,4,6,2,0,1,1,0,0,0,0,0,2,1,8.591812435000065,53.58010997500003,Lehe,Buschkämpen
383,12,2023,10,3,16,3,1,5,1,1,0,0,0,0,1,1,8.585846565000054,53.55896272800004,Lehe,Buschkämpen
419,12,2023,10,7,12,3,5,3,1,1,0,0,0,0,0,1,8.590760010000054,53.55679548100005,Lehe,Buschkämpen
420,12,2023,10,6,14,3,5,3,1,1,0,0,0,0,0,1,8.58595864800003,53.55981533100004,Lehe,Buschkämpen
438,12,2023,10,3,6,3,5,2,1,1,0,0,0,0,1,1,8.595680194000067,53.566907177000076,Lehe,Buschkämpen
442,12,2023,10,2,16,3,1,5,1,1,0,0,0,0,0,1,8.593912053000054,53.56395613500007,Lehe,Buschkämpen
443,12,2023,10,2,7,3,5,3,1,1,0,0,0,0,0,1,8.595350472000064,53.565531157000066,Lehe,Buschkämpen
521,12,2023,9,5,17,3,1,5,1,1,0,0,0,0,0,0,8.585581171000058,53.55792064100007,Lehe,Buschkämpen
528,12,2023,9,4,16,3,5,3,1,0,0,0,0,1,0,0,8.58042477600003,53.55881490500008,Lehe,Buschkämpen
532,12,2023,9,3,19,3,5,3,1,1,0,0,0,0,0,0,8.592795787000057,53.55847462000003,Lehe,Buschkämpen
586,12,2023,8,2,10,2,5,3,1,1,0,0,0,0,0,0,8.574776703000055,53.56054750700008,Lehe,Buschkämpen
587,12,2023,8,2,13,2,0,1,1,0,0,0,0,0,0,0,8.589667324000061,53.57258621700004,Lehe,Buschkämpen
610,12,2023,8,2,9,3,0,1,1,0,0,0,0,0,0,0,8.597311542000057,53.575753391000035,Lehe,Buschkämpen
611,12,2023,8,2,16,3,5,2,1,1,0,0,0,0,0,0,8.598733153000069,53.566560440000046,Lehe,Buschkämpen
618,12,2023,8,1,19,3,0,1,1,0,0,0,0,0,0,0,8.559425597000029,53.58959570800005,Lehe,Buschkämpen
662,12,2023,8,6,7,3,5,3,1,1,0,0,0,0,0,1,8.582085698000071,53.55556085900008,Lehe,Buschkämpen
664,12,2023,8,4,13,3,8,1,1,0,0,0,0,0,0,1,8.591995799000074,53.57637656300005,Lehe,Buschkämpen
670,12,2023,7,2,7,2,0,1,1,0,0,0,0,0,0,1,8.573370968000063,53.56049434100004,Lehe,Buschkämpen
683,12,2023,7,2,16,3,5,3,1,1,0,0,0,0,0,1,8.598949669000035,53.57024331300005,Lehe,Buschkämpen
735,12,2023,7,5,17,3,5,3,1,0,0,0,0,1,0,0,8.59152191000004,53.572136184000044,Lehe,Buschkämpen
737,12,2023,7,4,13,3,5,2,1,1,0,0,0,0,0,1,8.590360687000043,53.56546276500006,Lehe,Buschkämpen
754,12,2023,10,6,17,3,5,3,1,1,0,0,0,0,0,0,8.59297940600004,53.55843620300004,Lehe,Buschkämpen
755,12,2023,7,7,11,3,5,2,1,1,0,0,0,0,0,1,8.588080324000032,53.56271248300004,Lehe,Buschkämpen
780,12,2023,6,6,2,3,1,1,1,1,0,0,0,0,2,1,8.583206020000034,53.56443961300005,Lehe,Buschkämpen
820,12,2023,6,5,15,3,3,6,1,1,0,0,0,0,0,0,8.589741944000025,53.559110230000044,Lehe,Buschkämpen
829,12,2023,6,4,17,3,5,3,1,1,0,0,0,0,0,0,8.597950661000027,53.58105139800006,Lehe,Buschkämpen
841,12,2023,6,2,18,3,5,2,1,1,0,0,0,0,0,0,8.601293927000029,53.57350000200006,Lehe,Buschkämpen
847,12,2023,6,6,16,3,5,3,1,1,0,0,0,0,0,0,8.585880127000053,53.58218485800006,Lehe,Buschkämpen
853,12,2023,6,5,14,3,5,2,1,1,0,0,0,0,0,0,8.597949236000034,53.57986300300007,Lehe,Buschkämpen
877,12,2023,6,2,17,3,5,2,1,1,0,0,0,0,0,0,8.582751795000036,53.55407400200005,Lehe,Buschkämpen
885,12,2023,6,7,20,3,5,2,1,1,0,0,0,0,0,0,8.596567078000021,53.57229075500004,Lehe,Buschkämpen
911,12,2023,8,7,22,3,2,6,1,1,0,0,0,0,2,0,8.599324075000027,53.57021883200008,Lehe,Buschkämpen
937,12,2023,12,2,10,3,0,7,1,0,0,0,0,1,0,1,8.593095710000057,53.559123241000066,Lehe,Buschkämpen
939,12,2023,12,6,17,3,6,4,1,0,1,0,0,0,2,1,8.586091641000053,53.56116680900004,Lehe,Buschkämpen
955,12,2023,12,4,20,3,5,3,1,1,0,0,0,0,2,0,8.585939831000076,53.56430997700005,Lehe,Buschkämpen
967,12,2023,12,6,18,3,5,3,1,1,0,0,0,0,2,1,8.59327139000004,53.55552510500007,Lehe,Buschkämpen
968,12,2023,12,6,6,3,0,1,1,0,0,0,0,0,2,2,8.597171590000073,53.57514966000008,Lehe,Buschkämpen
970,12,2023,12,5,12,2,0,1,1,0,0,0,0,0,0,2,8.598022031000028,53.57076676600008,Lehe,Buschkämpen
982,12,2023,11,6,22,3,5,3,1,1,0,0,0,0,2,0,8.595140032000074,53.57205669700005,Lehe,Buschkämpen
991,12,2023,11,5,6,3,5,3,1,1,0,0,0,0,2,1,8.599652276000029,53.56703400100008,Lehe,Buschkämpen
1015,12,2023,11,5,14,2,6,4,1,0,1,0,0,0,0,1,8.59979686500003,53.567967149000026,Lehe,Buschkämpen
1020,12,2023,11,3,12,3,5,3,1,1,0,0,0,0,0,1,8.585967981000067,53.55924785600007,Lehe,Buschkämpen
1058,12,2023,9,5,13,3,5,3,1,1,0,0,0,0,0,0,8.587360643000068,53.56631263000003,Lehe,Buschkämpen
74,11,2016,3,6,8,3,0,7,1,0,0,0,0,0,0,0,8.880867902,53.076783503,Vahr,Neue Vahr Südwest
109,11,2016,3,3,17,3,5,3,1,1,0,0,0,0,0,1,8.877636687,53.08027857,Vahr,Neue Vahr Südwest
256,11,2016,5,3,9,3,5,3,1,1,0,0,0,0,0,0,8.880340319,53.082418399,Vahr,Neue Vahr Südwest
272,11,2016,6,2,13,3,5,3,1,1,0,0,0,0,0,0,8.877097092,53.080864048,Vahr,Neue Vahr Südwest
389,11,2016,5,6,12,2,5,3,1,1,0,0,0,0,0,0,8.886658259,53.07920624,Vahr,Neue Vahr Südwest
557,11,2016,7,6,8,3,5,2,1,1,0,0,0,0,0,0,8.875996975,53.082133592,Vahr,Neue Vahr Südwest
572,11,2016,8,4,7,3,5,3,1,1,0,0,0,0,0,1,8.880681714,53.078969938,Vahr,Neue Vahr Südwest
604,11,2016,8,4,9,3,5,3,1,1,0,0,0,0,0,0,8.880338664,53.0824284,Vahr,Neue Vahr Südwest
692,11,2016,7,2,17,3,5,2,1,1,0,0,0,0,0,0,8.876597124,53.081389183,Vahr,Neue Vahr Südwest
802,11,2016,9,6,16,3,5,2,1,1,0,0,0,0,0,0,8.878094108,53.082300661,Vahr,Neue Vahr Südwest
884,11,2016,9,2,12,3,5,3,1,1,0,0,0,0,0,0,8.877441137,53.080490671,Vahr,Neue Vahr Südwest
1106,11,2016,12,3,11,3,5,3,1,1,0,0,0,0,0,0,8.88034166,53.082410299,Vahr,Neue Vahr Südwest
51,11,2017,1,4,17,3,5,3,1,1,0,0,0,0,1,2,8.877307251000047,53.08224973800003,Vahr,Neue Vahr Südwest
155,11,2017,2,3,15,3,5,3,1,1,0,0,0,0,0,0,8.880340901000068,53.07897347800008,Vahr,Neue Vahr Südwest
180,11,2017,2,4,16,3,5,3,1,1,0,0,0,0,0,0,8.892270073000077,53.07942376600005,Vahr,Neue Vahr Südwest
249,11,2017,4,4,7,3,5,3,1,1,0,0,0,0,0,0,8.882060555000066,53.07909741200007,Vahr,Neue Vahr Südwest
304,11,2017,3,5,4,2,0,7,1,0,0,0,0,0,2,1,8.884662830000025,53.07896277700007,Vahr,Neue Vahr Südwest
316,11,2017,3,3,22,3,0,1,1,0,0,0,0,0,2,0,8.877716766000049,53.08019217600008,Vahr,Neue Vahr Südwest
355,11,2017,6,4,15,3,5,3,1,1,0,0,0,0,0,1,8.878352611000025,53.079519893000054,Vahr,Neue Vahr Südwest
374,11,2017,6,6,10,3,5,3,1,1,0,0,0,0,0,0,8.890905534000069,53.08144239500007,Vahr,Neue Vahr Südwest
494,11,2017,7,4,16,2,5,3,1,1,0,0,0,0,0,0,8.882049123000058,53.079097525000066,Vahr,Neue Vahr Südwest
571,11,2017,7,3,9,3,5,2,1,0,0,0,0,1,0,0,8.88615148100007,53.078957176000074,Vahr,Neue Vahr Südwest
762,11,2017,8,2,19,3,5,3,1,1,0,0,0,0,0,0,8.880342584000061,53.08240471500005,Vahr,Neue Vahr Südwest
879,11,2017,11,5,13,3,5,3,1,1,0,0,0,0,0,0,8.883905034000065,53.07909507100004,Vahr,Neue Vahr Südwest
924,11,2017,10,5,14,3,5,3,1,1,0,0,0,0,0,0,8.882032856000023,53.07909768500008,Vahr,Neue Vahr Südwest
1005,11,2017,10,3,12,3,5,3,1,1,0,0,0,0,0,0,8.881070395000052,53.08065200500005,Vahr,Neue Vahr Südwest
1019,11,2017,10,5,6,3,4,2,1,0,0,0,0,1,2,1,8.880308133000028,53.08244101500003,Vahr,Neue Vahr Südwest
161,11,2018,5,4,7,3,5,3,1,1,0,0,0,0,0,0,8.87886502400005,53.079099255000074,Vahr,Neue Vahr Südwest
192,11,2018,4,4,5,3,5,3,1,1,0,0,0,0,2,0,8.875944272000027,53.08213190300006,Vahr,Neue Vahr Südwest
281,11,2018,3,3,19,3,5,3,1,1,0,0,0,0,0,0,8.877016525000045,53.08094297100007,Vahr,Neue Vahr Südwest
303,11,2018,5,2,14,3,5,2,1,1,0,0,0,0,0,0,8.891969968000069,53.08034370300004,Vahr,Neue Vahr Südwest
427,11,2018,6,1,18,3,5,2,1,1,0,0,0,0,0,0,8.875920690000044,53.082226656000046,Vahr,Neue Vahr Südwest
746,11,2018,8,6,8,3,0,7,1,0,0,0,0,0,0,0,8.889967341000045,53.07919135700007,Vahr,Neue Vahr Südwest
783,11,2018,8,6,20,3,5,2,1,1,0,0,0,0,0,1,8.883875119000038,53.07909469000003,Vahr,Neue Vahr Südwest
837,11,2018,8,3,15,3,5,3,1,1,0,0,0,0,0,0,8.886660446000064,53.079184120000036,Vahr,Neue Vahr Südwest
888,11,2018,9,7,12,3,5,3,1,1,0,0,0,0,0,0,8.882046118000062,53.07909772900007,Vahr,Neue Vahr Südwest
1101,11,2018,11,2,16,3,5,3,1,1,0,0,0,0,0,0,8.88205360400002,53.07919971700005,Vahr,Neue Vahr Südwest
102,11,2019,1,3,7,3,5,3,1,1,0,0,0,0,0,1,8.880352512000059,53.08240994400006,Vahr,Neue Vahr Südwest
332,11,2019,5,2,16,3,5,2,1,1,0,0,0,0,0,0,8.882070025000075,53.07909759200004,Vahr,Neue Vahr Südwest
381,11,2019,4,2,16,3,4,6,1,0,0,0,0,0,0,0,8.881989608000026,53.07554024700005,Vahr,Neue Vahr Südwest
434,11,2019,6,3,15,3,5,2,1,1,0,0,0,0,0,0,8.875976800000046,53.08213294600006,Vahr,Neue Vahr Südwest
541,11,2019,5,6,13,3,5,2,1,1,0,0,0,0,0,0,8.884822709000048,53.078968762000045,Vahr,Neue Vahr Südwest
713,11,2019,7,3,10,3,5,3,1,1,0,0,0,0,0,0,8.886652094000056,53.07918376100008,Vahr,Neue Vahr Südwest
756,11,2019,9,5,11,3,5,3,1,1,0,0,0,0,0,0,8.878335910000033,53.07955018300004,Vahr,Neue Vahr Südwest
788,11,2019,9,4,19,3,5,3,1,1,0,0,0,0,1,1,8.876568795000026,53.08141813000003,Vahr,Neue Vahr Südwest
889,11,2019,9,4,6,3,0,2,1,1,0,0,0,0,2,1,8.876591004000034,53.081394560000035,Vahr,Neue Vahr Südwest
914,11,2019,11,2,16,3,5,3,1,1,0,0,0,0,1,1,8.879678112000022,53.07812195100007,Vahr,Neue Vahr Südwest
924,11,2019,11,6,9,3,0,1,1,0,0,0,0,0,0,0,8.884101199000042,53.07895391800008,Vahr,Neue Vahr Südwest
1027,11,2019,11,2,16,3,5,3,1,1,0,0,0,0,2,1,8.877090850000059,53.08086409100008,Vahr,Neue Vahr Südwest
1134,11,2019,12,1,0,2,5,3,1,0,0,0,0,1,2,0,8.878941370000064,53.078927014000044,Vahr,Neue Vahr Südwest
12,11,2020,1,2,13,3,5,3,1,1,0,0,0,0,0,1,8.87592919900004,53.082193922000044,Vahr,Neue Vahr Südwest
16,11,2020,1,2,9,3,5,3,1,0,0,0,0,1,0,1,8.87711327300002,53.08084029400004,Vahr,Neue Vahr Südwest
64,11,2020,1,3,6,3,5,2,1,1,0,0,0,0,2,1,8.87894387700004,53.078924408000034,Vahr,Neue Vahr Südwest
85,11,2020,1,2,17,3,5,3,1,1,0,0,0,0,2,0,8.87762521600007,53.08029895300007,Vahr,Neue Vahr Südwest
116,11,2020,1,6,9,3,5,3,1,1,0,0,0,0,0,0,8.88072349500004,53.08105813200007,Vahr,Neue Vahr Südwest
136,11,2020,2,5,14,3,5,2,1,1,0,0,0,0,0,0,8.875928894000026,53.08218691700006,Vahr,Neue Vahr Südwest
454,11,2020,5,5,15,3,0,7,1,0,0,0,0,0,0,0,8.876039972000058,53.08200485300006,Vahr,Neue Vahr Südwest
728,11,2020,9,6,20,3,0,7,1,0,1,0,0,0,2,0,8.886527098000045,53.07903513600007,Vahr,Neue Vahr Südwest
763,11,2020,9,6,11,3,5,3,1,1,0,0,0,0,0,0,8.882047724000074,53.07911960200005,Vahr,Neue Vahr Südwest
785,11,2020,10,5,15,3,5,2,1,1,0,0,0,0,0,1,8.87610543900007,53.082137068000065,Vahr,Neue Vahr Südwest
843,11,2020,10,4,15,3,5,2,1,1,0,0,0,0,0,0,8.877617521000047,53.08030705900006,Vahr,Neue Vahr Südwest
1008,11,2020,11,6,8,2,5,3,1,1,0,0,0,0,0,0,8.886633913000026,53.07918298000004,Vahr,Neue Vahr Südwest
1079,11,2020,11,3,16,3,5,3,1,1,0,0,0,0,1,0,8.882065374000035,53.07909761900004,Vahr,Neue Vahr Südwest
83,11,2021,3,6,16,3,5,3,1,1,0,0,0,0,0,1,8.88035488600002,53.082405136000034,Vahr,Neue Vahr Südwest
90,11,2021,6,3,21,3,5,3,1,1,0,0,0,0,0,0,8.877635371000054,53.08028825300005,Vahr,Neue Vahr Südwest
548,11,2021,8,2,10,3,5,3,1,1,0,0,0,0,0,0,8.880665601000032,53.08111807200004,Vahr,Neue Vahr Südwest
575,11,2021,11,3,7,3,0,7,1,0,0,0,0,0,1,1,8.89007945000003,53.08223948400007,Vahr,Neue Vahr Südwest
692,11,2021,8,6,14,3,5,3,1,1,0,0,0,0,0,1,8.880349443000057,53.08241616300006,Vahr,Neue Vahr Südwest
85,11,2022,4,3,17,3,5,3,1,1,0,0,0,0,0,1,8.87832754300007,53.079558998,Vahr,Neue Vahr Südwest
176,11,2022,7,3,13,3,6,6,1,0,1,0,0,0,0,0,8.89105149800002,53.0812429090001,Vahr,Neue Vahr Südwest
216,11,2022,6,5,19,3,3,2,1,1,0,0,0,0,0,0,8.87658463700006,53.0814013180001,Vahr,Neue Vahr Südwest
344,11,2022,6,1,8,3,5,3,1,1,0,0,0,0,0,0,8.87656287300007,53.0814244150001,Vahr,Neue Vahr Südwest
429,11,2022,2,4,15,3,5,2,1,1,0,0,0,0,0,1,8.87608502500007,53.082136414,Vahr,Neue Vahr Südwest
512,11,2022,3,4,14,3,5,3,1,1,0,0,0,0,0,0,8.87659847800006,53.0813866290001,Vahr,Neue Vahr Südwest
735,11,2022,11,5,13,3,5,3,1,1,0,0,0,0,0,0,8.88664485500004,53.0791834500001,Vahr,Neue Vahr Südwest
774,11,2022,9,5,23,3,0,1,1,0,0,0,0,0,2,0,8.89001094800005,53.0822742010001,Vahr,Neue Vahr Südwest
814,11,2022,11,3,16,3,5,3,1,1,0,0,0,0,0,0,8.88208116600003,53.0790975290001,Vahr,Neue Vahr Südwest
898,11,2022,7,4,12,3,5,3,1,1,0,0,0,0,0,0,8.87657890500003,53.081407401,Vahr,Neue Vahr Südwest
917,11,2022,9,4,5,3,5,2,1,1,0,0,0,0,2,0,8.87659670700003,53.081388508,Vahr,Neue Vahr Südwest
1032,11,2022,10,4,19,3,5,3,1,1,0,0,0,0,2,0,8.87703447400003,53.0809239220001,Vahr,Neue Vahr Südwest
102,11,2023,4,5,17,3,6,7,1,0,1,0,0,0,0,0,8.883972799000048,53.07895223400004,Vahr,Neue Vahr Südwest
121,11,2023,4,5,11,3,5,3,1,1,0,0,0,0,0,1,8.889310678000072,53.07916154900005,Vahr,Neue Vahr Südwest
173,11,2023,3,4,17,3,5,3,1,1,0,0,0,0,0,0,8.891077577000033,53.07622563600006,Vahr,Neue Vahr Südwest
210,11,2023,3,3,8,3,5,3,1,1,0,0,0,0,0,1,8.880361649000065,53.08244456300008,Vahr,Neue Vahr Südwest
215,11,2023,3,2,7,3,5,3,1,1,0,0,0,0,0,1,8.877369778000059,53.08056806800005,Vahr,Neue Vahr Südwest
216,11,2023,3,2,6,2,0,1,1,0,0,0,0,0,1,2,8.887709467000036,53.08148831900007,Vahr,Neue Vahr Südwest
246,11,2023,2,4,7,3,5,3,1,1,0,0,0,0,1,0,8.87705035600004,53.080907066000066,Vahr,Neue Vahr Südwest
305,11,2023,1,2,17,3,5,3,1,1,0,0,0,0,2,1,8.883910030000038,53.07909514600004,Vahr,Neue Vahr Südwest
313,11,2023,1,5,19,3,3,6,1,0,0,0,0,1,2,1,8.878821950000031,53.07910989900006,Vahr,Neue Vahr Südwest
387,11,2023,10,1,10,3,5,3,1,1,0,0,0,0,0,0,8.880364284000052,53.08237581800006,Vahr,Neue Vahr Südwest
478,11,2023,9,3,19,3,5,2,1,1,0,0,0,0,1,0,8.87894376600002,53.07892452300007,Vahr,Neue Vahr Südwest
545,11,2023,9,6,9,3,5,3,1,1,0,0,0,0,0,0,8.87897683400007,53.07894173200003,Vahr,Neue Vahr Südwest
948,11,2023,12,2,10,3,5,3,1,0,0,0,1,0,0,0,8.880352636000055,53.082409693000045,Vahr,Neue Vahr Südwest
75,11,2016,1,6,22,2,0,7,1,0,0,0,0,0,2,1,8.906857949,53.126436753,,Borgfeld
334,11,2016,6,7,22,3,1,1,1,1,0,0,0,0,2,0,8.904397988,53.12659674,,Borgfeld
511,11,2016,6,4,17,3,4,6,1,0,0,0,0,0,0,0,8.917463837,53.122121558,,Borgfeld
531,11,2016,6,4,16,3,0,7,1,0,0,0,0,0,0,0,8.983194998,53.125618079,,Borgfeld
623,11,2016,8,3,14,3,5,3,1,1,0,0,0,0,0,0,8.898528152,53.119941809,,Borgfeld
726,11,2016,9,3,12,3,5,3,1,1,0,0,0,0,0,0,8.962455609,53.133095756,,Borgfeld
767,11,2016,9,7,10,3,5,3,1,1,0,0,0,0,0,0,8.892679595,53.129241236,,Borgfeld
770,11,2016,9,2,16,2,1,5,1,1,0,0,0,0,0,0,8.899246936,53.134485013,,Borgfeld
1136,11,2016,11,4,11,3,8,1,1,0,0,0,0,0,0,0,8.899000159,53.126872057,,Borgfeld
63,11,2017,1,3,16,3,5,2,1,1,0,0,0,0,1,1,8.899940737000065,53.123427708000065,,Borgfeld
477,11,2017,5,6,11,2,0,1,1,0,0,0,0,0,0,0,8.901627443000052,53.125264438000045,,Borgfeld
480,11,2017,5,5,13,3,4,2,1,0,0,0,0,0,0,0,8.913178822000077,53.119445581000036,,Borgfeld
526,11,2017,7,7,10,3,0,1,1,0,0,0,0,0,0,0,8.898488747000044,53.13467503900006,,Borgfeld
528,11,2017,7,6,14,3,0,7,1,0,0,0,0,0,0,0,8.978498029000036,53.13074098700008,,Borgfeld
754,11,2017,8,1,11,3,2,6,1,1,0,0,0,0,0,0,8.902563581000038,53.12703502200003,,Borgfeld
807,11,2017,8,2,17,3,5,2,1,1,0,0,0,0,0,0,8.89868013000006,53.12732854500007,,Borgfeld
843,11,2017,8,2,6,2,5,3,1,0,0,0,0,0,0,0,8.89257438900006,53.12927638700006,,Borgfeld
844,11,2017,8,2,17,3,4,6,1,0,0,0,0,1,0,0,8.907225438000069,53.12078639200007,,Borgfeld
930,11,2017,9,5,20,2,5,3,1,0,0,0,0,0,1,1,8.892655448000028,53.12924942400008,,Borgfeld
984,11,2017,9,3,7,2,5,7,1,0,0,0,0,1,0,0,8.904489727000055,53.10948767900004,,Borgfeld
1032,11,2017,10,1,12,3,0,6,1,0,0,0,0,0,0,1,8.891367655000067,53.129627629000026,,Borgfeld
10,11,2018,1,6,6,3,5,3,1,1,0,0,0,0,2,2,8.899956749000069,53.12368824500004,,Borgfeld
135,11,2018,3,5,15,3,5,3,1,1,0,0,0,0,0,0,8.898359640000024,53.11996260600006,,Borgfeld
229,11,2018,4,5,17,3,5,2,1,1,0,0,0,0,0,0,8.899193185000058,53.12083374900004,,Borgfeld
340,11,2018,5,3,10,3,5,3,1,1,0,0,0,0,0,0,8.902613135000024,53.12676357200007,,Borgfeld
357,11,2018,5,4,8,3,5,2,1,1,0,0,0,0,0,0,8.898926462000077,53.12748678500003,,Borgfeld
571,11,2018,6,6,10,3,5,3,1,1,0,0,0,0,0,0,8.90070557000007,53.12077094800003,,Borgfeld
656,11,2018,8,4,7,3,5,3,1,1,0,0,0,0,0,0,8.898549400000036,53.119926064000026,,Borgfeld
991,11,2018,9,5,16,3,5,3,1,1,0,1,0,0,0,0,8.89813953600003,53.12746276400003,,Borgfeld
16,11,2019,1,3,15,3,3,3,1,1,0,0,0,0,0,1,8.902614460000052,53.12677938000007,,Borgfeld
53,11,2019,2,4,13,3,0,7,1,0,0,0,0,0,0,0,8.90580138200005,53.114511598000036,,Borgfeld
118,11,2019,1,5,7,3,0,7,1,0,0,0,0,0,2,1,8.891043443000058,53.13229352600007,,Borgfeld
185,11,2019,4,1,15,2,3,6,1,1,0,0,0,0,0,0,8.91362941400007,53.12339939700007,,Borgfeld
252,11,2019,4,5,17,3,0,7,1,1,0,0,0,0,0,0,8.899066186000027,53.129750426000044,,Borgfeld
477,11,2019,6,1,18,3,5,3,1,0,0,0,0,0,0,0,8.907114568000054,53.12071200100007,,Borgfeld
637,11,2019,7,4,10,3,5,3,1,1,0,0,0,0,0,0,8.90478175100003,53.11918951900003,,Borgfeld
663,11,2019,7,3,14,2,0,7,1,0,0,0,0,0,0,0,8.897441826000033,53.118699080000056,,Borgfeld
888,11,2019,8,4,7,3,0,7,1,0,0,0,0,0,0,0,8.89995403000006,53.123472469000035,,Borgfeld
1085,11,2019,12,2,14,3,5,3,1,1,0,0,0,0,0,0,8.894131599000048,53.12878318700007,,Borgfeld
68,11,2020,1,6,8,3,5,3,1,1,0,0,0,0,0,1,8.898485211000036,53.13465257100006,,Borgfeld
160,11,2020,5,5,12,3,5,3,1,1,0,0,0,0,0,0,8.898529512000039,53.11990551900004,,Borgfeld
227,11,2020,3,2,15,3,5,3,1,1,0,0,0,0,0,0,8.891945315000044,53.12735742900003,,Borgfeld
252,11,2020,3,6,13,3,5,2,1,1,0,0,0,0,0,1,8.898954924000066,53.12857801600006,,Borgfeld
353,11,2020,6,5,12,3,0,7,1,0,0,0,0,0,0,0,8.898563738000064,53.13465378200004,,Borgfeld
362,11,2020,6,5,20,2,4,6,1,0,0,0,0,1,0,0,8.931100488000027,53.13739671700006,,Borgfeld
463,11,2020,5,2,7,3,5,2,1,0,0,0,0,0,0,0,8.89977192400005,53.12130674900004,,Borgfeld
496,11,2020,5,7,18,3,5,3,1,0,0,0,0,1,0,0,8.899019131000045,53.12975531500007,,Borgfeld
575,11,2020,7,2,13,3,3,6,1,1,0,0,0,0,0,0,8.91065982300006,53.12439972200008,,Borgfeld
729,11,2020,9,1,18,2,4,2,1,0,0,0,0,0,0,0,8.911795939000058,53.12391086000008,,Borgfeld
777,11,2020,10,6,11,3,0,7,1,0,0,0,0,0,0,0,8.901987209000026,53.12571862200008,,Borgfeld
853,11,2020,10,5,10,3,3,6,1,0,0,0,0,0,0,0,8.917613392000021,53.121887342000036,,Borgfeld
955,11,2020,11,2,16,3,5,3,1,1,0,0,0,0,1,0,8.90261070200006,53.12673453300005,,Borgfeld
26,11,2021,2,7,11,3,5,3,1,0,0,0,0,0,0,0,8.891204715000072,53.13209022400008,,Borgfeld
59,11,2021,2,6,12,3,0,7,1,0,0,0,0,0,0,0,8.899992874000077,53.12255788300007,,Borgfeld
61,11,2021,6,5,17,3,5,3,1,1,0,0,0,0,0,0,8.898558352000066,53.11993531300004,,Borgfeld
145,11,2021,4,7,12,3,0,7,1,0,0,0,0,0,0,0,8.900678069000037,53.127248060000056,,Borgfeld
176,11,2021,7,2,11,3,0,7,1,0,0,0,0,1,0,0,8.904778251000039,53.11910170800007,,Borgfeld
243,11,2021,5,2,11,3,3,6,1,1,0,0,0,0,0,0,8.902445028000045,53.12741898500008,,Borgfeld
461,11,2021,7,4,17,3,0,7,1,0,0,0,0,0,0,0,8.898930281000048,53.128360773000054,,Borgfeld
480,11,2021,6,2,17,3,1,7,1,1,0,0,0,0,0,0,8.90934239400002,53.12477550400007,,Borgfeld
489,11,2021,5,2,18,3,5,3,1,1,0,0,0,0,0,0,8.904809667000052,53.12275342200007,,Borgfeld
761,11,2021,8,2,17,3,5,3,1,1,0,0,0,0,0,0,8.902612815000055,53.12675974200005,,Borgfeld
273,11,2022,7,5,15,3,5,3,1,1,0,0,0,0,0,0,8.90015308400007,53.124129619,,Borgfeld
621,11,2022,10,1,17,3,4,6,1,0,0,0,0,0,0,0,8.89180880300006,53.1320133250001,,Borgfeld
682,11,2022,10,6,11,3,5,3,1,1,0,0,0,0,0,0,8.89960363900008,53.1210712720001,,Borgfeld
692,11,2022,11,3,16,3,5,3,1,1,0,0,0,0,0,0,8.89855044000007,53.119927138,,Borgfeld