,UKREIS,UJAHR,UMONAT,UWOCHENTAG,USTUNDE,UKATEGORIE,UART,UTYP1,IstRad,IstPKW,IstFuss,IstKrad,IstGkfz,IstSonstig,ULICHTVERH,STRZUSTAND,longitude,latitude,Stadtteil,Ortsteil
759,11,2022,11,2,14,3,5,3,1,1,0,0,0,0,0,0,8.89668136100005,53.130473883,,Borgfeld
883,11,2022,10,1,11,3,5,3,1,1,0,0,0,0,0,0,8.89265808100004,53.1292545140001,,Borgfeld
1054,11,2022,9,5,7,3,1,7,1,0,0,0,0,1,1,0,8.91521132000003,53.135679634,,Borgfeld
10,11,2023,5,5,17,3,1,5,1,1,0,0,0,0,0,0,8.903766886000028,53.12461892200008,,Borgfeld
342,11,2023,1,6,8,3,5,2,1,1,0,0,0,0,0,0,8.898606611000048,53.11984156500006,,Borgfeld
590,11,2023,8,2,15,3,3,6,1,1,0,0,0,0,0,0,8.936203865000039,53.13583720400004,,Borgfeld
644,11,2023,9,4,19,3,3,6,1,1,0,0,0,0,0,0,8.921569180000063,53.131758485000034,,Borgfeld
913,11,2023,5,2,14,3,4,6,1,0,0,0,0,0,0,0,8.891066784000031,53.13228821200005,,Borgfeld
1041,11,2023,6,7,16,2,5,3,1,0,0,0,0,0,0,0,8.88957423200003,53.126297641000065,,Borgfeld
78,11,2016,2,1,18,3,4,2,1,1,0,0,0,0,2,0,8.763508815,53.108928882,Gröpelingen,Lindenhof
83,11,2016,2,4,18,2,5,2,1,1,0,0,0,0,2,1,8.767135232,53.111737521,Gröpelingen,Lindenhof
114,11,2016,3,4,9,3,5,2,1,1,0,0,0,0,0,0,8.76082884,53.112974928,Gröpelingen,Lindenhof
290,11,2016,5,2,12,3,5,3,1,1,0,0,0,0,0,0,8.763539727,53.108969906,Gröpelingen,Lindenhof
372,11,2016,6,2,14,3,5,3,1,1,0,0,0,0,0,0,8.752533145,53.112270029,Gröpelingen,Lindenhof
478,11,2016,7,3,14,3,0,7,1,0,0,0,0,0,0,1,8.754007153,53.120333098,Gröpelingen,Lindenhof
522,11,2016,6,3,17,3,0,7,1,1,1,0,0,0,0,0,8.757431226,53.117350989,Gröpelingen,Lindenhof
631,11,2016,8,7,12,3,5,2,1,0,0,0,0,0,0,0,8.759853363,53.113487516,Gröpelingen,Lindenhof
739,11,2016,9,4,15,3,5,3,1,1,0,0,0,0,0,0,8.769643065,53.110399335,Gröpelingen,Lindenhof
760,11,2016,9,3,15,3,0,7,1,0,0,0,0,0,0,0,8.759523606,53.113636427,Gröpelingen,Lindenhof
820,11,2016,9,1,19,3,1,5,1,1,0,0,0,0,0,0,8.761728177,53.114648032,Gröpelingen,Lindenhof
857,11,2016,9,5,13,3,4,6,1,1,0,0,0,0,0,0,8.763962179,53.113109031,Gröpelingen,Lindenhof
17,11,2017,2,6,13,2,5,2,1,1,0,0,0,0,0,1,8.758772127000043,53.11597791500003,Gröpelingen,Lindenhof
90,11,2017,3,6,14,3,0,7,1,0,1,0,0,0,0,0,8.760718540000028,53.11229865800004,Gröpelingen,Lindenhof
156,11,2017,2,3,6,3,5,3,1,1,0,0,0,0,2,1,8.763544323000076,53.108971902000064,Gröpelingen,Lindenhof
244,11,2017,4,5,8,3,5,3,1,1,0,0,0,0,0,0,8.762346716000025,53.11235970300004,Gröpelingen,Lindenhof
342,11,2017,6,5,13,3,5,3,1,1,0,0,0,0,0,0,8.765315069000053,53.11040253500005,Gröpelingen,Lindenhof
603,11,2017,8,4,18,3,1,5,1,1,0,0,0,0,0,0,8.754952611000022,53.11305616100003,Gröpelingen,Lindenhof
665,11,2017,9,5,13,3,5,2,1,1,0,0,0,0,0,1,8.76356286600003,53.10897995000005,Gröpelingen,Lindenhof
751,11,2017,8,3,19,3,5,2,1,1,0,0,0,0,0,0,8.758163631000059,53.116485778000026,Gröpelingen,Lindenhof
794,11,2017,8,3,16,3,6,4,1,0,1,0,0,0,0,0,8.76185545900006,53.11458294100004,Gröpelingen,Lindenhof
959,11,2017,10,6,17,3,3,2,1,1,0,0,0,0,0,0,8.76422351900004,53.11321687100008,Gröpelingen,Lindenhof
1047,11,2017,9,5,9,2,0,7,1,0,0,0,0,0,0,1,8.76470396700006,53.113094483000054,Gröpelingen,Lindenhof
1053,11,2017,9,4,16,2,5,3,1,1,0,0,0,0,0,0,8.765299587000072,53.11038966500007,Gröpelingen,Lindenhof
1126,11,2017,11,5,18,3,0,7,1,1,0,0,0,0,2,0,8.75618938200006,53.11387975700006,Gröpelingen,Lindenhof
110,11,2018,3,1,17,3,5,3,1,1,0,0,0,0,0,0,8.753026464000072,53.118862017000026,Gröpelingen,Lindenhof
199,11,2018,4,2,8,3,0,7,1,0,0,0,0,1,0,1,8.765723337000054,53.10889277200005,Gröpelingen,Lindenhof
249,11,2018,4,5,21,3,6,4,1,1,1,0,0,0,2,0,8.765229314000067,53.11281978300008,Gröpelingen,Lindenhof
353,11,2018,6,6,18,3,5,2,1,1,0,0,0,0,0,0,8.758219616000076,53.11650377900003,Gröpelingen,Lindenhof
493,11,2018,7,6,15,3,1,5,1,1,0,0,0,0,0,0,8.754589332000023,53.11650908200005,Gröpelingen,Lindenhof
496,11,2018,6,5,9,3,5,3,1,0,0,0,0,1,0,0,8.758398532000058,53.115629400000046,Gröpelingen,Lindenhof
507,11,2018,6,5,13,3,5,3,1,1,0,0,0,0,0,0,8.76482955800003,53.10999603100004,Gröpelingen,Lindenhof
642,11,2018,6,3,16,3,5,3,1,1,0,0,0,0,0,0,8.754536264000023,53.11928165100005,Gröpelingen,Lindenhof
697,11,2018,8,5,14,3,5,3,1,1,0,0,0,0,0,0,8.769445113000074,53.110662786000034,Gröpelingen,Lindenhof
795,11,2018,8,6,11,3,5,3,1,1,0,0,0,0,0,0,8.763540324000076,53.10893398700006,Gröpelingen,Lindenhof
820,11,2018,7,2,19,3,5,2,1,1,0,0,0,0,0,0,8.762302009000052,53.11435457700003,Gröpelingen,Lindenhof
1001,11,2018,10,5,11,2,3,6,1,0,0,0,0,0,0,0,8.759503432000031,53.11364553800007,Gröpelingen,Lindenhof
1006,11,2018,10,5,11,3,6,4,1,0,1,0,0,0,0,0,8.759744046000037,53.110193726000034,Gröpelingen,Lindenhof
1106,11,2018,11,5,13,3,5,3,1,0,0,0,0,0,0,0,8.76025871500002,53.11537931400005,Gröpelingen,Lindenhof
213,11,2019,3,6,14,3,5,3,1,1,0,0,0,0,0,0,8.752564850000056,53.11964050700004,Gröpelingen,Lindenhof
349,11,2019,5,4,6,3,5,3,1,1,0,0,0,0,1,0,8.763546490000067,53.10892873200004,Gröpelingen,Lindenhof
549,11,2019,5,4,16,3,5,3,1,0,0,0,0,1,0,0,8.758859613000027,53.115996608000046,Gröpelingen,Lindenhof
680,11,2019,8,6,7,3,5,3,1,1,0,0,0,0,0,1,8.763547108000068,53.10897412000003,Gröpelingen,Lindenhof
782,11,2019,9,5,13,2,5,2,1,1,0,0,0,0,0,0,8.76253080400005,53.11222173800007,Gröpelingen,Lindenhof
821,11,2019,8,4,7,3,5,3,1,1,0,0,0,0,0,0,8.752857839000058,53.11617512600003,Gröpelingen,Lindenhof
76,11,2020,1,5,8,3,5,2,1,1,0,0,0,0,0,0,8.769646301000023,53.110400232000075,Gröpelingen,Lindenhof
155,11,2020,5,7,13,3,5,3,1,1,0,0,0,0,0,1,8.769213561000072,53.110779784000044,Gröpelingen,Lindenhof
518,11,2020,8,7,16,3,5,3,1,1,0,0,0,0,0,0,8.767181569000059,53.11171996000007,Gröpelingen,Lindenhof
534,11,2020,8,7,15,2,0,3,1,0,0,0,0,1,0,0,8.758857822000039,53.11599532200006,Gröpelingen,Lindenhof
672,11,2020,8,4,14,3,6,3,1,0,1,0,0,0,0,0,8.753167696000048,53.114503659000036,Gröpelingen,Lindenhof
778,11,2020,10,2,15,3,0,7,1,0,1,0,0,0,0,0,8.759309131000066,53.115860001000044,Gröpelingen,Lindenhof
833,11,2020,9,3,20,3,0,7,1,0,0,0,0,0,2,0,8.761069020000036,53.11335185900003,Gröpelingen,Lindenhof
846,11,2020,10,6,9,3,5,2,1,1,0,0,0,0,0,0,8.769270181000024,53.110751175000075,Gröpelingen,Lindenhof
959,11,2020,12,7,13,3,5,3,1,1,0,0,0,0,0,1,8.752174297000067,53.11278764800005,Gröpelingen,Lindenhof
1063,11,2020,12,7,21,3,5,2,1,1,0,0,0,0,2,1,8.758855105000066,53.11599337100006,Gröpelingen,Lindenhof
1066,11,2020,11,4,8,3,5,2,1,1,0,0,0,0,0,0,8.763564252000037,53.108984457000076,Gröpelingen,Lindenhof
95,11,2021,4,6,9,3,5,7,1,1,0,0,0,0,0,0,8.757354682000027,53.117417344000046,Gröpelingen,Lindenhof
101,11,2021,6,7,14,3,5,2,1,1,0,0,0,0,0,0,8.758844230000022,53.11598556300004,Gröpelingen,Lindenhof
166,11,2021,4,4,14,3,5,3,1,1,0,0,0,0,0,0,8.759916555000075,53.11398675400005,Gröpelingen,Lindenhof
216,11,2021,6,5,16,3,5,3,1,1,0,0,0,0,0,0,8.76478359500004,53.11291655400004,Gröpelingen,Lindenhof
231,11,2021,1,7,0,2,0,7,1,0,0,0,0,0,2,1,8.758508388000052,53.11640030600006,Gröpelingen,Lindenhof
385,11,2021,2,4,20,3,0,7,1,0,0,0,0,0,2,0,8.754591491000042,53.11594591200003,Gröpelingen,Lindenhof
408,11,2021,4,5,7,3,5,2,1,1,0,0,0,0,0,0,8.758877731000041,53.11600961700003,Gröpelingen,Lindenhof
879,11,2021,11,6,14,3,6,6,1,0,1,0,0,0,0,0,8.757889103000025,53.11520921600004,Gröpelingen,Lindenhof
9,11,2022,7,6,15,3,5,3,1,1,0,0,0,0,0,0,8.75663122400005,53.112296455,Gröpelingen,Lindenhof
269,11,2022,3,1,17,3,3,6,1,0,0,0,0,0,0,0,8.75434128600006,53.120048454,Gröpelingen,Lindenhof
326,11,2022,6,6,15,3,0,2,1,1,0,0,0,0,0,0,8.76544779900007,53.1074264740001,Gröpelingen,Lindenhof
453,11,2022,5,2,12,3,5,3,1,1,0,0,0,0,0,0,8.76354347000006,53.108971927,Gröpelingen,Lindenhof
820,11,2022,10,5,19,3,5,3,1,1,0,0,0,0,2,1,8.76938203600002,53.110584864,Gröpelingen,Lindenhof
850,11,2022,8,5,17,3,5,3,1,0,0,0,0,1,0,0,8.75231718900005,53.113185152,Gröpelingen,Lindenhof
219,11,2023,3,7,10,3,5,3,1,1,0,0,0,0,0,1,8.756991742000025,53.114496978000034,Gröpelingen,Lindenhof
267,11,2023,2,3,11,3,4,6,1,1,0,0,0,0,0,0,8.763695691000066,53.111421430000064,Gröpelingen,Lindenhof
359,11,2023,11,5,8,2,5,2,1,1,0,0,0,0,0,1,8.769633838000061,53.11040783000004,Gröpelingen,Lindenhof
487,11,2023,9,2,18,3,5,3,1,1,0,0,0,0,0,0,8.75234213400006,53.11310262000006,Gröpelingen,Lindenhof
784,11,2023,9,1,20,3,6,4,1,0,1,0,0,0,2,0,8.762197683000068,53.114333240000065,Gröpelingen,Lindenhof
793,11,2023,6,4,7,3,2,6,1,1,0,0,0,0,0,0,8.758647564000057,53.11583480200005,Gröpelingen,Lindenhof
995,11,2023,11,5,15,3,5,3,1,1,0,0,0,0,0,1,8.756311984000035,53.113962127000036,Gröpelingen,Lindenhof
80,11,2016,2,4,18,3,5,3,1,1,0,0,0,0,2,1,8.794903222,53.093939896,Walle,Utbremen
154,11,2016,4,6,11,3,5,3,1,0,0,0,0,1,0,1,8.796629315,53.089221404,Walle,Utbremen
457,11,2016,6,4,7,3,5,2,1,1,0,0,0,0,0,1,8.793406791,53.092474712,Walle,Utbremen
671,11,2016,8,4,8,3,4,6,1,0,0,0,0,0,0,1,8.791901344,53.085743807,Walle,Utbremen
681,11,2016,8,2,8,3,5,2,1,1,0,0,0,0,0,0,8.787484393,53.089916474,Walle,Utbremen
710,11,2016,9,4,19,3,5,3,1,1,0,0,0,0,0,0,8.789252702,53.090129561,Walle,Utbremen
730,11,2016,9,4,7,3,5,3,1,1,0,0,0,0,0,0,8.796303863,53.090580383,Walle,Utbremen
795,11,2016,9,5,16,3,5,7,1,1,0,1,0,0,0,0,8.794148793,53.089119466,Walle,Utbremen
826,11,2016,8,3,8,3,5,3,1,1,0,0,0,0,0,0,8.791454036,53.090986087,Walle,Utbremen
859,11,2016,9,4,14,3,5,3,1,1,0,0,0,0,0,0,8.794912738,53.093951885,Walle,Utbremen
878,11,2016,9,6,5,2,1,5,1,1,0,0,0,0,2,0,8.789408991,53.090190688,Walle,Utbremen
910,11,2016,10,3,7,3,5,3,1,1,0,0,0,0,0,0,8.788625428,53.08813143,Walle,Utbremen
1048,11,2016,10,6,12,3,5,3,1,0,0,0,0,0,0,0,8.795298232,53.087495539,Walle,Utbremen
1081,11,2016,11,4,7,3,0,7,1,1,0,0,0,0,1,1,8.792213248,53.088514008,Walle,Utbremen
1122,11,2016,11,4,14,3,5,2,1,0,0,0,0,1,0,0,8.791253627,53.091519162,Walle,Utbremen
93,11,2017,3,5,13,3,5,3,1,1,0,0,0,0,0,0,8.789643759000057,53.08661641200007,Walle,Utbremen
121,11,2017,3,4,13,3,5,3,1,1,0,0,0,0,0,0,8.794895857000029,53.09393061600008,Walle,Utbremen
324,11,2017,6,3,20,3,3,2,1,1,0,0,0,0,0,0,8.791066435000062,53.091441598000074,Walle,Utbremen
434,11,2017,5,2,15,3,5,2,1,0,0,0,0,1,0,0,8.791456620000076,53.09098241300006,Walle,Utbremen
538,11,2017,7,5,14,3,2,6,1,0,0,0,0,0,0,0,8.79662490800007,53.08922580500007,Walle,Utbremen
882,11,2017,11,5,13,3,5,3,1,1,0,0,0,0,0,0,8.794607729000063,53.09161975400008,Walle,Utbremen
971,11,2017,9,3,19,3,5,3,1,1,0,0,0,0,2,0,8.794901883000023,53.09393821000003,Walle,Utbremen
996,11,2017,11,3,17,3,5,2,1,1,0,0,0,0,2,0,8.794917756000075,53.09395820700007,Walle,Utbremen
1069,11,2017,12,4,15,2,5,3,1,1,0,0,0,0,0,1,8.79490948800003,53.09390323800005,Walle,Utbremen
37,11,2018,1,4,15,3,5,3,1,1,0,0,0,0,0,0,8.796708239000054,53.08920973100004,Walle,Utbremen
112,11,2018,2,5,9,3,5,2,1,1,0,0,0,0,0,0,8.79286730900003,53.091344821000064,Walle,Utbremen
164,11,2018,4,6,8,2,2,6,1,0,0,0,0,0,0,0,8.791126371000075,53.091379594000045,Walle,Utbremen
208,11,2018,4,6,8,3,4,6,1,1,0,0,0,0,0,0,8.794900354000049,53.09393628300006,Walle,Utbremen
277,11,2018,4,5,14,3,5,3,1,0,0,0,0,1,0,1,8.798078297000075,53.09053276800006,Walle,Utbremen
640,11,2018,6,3,14,3,5,3,1,0,0,0,1,0,0,0,8.791246495000053,53.09152879000004,Walle,Utbremen
740,11,2018,7,4,19,2,5,3,1,1,0,0,0,0,0,0,8.786634500000048,53.08939833000005,Walle,Utbremen
1251,11,2018,12,1,10,3,5,2,1,1,0,0,0,0,0,0,8.791770811000049,53.09091568000008,Walle,Utbremen
1287,11,2018,12,5,13,3,5,3,1,0,0,0,0,1,0,0,8.796715063000022,53.08920947300004,Walle,Utbremen
156,11,2019,1,5,11,3,1,5,1,1,0,0,0,0,0,1,8.79180095700002,53.08920598200007,Walle,Utbremen
215,11,2019,3,5,19,3,5,3,1,1,0,0,0,0,2,1,8.793839432000027,53.09195660000006,Walle,Utbremen
231,11,2019,3,5,13,3,0,3,1,1,0,0,0,0,0,0,8.79120201400002,53.09157085500004,Walle,Utbremen
233,11,2019,3,4,15,3,4,2,1,1,0,0,0,0,0,0,8.791210311000043,53.09157547600006,Walle,Utbremen
297,11,2019,5,2,10,3,5,3,1,1,0,0,0,0,0,0,8.791064257000073,53.09150090300005,Walle,Utbremen
439,11,2019,6,2,15,3,5,3,1,1,0,0,0,0,0,0,8.791787916000033,53.09091799400005,Walle,Utbremen
722,11,2019,9,5,7,3,5,2,1,1,0,0,0,0,0,0,8.794899851000025,53.09393120300007,Walle,Utbremen
729,11,2019,9,4,13,3,5,3,1,1,0,0,0,0,0,0,8.79296510200004,53.08906684500005,Walle,Utbremen
852,11,2019,9,5,17,3,5,3,1,1,0,0,0,0,0,1,8.787313625000024,53.087593466000044,Walle,Utbremen
939,11,2019,10,3,9,3,5,3,1,0,0,0,0,1,0,1,8.793175165000036,53.09144788200007,Walle,Utbremen
1098,11,2019,12,5,9,3,0,1,1,0,0,0,0,0,0,1,8.792338279000035,53.08561135600007,Walle,Utbremen
1121,11,2019,12,4,15,3,4,2,1,1,0,0,0,0,0,1,8.785403598000073,53.08873175000008,Walle,Utbremen
1172,11,2019,11,4,9,3,5,3,1,0,0,0,0,0,0,1,8.793327015000045,53.08524216500007,Walle,Utbremen
17,11,2020,1,4,8,3,5,3,1,1,0,0,0,0,0,1,8.793212897000046,53.09251506700008,Walle,Utbremen
451,11,2020,5,2,15,3,4,6,1,0,0,0,0,0,0,0,8.791219864000027,53.09158079700006,Walle,Utbremen
821,11,2020,9,7,20,3,0,7,1,0,0,0,0,0,2,1,8.78572708300004,53.088868081000044,Walle,Utbremen
832,11,2020,9,6,13,2,5,2,1,1,0,0,0,0,0,0,8.787673017000031,53.087459488000036,Walle,Utbremen
835,11,2020,10,2,19,3,5,3,1,1,0,0,0,0,2,0,8.796611101000053,53.08925009500007,Walle,Utbremen
1015,11,2020,12,5,8,2,0,1,1,0,0,0,0,0,1,1,8.793346507000024,53.08870488600007,Walle,Utbremen
242,11,2021,1,2,12,3,4,2,1,1,0,0,0,0,0,1,8.795245386000033,53.09087740700005,Walle,Utbremen
488,11,2021,7,3,22,3,0,7,1,0,0,0,0,0,2,0,8.792342672000075,53.08985312300007,Walle,Utbremen
829,11,2021,8,1,12,2,0,1,1,0,0,0,0,0,0,1,8.795997875000069,53.090000684000074,Walle,Utbremen
860,11,2021,9,2,14,2,5,7,1,1,0,0,0,0,0,0,8.79360870100004,53.08850967400008,Walle,Utbremen
50,11,2022,2,2,17,2,5,3,1,1,0,0,0,0,2,1,8.79474594400006,53.0914694800001,Walle,Utbremen
123,11,2022,7,5,17,3,5,2,1,1,0,0,0,0,0,0,8.79680035600006,53.0892162160001,Walle,Utbremen
133,11,2022,2,4,18,2,5,3,1,0,0,0,0,1,2,0,8.78656906500004,53.0893899450001,Walle,Utbremen
181,11,2022,6,3,16,3,0,7,1,0,0,0,0,1,0,0,8.79105027200006,53.091494611,Walle,Utbremen
264,11,2022,5,3,13,3,5,3,1,0,0,0,0,1,0,0,8.79661783900002,53.0892415960001,Walle,Utbremen
423,11,2022,1,4,20,3,5,2,1,1,0,0,0,0,2,0,8.79121784200004,53.091579671,Walle,Utbremen
534,11,2022,2,6,7,2,5,3,1,0,0,0,1,0,0,0,8.79039714400005,53.0862973580001,Walle,Utbremen
586,11,2022,4,3,14,3,5,3,1,1,0,0,0,0,0,1,8.79271048900006,53.0893992760001,Walle,Utbremen
595,11,2022,10,6,19,3,5,2,1,1,0,0,0,0,2,0,8.79125791400003,53.091601989,Walle,Utbremen
650,11,2022,12,5,15,3,5,3,1,1,0,0,0,0,0,0,8.79117217400005,53.091474168,Walle,Utbremen
792,11,2022,10,3,15,3,5,3,1,0,0,0,0,1,0,0,8.79178756900006,53.087763915,Walle,Utbremen
800,11,2022,10,2,13,3,5,3,1,1,0,0,0,0,0,1,8.78766489900005,53.087453866,Walle,Utbremen
817,11,2022,9,5,15,3,5,3,1,1,0,0,0,0,0,0,8.79671170300003,53.0892169460001,Walle,Utbremen
911,11,2022,8,2,17,3,5,3,1,1,0,0,0,0,0,0,8.78535632700004,53.0887681550001,Walle,Utbremen
955,11,2022,8,2,20,3,0,7,1,0,1,0,0,0,0,0,8.79217264300007,53.08658639,Walle,Utbremen
989,11,2022,12,5,18,3,5,3,1,1,0,0,0,0,2,1,8.79699608600004,53.0892851950001,Walle,Utbremen
993,11,2022,11,2,9,2,5,3,1,1,0,0,0,0,0,0,8.79681941300004,53.086671214,Walle,Utbremen
1009,11,2022,9,5,13,3,5,3,1,1,0,0,0,0,0,0,8.79128373100002,53.091616367,Walle,Utbremen
25,11,2023,5,7,11,3,5,3,1,1,0,0,0,0,0,0,8.793892516000028,53.091783382000074,Walle,Utbremen
256,11,2023,2,5,7,3,3,2,1,1,0,0,0,0,0,0,8.78652794800007,53.088027941000064,Walle,Utbremen
376,11,2023,11,5,13,3,5,3,1,1,0,0,0,0,2,0,8.790303889000029,53.08633569400007,Walle,Utbremen
428,11,2023,10,5,13,3,5,3,1,1,0,0,0,0,0,0,8.794615269000076,53.09162438700008,Walle,Utbremen
463,11,2023,10,1,18,3,5,3,1,1,0,0,0,0,2,0,8.786606904000053,53.08939204900008,Walle,Utbremen
570,11,2023,9,2,16,2,5,3,1,0,0,0,0,0,0,0,8.797974656000065,53.09060056000004,Walle,Utbremen
747,11,2023,7,3,13,3,5,2,1,0,0,0,1,0,0,0,8.791158044000042,53.09154636800008,Walle,Utbremen
792,11,2023,6,4,18,3,5,3,1,1,0,0,0,0,0,0,8.790853468000023,53.08613864800003,Walle,Utbremen
895,11,2023,6,5,11,3,1,5,1,0,0,0,0,1,0,0,8.793624343000033,53.09167565700005,Walle,Utbremen
85,11,2016,2,2,17,3,5,3,1,1,0,0,0,0,0,0,8.951210891,53.06508168,Osterholz,Tenever
115,11,2016,3,5,16,3,0,7,1,0,0,0,0,0,0,0,8.956267167,53.066453751,Osterholz,Tenever
339,11,2016,6,6,14,3,5,3,1,0,0,1,0,0,0,0,8.946518347,53.076582044,Osterholz,Tenever
365,11,2016,6,7,22,3,0,1,1,0,0,0,0,0,2,0,8.954866256,53.075190577,Osterholz,Tenever
430,11,2016,6,6,11,3,5,3,1,1,0,0,0,0,0,0,8.962007831,53.060340102,Osterholz,Tenever
796,11,2016,9,4,17,3,5,3,1,1,0,0,0,0,0,0,8.964611784,53.057582094,Osterholz,Tenever
965,11,2016,11,3,8,3,5,3,1,0,0,0,0,1,0,1,8.964033675,53.061793587,Osterholz,Tenever
139,11,2017,3,2,10,3,5,3,1,1,0,0,0,0,0,0,8.946508425000047,53.076591456000074,Osterholz,Tenever
145,11,2017,3,7,15,3,5,3,1,1,0,0,0,0,0,0,8.957574863000048,53.05744755900008,Osterholz,Tenever
905,11,2017,11,6,22,3,5,3,1,1,0,0,0,0,2,1,8.961588103000054,53.066835311000034,Osterholz,Tenever
922,11,2017,9,6,7,3,5,3,1,1,0,0,0,0,0,0,8.963291943000058,53.057947838000075,Osterholz,Tenever
1060,11,2017,9,4,7,3,5,7,1,1,0,0,0,0,0,0,8.951566193000076,53.06802034300006,Osterholz,Tenever
1093,11,2017,11,3,16,3,5,3,1,1,0,0,0,0,2,1,8.963274259000059,53.057942026000035,Osterholz,Tenever
1097,11,2017,12,6,15,3,5,3,1,1,0,0,0,0,0,1,8.946513597000035,53.07658655000006,Osterholz,Tenever
115,11,2018,3,6,23,3,0,7,1,0,0,0,0,0,2,0,8.960629491000077,53.069433021000066,Osterholz,Tenever
239,11,2018,4,4,10,2,4,6,1,0,0,0,0,0,0,0,8.963364695000053,53.06573758500008,Osterholz,Tenever
708,11,2018,7,2,17,3,5,3,1,1,0,0,0,0,0,0,8.950653224000064,53.06011072600006,Osterholz,Tenever
869,11,2018,10,6,14,3,5,3,1,1,0,0,0,0,0,0,8.961572796000041,53.06674799600006,Osterholz,Tenever
941,11,2018,9,6,17,2,6,4,1,0,1,0,0,0,0,0,8.952205758000048,53.06560142100005,Osterholz,Tenever
19,11,2019,1,2,17,3,6,4,1,0,1,0,0,0,2,1,8.949374662000025,53.06384711700008,Osterholz,Tenever
208,11,2019,3,6,13,2,5,3,1,1,0,0,0,0,0,0,8.963338081000074,53.05750462000003,Osterholz,Tenever
226,11,2019,3,6,11,3,6,4,1,0,1,0,0,0,0,0,8.952382955000076,53.06335850700003,Osterholz,Tenever
309,11,2019,5,5,7,3,5,3,1,1,0,0,0,0,0,0,8.951862875000074,53.072652849000065,Osterholz,Tenever
355,11,2019,5,3,6,3,5,3,1,1,0,0,0,0,0,1,8.964331925000067,53.063194991000046,Osterholz,Tenever
385,11,2019,4,6,19,3,5,3,1,1,0,0,0,0,0,0,8.951138425000067,53.06220462500005,Osterholz,Tenever
404,11,2019,4,1,16,3,1,7,1,1,0,0,0,0,0,0,8.954937733000065,53.066464765000035,Osterholz,Tenever
474,11,2019,6,2,17,2,0,7,1,0,0,0,0,0,0,0,8.955715928000075,53.07600921000005,Osterholz,Tenever
554,11,2019,5,3,13,2,5,2,1,1,0,0,0,0,0,0,8.96362618300003,53.061066717000074,Osterholz,Tenever
753,11,2019,9,6,14,3,5,2,1,1,0,0,0,0,0,0,8.953158590000044,53.066525037000076,Osterholz,Tenever
760,11,2019,9,3,11,3,1,1,1,1,0,0,0,0,0,0,8.961781424000037,53.06131158900007,Osterholz,Tenever
1078,11,2019,9,2,13,3,5,3,1,0,0,1,0,0,0,1,8.951771251000025,53.07259373100004,Osterholz,Tenever
638,11,2020,7,7,13,3,0,7,1,0,1,0,0,0,0,0,8.952870940000025,53.07335545500007,Osterholz,Tenever
691,11,2020,7,3,15,3,0,7,1,0,0,0,0,1,0,1,8.954072322000059,53.06652413000006,Osterholz,Tenever
912,11,2020,10,7,17,3,5,3,1,1,0,0,0,0,1,0,8.949750785000049,53.06418830400003,Osterholz,Tenever
1010,11,2020,12,3,7,3,5,3,1,1,0,0,0,0,1,1,8.964151043000072,53.06231653200007,Osterholz,Tenever
36,11,2021,4,3,16,3,4,2,1,1,0,0,0,0,0,0,8.951253866000059,53.06513020700004,Osterholz,Tenever
89,11,2021,5,2,16,3,1,3,1,1,0,0,0,0,0,0,8.96380197700006,53.05750180000007,Osterholz,Tenever
143,11,2021,5,1,18,3,5,3,1,1,0,0,0,0,0,0,8.955894135000051,53.07614346100007,Osterholz,Tenever
220,11,2021,7,6,13,3,5,3,1,1,0,0,0,0,0,0,8.95183042900004,53.07263368200006,Osterholz,Tenever
271,11,2021,7,7,15,3,5,3,1,1,0,0,0,0,0,0,8.963309008000067,53.057544893000056,Osterholz,Tenever
369,11,2021,6,4,10,3,5,3,1,1,0,0,0,0,0,0,8.946559270000023,53.07662843700007,Osterholz,Tenever
719,11,2021,12,2,8,3,5,3,1,1,0,0,0,0,1,1,8.951857219000033,53.07264950900003,Osterholz,Tenever
825,11,2021,10,6,19,3,5,2,1,1,0,0,0,0,2,0,8.953160715000024,53.066521625000064,Osterholz,Tenever
121,11,2022,5,1,3,2,3,6,1,1,0,0,0,0,2,0,8.95065811100005,53.076401579,Osterholz,Tenever
164,11,2022,3,4,10,3,3,6,1,1,0,0,0,0,0,0,8.95596663100002,53.0765833390001,Osterholz,Tenever
196,11,2022,4,6,7,3,6,4,1,0,1,0,0,0,0,0,8.95144682300003,53.0638594540001,Osterholz,Tenever
208,11,2022,3,6,13,3,5,2,1,1,0,0,0,0,0,0,8.95350075300007,53.074426799,Osterholz,Tenever
318,11,2022,6,7,19,3,0,7,1,0,0,0,0,0,0,0,8.95075734100004,53.061497516,Osterholz,Tenever
402,11,2022,7,7,17,3,0,5,1,1,0,0,0,0,0,0,8.95445333100002,53.0627930200001,Osterholz,Tenever