,UKREIS,UJAHR,UMONAT,UWOCHENTAG,USTUNDE,UKATEGORIE,UART,UTYP1,IstRad,IstPKW,IstFuss,IstKrad,IstGkfz,IstSonstig,ULICHTVERH,STRZUSTAND,longitude,latitude,Stadtteil,Ortsteil
471,11,2022,2,7,19,3,0,7,1,1,0,0,0,0,2,0,8.95474449800003,53.0750521210001,Osterholz,Tenever
732,11,2023,7,6,18,3,5,3,1,1,0,0,0,0,0,0,8.962813962000041,53.06017555100004,Osterholz,Tenever
749,11,2023,7,3,12,3,0,7,1,0,0,0,0,0,0,0,8.951218709000045,53.065116198000055,Osterholz,Tenever
764,11,2023,6,4,19,3,6,4,1,0,1,0,0,0,0,0,8.96148942800005,53.06679530200006,Osterholz,Tenever
842,11,2023,6,2,11,3,5,3,1,1,0,0,0,0,0,0,8.952794739000069,53.06602668600004,Osterholz,Tenever
848,11,2023,8,6,15,2,1,5,1,1,0,0,0,0,0,0,8.951891174000025,53.06816285200006,Osterholz,Tenever
889,11,2023,6,7,18,2,5,3,1,1,0,0,0,0,0,0,8.964278880000052,53.06320186500005,Osterholz,Tenever
940,11,2023,12,5,7,3,5,2,1,1,0,0,0,0,1,1,8.949032702000068,53.06356957000003,Osterholz,Tenever
989,11,2023,11,6,14,2,0,7,1,0,0,0,0,0,0,1,8.962503684000069,53.05877082500007,Osterholz,Tenever
88,11,2016,1,4,18,3,5,2,1,1,0,0,0,0,2,1,8.888109857,53.066530225,Hemelingen,Sebaldsbrück
126,11,2016,3,4,16,2,0,1,1,0,0,0,0,0,0,0,8.901800849,53.075077333,Hemelingen,Sebaldsbrück
164,11,2016,4,6,10,2,5,3,1,1,0,0,0,0,0,0,8.887635199,53.069705466,Hemelingen,Sebaldsbrück
188,11,2016,4,6,16,3,5,3,1,1,0,0,0,0,0,1,8.886323666,53.071535881,Hemelingen,Sebaldsbrück
231,11,2016,3,5,16,3,1,5,1,1,0,0,0,0,0,0,8.904358984,53.0726902,Hemelingen,Sebaldsbrück
280,11,2016,5,3,8,3,1,6,1,0,0,0,0,0,0,0,8.894632069,53.059715038,Hemelingen,Sebaldsbrück
329,11,2016,6,7,12,3,1,5,1,1,0,0,0,0,0,0,8.899429043,53.062114552,Hemelingen,Sebaldsbrück
519,11,2016,6,2,15,3,5,3,1,1,0,0,0,0,0,0,8.88774346,53.069050957,Hemelingen,Sebaldsbrück
602,11,2016,8,4,21,3,4,6,1,1,0,0,0,0,2,0,8.914170484,53.068520967,Hemelingen,Sebaldsbrück
610,11,2016,7,3,14,3,5,3,1,1,0,0,0,0,0,0,8.916459128,53.071289028,Hemelingen,Sebaldsbrück
644,11,2016,8,2,15,3,5,3,1,0,0,0,0,0,0,1,8.912666774,53.055381219,Hemelingen,Sebaldsbrück
661,11,2016,8,4,13,3,3,6,1,1,0,0,0,0,0,0,8.909005793,53.056010076,Hemelingen,Sebaldsbrück
720,11,2016,8,5,5,3,0,1,1,0,0,0,0,0,1,0,8.9034522,53.059549586,Hemelingen,Sebaldsbrück
736,11,2016,9,2,19,3,5,3,1,1,0,0,0,0,1,0,8.910371628,53.071235291,Hemelingen,Sebaldsbrück
749,11,2016,8,5,14,3,5,2,1,1,0,0,0,0,0,0,8.902085133,53.071462923,Hemelingen,Sebaldsbrück
778,11,2016,9,4,16,3,5,3,1,1,0,0,0,0,0,0,8.901473401,53.059425667,Hemelingen,Sebaldsbrück
827,11,2016,8,6,5,3,5,3,1,1,0,0,0,0,1,0,8.914310495,53.065156948,Hemelingen,Sebaldsbrück
835,11,2016,8,3,10,3,5,2,1,1,0,0,0,0,0,0,8.91627251,53.071139538,Hemelingen,Sebaldsbrück
843,11,2016,9,3,5,3,5,2,1,1,0,0,0,0,2,0,8.901608654,53.059354294,Hemelingen,Sebaldsbrück
852,11,2016,9,5,16,3,5,2,1,0,0,0,0,1,0,0,8.896879958,53.059085246,Hemelingen,Sebaldsbrück
853,11,2016,9,4,22,3,5,3,1,1,0,0,0,0,2,0,8.914376284,53.059780033,Hemelingen,Sebaldsbrück
970,11,2016,11,4,16,3,5,3,1,1,0,0,0,0,2,1,8.897650483,53.058945762,Hemelingen,Sebaldsbrück
1014,11,2016,11,2,8,3,5,3,1,1,0,0,0,0,0,0,8.897421758,53.058587462,Hemelingen,Sebaldsbrück
1037,11,2016,11,3,6,3,5,2,1,1,0,0,0,0,1,1,8.900942566,53.05928981,Hemelingen,Sebaldsbrück
1088,11,2016,11,6,8,3,0,3,1,1,0,0,0,0,0,0,8.887926578,53.066877102,Hemelingen,Sebaldsbrück
1153,11,2016,12,2,5,3,5,3,1,0,0,0,0,1,2,1,8.916263072,53.071080995,Hemelingen,Sebaldsbrück
1164,11,2016,11,3,9,3,1,5,1,1,0,0,0,0,0,0,8.88708053,53.062759242,Hemelingen,Sebaldsbrück
36,11,2017,1,4,11,3,5,3,1,1,0,0,0,0,0,0,8.884274577000042,53.07310647700007,Hemelingen,Sebaldsbrück
383,11,2017,5,4,15,3,5,2,1,1,0,0,0,0,0,0,8.886285014000066,53.071545481000044,Hemelingen,Sebaldsbrück
415,11,2017,5,6,18,3,5,3,1,0,0,0,0,0,0,0,8.908195813000077,53.071296861000064,Hemelingen,Sebaldsbrück
418,11,2017,5,6,17,2,5,2,1,1,0,0,0,0,0,0,8.890661238000064,53.06303028000008,Hemelingen,Sebaldsbrück
468,11,2017,5,1,8,3,0,7,1,0,0,0,0,1,0,0,8.89075385800004,53.07144129400007,Hemelingen,Sebaldsbrück
488,11,2017,7,6,8,3,0,1,1,0,0,0,0,0,0,0,8.901981801000034,53.073389794000036,Hemelingen,Sebaldsbrück
580,11,2017,7,7,22,3,0,7,1,1,0,0,0,0,1,0,8.893112964000068,53.060377850000066,Hemelingen,Sebaldsbrück
589,11,2017,6,3,13,3,1,7,1,1,0,0,0,0,0,0,8.900970460000053,53.05929251100008,Hemelingen,Sebaldsbrück
639,11,2017,8,3,18,3,0,1,1,0,0,0,0,0,0,1,8.914352496000049,53.07507523500004,Hemelingen,Sebaldsbrück
667,11,2017,9,4,5,3,5,2,1,1,0,0,0,0,2,1,8.915991205000068,53.071200935000036,Hemelingen,Sebaldsbrück
708,11,2017,8,3,9,3,5,3,1,1,0,0,0,0,0,0,8.89105468300005,53.071472017000076,Hemelingen,Sebaldsbrück
761,11,2017,8,2,9,3,5,2,1,0,0,0,0,1,0,0,8.896867827000051,53.05905988600006,Hemelingen,Sebaldsbrück
841,11,2017,8,2,9,3,5,2,1,1,0,0,0,0,0,0,8.89926743600006,53.05918352100008,Hemelingen,Sebaldsbrück
1085,11,2017,11,2,5,3,5,3,1,1,0,0,0,0,2,1,8.906904626000028,53.07134014500008,Hemelingen,Sebaldsbrück
1088,11,2017,11,2,14,3,5,2,1,1,0,0,0,0,0,1,8.88774353100007,53.06907009300005,Hemelingen,Sebaldsbrück
1148,11,2017,11,4,5,3,5,3,1,1,0,0,0,0,2,1,8.91412279800005,53.06529975500007,Hemelingen,Sebaldsbrück
1178,11,2017,11,5,11,3,5,2,1,1,0,0,0,0,0,1,8.909169463000069,53.056415816000026,Hemelingen,Sebaldsbrück
34,11,2018,1,5,13,3,3,2,1,1,0,0,0,0,0,0,8.88954013600005,53.06166170200004,Hemelingen,Sebaldsbrück
133,11,2018,2,6,12,3,5,3,1,0,0,0,1,0,0,0,8.887977094000064,53.06677648200008,Hemelingen,Sebaldsbrück
235,11,2018,4,5,19,3,5,2,1,1,0,0,0,0,0,0,8.889515802000062,53.06159665200005,Hemelingen,Sebaldsbrück
276,11,2018,4,2,15,3,5,2,1,1,0,0,0,0,0,0,8.884100662000037,53.06358237900008,Hemelingen,Sebaldsbrück
325,11,2018,5,3,16,3,5,3,1,1,0,0,0,0,0,0,8.901463549000027,53.05942573800007,Hemelingen,Sebaldsbrück
341,11,2018,5,2,6,3,1,3,1,1,0,0,0,0,0,0,8.901428151000061,53.059422408000046,Hemelingen,Sebaldsbrück
448,11,2018,5,2,15,3,2,6,1,0,0,0,1,0,0,0,8.894900612000072,53.05964251300003,Hemelingen,Sebaldsbrück
449,11,2018,5,5,22,3,6,4,1,0,1,0,0,0,1,0,8.891599124000038,53.06089569800008,Hemelingen,Sebaldsbrück
584,11,2018,7,5,9,3,5,2,1,1,0,0,0,0,0,0,8.914475851000077,53.05959997400004,Hemelingen,Sebaldsbrück
604,11,2018,6,3,7,3,5,3,1,1,0,0,0,0,0,0,8.916064867000046,53.07116479800004,Hemelingen,Sebaldsbrück
853,11,2018,9,4,15,3,5,3,1,1,0,0,0,0,0,0,8.888055386000076,53.06875518100003,Hemelingen,Sebaldsbrück
865,11,2018,9,4,14,3,4,1,1,1,0,0,0,0,0,1,8.903781724000055,53.05976889800007,Hemelingen,Sebaldsbrück
872,11,2018,9,4,18,3,5,3,1,1,0,0,0,0,0,0,8.891677774000073,53.06295222000006,Hemelingen,Sebaldsbrück
1000,11,2018,10,7,8,3,5,3,1,1,0,0,0,0,0,0,8.88401086600004,53.07340637200008,Hemelingen,Sebaldsbrück
1026,11,2018,9,2,21,3,5,3,1,0,0,0,0,1,2,0,8.886354881000045,53.07151499300005,Hemelingen,Sebaldsbrück
1038,11,2018,9,4,17,3,5,3,1,1,0,0,0,0,0,0,8.909268719000067,53.05956293400004,Hemelingen,Sebaldsbrück
1063,11,2018,10,6,14,3,0,3,1,1,0,0,0,0,0,1,8.893183005000026,53.06025368100006,Hemelingen,Sebaldsbrück
1176,11,2018,11,7,17,3,0,2,1,1,0,0,0,0,2,0,8.91606531800005,53.07117765300006,Hemelingen,Sebaldsbrück
1240,11,2018,10,2,8,3,3,6,1,0,0,0,0,0,0,0,8.911569237000037,53.07122146000006,Hemelingen,Sebaldsbrück
1274,11,2018,12,5,7,3,5,2,1,1,0,0,0,0,2,1,8.886361966000038,53.07152636700005,Hemelingen,Sebaldsbrück
1296,11,2018,12,3,7,2,0,1,1,0,0,0,0,0,1,1,8.906883715000049,53.07144238600006,Hemelingen,Sebaldsbrück
21,11,2019,1,2,17,3,5,3,1,1,0,0,0,0,2,1,8.901449447000061,53.059424412000055,Hemelingen,Sebaldsbrück
44,11,2019,1,5,13,3,5,2,1,1,0,0,0,0,0,0,8.896910710000043,53.059066865000034,Hemelingen,Sebaldsbrück
78,11,2019,2,6,6,3,5,2,1,0,0,0,0,1,1,0,8.898147670000071,53.059252584000035,Hemelingen,Sebaldsbrück
80,11,2019,2,6,12,3,5,2,1,1,0,0,0,0,0,0,8.909311320000029,53.05953985500008,Hemelingen,Sebaldsbrück
321,11,2019,4,7,15,3,1,5,1,1,0,0,0,0,0,0,8.893797051000035,53.06669443900006,Hemelingen,Sebaldsbrück
345,11,2019,5,5,7,3,5,2,1,1,0,0,0,0,0,0,8.906290830000046,53.059585980000065,Hemelingen,Sebaldsbrück
351,11,2019,5,4,7,3,5,3,1,0,0,0,1,0,0,0,8.901498075000063,53.05942898600006,Hemelingen,Sebaldsbrück
359,11,2019,5,2,17,3,5,3,1,1,0,0,0,0,0,1,8.897450629000048,53.05857905400006,Hemelingen,Sebaldsbrück
416,11,2019,6,7,21,3,0,1,1,0,0,0,0,0,0,0,8.90633063000007,53.07136296700003,Hemelingen,Sebaldsbrück
445,11,2019,6,7,10,3,5,3,1,0,0,0,0,1,0,0,8.88747795300003,53.06228803500005,Hemelingen,Sebaldsbrück
480,11,2019,6,1,13,3,0,7,1,0,0,0,0,0,0,0,8.887990543000058,53.066743847000055,Hemelingen,Sebaldsbrück
603,11,2019,8,3,13,3,5,3,1,1,0,0,0,0,0,0,8.889533931000074,53.061654254000075,Hemelingen,Sebaldsbrück
641,11,2019,7,3,10,3,4,6,1,0,0,0,0,0,0,0,8.914374628000076,53.06267834300007,Hemelingen,Sebaldsbrück
710,11,2019,8,6,7,3,5,2,1,1,0,0,0,0,0,1,8.902144516000021,53.07160876700004,Hemelingen,Sebaldsbrück
759,11,2019,9,4,8,3,3,6,1,0,0,0,0,0,0,0,8.89719853500003,53.05923801200004,Hemelingen,Sebaldsbrück
810,11,2019,8,5,16,3,4,2,1,1,0,0,0,0,0,0,8.909201689000042,53.05642462900005,Hemelingen,Sebaldsbrück
834,11,2019,9,6,16,3,5,2,1,1,0,0,0,0,0,0,8.887745016000054,53.06854001600004,Hemelingen,Sebaldsbrück
925,11,2019,11,6,13,3,5,3,1,0,0,0,0,1,0,0,8.896913742000038,53.05907427400007,Hemelingen,Sebaldsbrück
1021,11,2019,11,2,23,3,6,7,1,0,1,0,0,0,2,1,8.889880409000057,53.06147398000007,Hemelingen,Sebaldsbrück
1070,11,2019,10,4,22,3,5,3,1,1,0,0,0,0,2,1,8.914125353000031,53.062680295000064,Hemelingen,Sebaldsbrück
79,11,2020,2,5,19,3,5,2,1,1,0,0,0,0,2,1,8.884142929000063,53.06359900700005,Hemelingen,Sebaldsbrück
161,11,2020,4,4,7,3,0,7,1,0,0,0,0,0,0,0,8.896208278000074,53.05692426100006,Hemelingen,Sebaldsbrück
264,11,2020,2,6,5,3,5,3,1,1,0,0,0,0,2,0,8.884169130000032,53.06362970500004,Hemelingen,Sebaldsbrück
284,11,2020,4,1,17,3,5,2,1,1,0,0,0,0,0,0,8.884166955000069,53.06362715700004,Hemelingen,Sebaldsbrück
296,11,2020,3,2,16,2,5,2,1,1,0,0,0,0,0,1,8.886862712000038,53.06253830500003,Hemelingen,Sebaldsbrück
358,11,2020,6,4,10,3,5,2,1,1,0,0,0,0,0,0,8.882396259000075,53.07508678100004,Hemelingen,Sebaldsbrück
380,11,2020,5,2,13,3,5,2,1,1,0,0,0,0,0,0,8.89690829600005,53.05906096600006,Hemelingen,Sebaldsbrück
384,11,2020,5,2,18,2,5,3,1,1,0,0,0,0,0,0,8.887751963000028,53.06869089500003,Hemelingen,Sebaldsbrück
415,11,2020,6,5,8,3,5,2,1,0,0,0,0,1,0,1,8.902071825000064,53.07159422600006,Hemelingen,Sebaldsbrück
492,11,2020,6,2,14,3,0,7,1,0,0,0,0,0,0,0,8.887091948000034,53.07029530500006,Hemelingen,Sebaldsbrück
510,11,2020,8,4,8,2,1,5,1,1,0,0,0,0,0,0,8.898131226000032,53.06834516300006,Hemelingen,Sebaldsbrück
571,11,2020,7,2,14,3,3,6,1,0,0,0,0,0,0,0,8.884522583000035,53.07284320800005,Hemelingen,Sebaldsbrück
607,11,2020,7,5,7,3,5,2,1,1,0,0,0,0,0,1,8.897721525000065,53.059083412000064,Hemelingen,Sebaldsbrück
636,11,2020,8,4,13,3,0,1,1,0,0,0,0,0,0,0,8.91410167600003,53.05980221600004,Hemelingen,Sebaldsbrück
639,11,2020,8,5,11,2,3,6,1,0,0,0,0,0,0,0,8.909352174000048,53.05873052700008,Hemelingen,Sebaldsbrück
709,11,2020,9,3,15,3,5,3,1,1,0,0,0,0,0,0,8.89994802700005,53.059330156000044,Hemelingen,Sebaldsbrück
847,11,2020,9,3,19,3,3,6,1,0,0,0,0,0,0,0,8.910200897000038,53.071318836000046,Hemelingen,Sebaldsbrück
848,11,2020,10,6,14,3,5,3,1,1,0,0,0,0,0,0,8.884171220000042,53.06363215500005,Hemelingen,Sebaldsbrück
946,11,2020,12,6,13,3,5,2,1,1,0,0,0,0,0,0,8.914080055000056,53.06823841500005,Hemelingen,Sebaldsbrück
948,11,2020,12,2,21,2,5,3,1,1,0,0,0,0,2,0,8.887900240000022,53.06677208800005,Hemelingen,Sebaldsbrück
986,11,2020,11,3,5,3,6,6,1,0,1,0,0,0,2,1,8.887777923000044,53.07154244900005,Hemelingen,Sebaldsbrück
1048,11,2020,11,6,12,3,6,4,1,0,1,0,0,0,0,0,8.916011118000029,53.070875175000026,Hemelingen,Sebaldsbrück
1092,11,2020,12,3,7,3,5,3,1,1,0,0,0,0,2,1,8.897602756000026,53.05881799500003,Hemelingen,Sebaldsbrück
163,11,2021,6,6,15,3,5,3,1,1,0,0,0,0,0,0,8.896912784000051,53.05907193300004,Hemelingen,Sebaldsbrück
187,11,2021,6,2,5,3,5,3,1,1,0,0,0,0,0,1,8.882850619000067,53.07472067900005,Hemelingen,Sebaldsbrück
256,11,2021,4,7,14,2,5,3,1,1,0,0,0,0,0,0,8.906883779000054,53.07144387100004,Hemelingen,Sebaldsbrück
290,11,2021,2,4,5,3,5,3,1,1,0,0,0,0,2,1,8.896104403000038,53.056874280000045,Hemelingen,Sebaldsbrück
363,11,2021,5,2,14,3,5,2,1,1,0,0,0,0,0,0,8.909298221000029,53.05954067500005,Hemelingen,Sebaldsbrück
406,11,2021,1,5,13,3,3,2,1,0,0,0,1,0,0,1,8.914073313000074,53.062679125000045,Hemelingen,Sebaldsbrück
475,11,2021,5,5,14,3,1,5,1,1,0,0,0,0,0,0,8.890183224000054,53.062433663000036,Hemelingen,Sebaldsbrück
508,11,2021,7,3,14,2,5,3,1,1,0,0,0,0,0,0,8.915828641000076,53.070150977000026,Hemelingen,Sebaldsbrück
523,11,2021,11,2,6,3,5,2,1,1,0,0,0,0,2,0,8.914030842000045,53.06823856300008,Hemelingen,Sebaldsbrück
594,11,2021,10,4,17,3,5,3,1,1,0,0,0,0,1,0,8.906884435000052,53.071458860000064,Hemelingen,Sebaldsbrück
647,11,2021,12,4,13,3,5,2,1,1,0,0,0,0,0,1,8.883785519000071,53.073649190000026,Hemelingen,Sebaldsbrück
654,11,2021,12,2,15,3,5,3,1,1,0,0,0,0,0,0,8.889547185000026,53.06167016400008,Hemelingen,Sebaldsbrück
720,11,2021,9,2,11,3,5,2,1,1,0,0,0,0,0,0,8.887640581000028,53.06971054700006,Hemelingen,Sebaldsbrück
762,11,2021,10,1,14,3,0,7,1,0,0,0,0,0,0,1,8.914292684000031,53.067335986000046,Hemelingen,Sebaldsbrück
812,11,2021,12,4,13,3,5,3,1,0,0,0,0,1,0,1,8.88302221300006,53.07474278600006,Hemelingen,Sebaldsbrück
835,11,2021,12,4,20,3,5,2,1,1,0,0,0,0,2,1,8.902044858000068,53.071506455000076,Hemelingen,Sebaldsbrück
863,11,2021,11,3,20,2,1,7,1,1,0,0,0,0,2,1,8.893163113000071,53.06035275600004,Hemelingen,Sebaldsbrück
46,11,2022,6,7,5,3,5,3,1,1,0,0,0,0,0,1,8.90198561800003,53.059394566,Hemelingen,Sebaldsbrück
131,11,2022,4,7,17,3,5,2,1,1,0,0,0,0,0,0,8.88517078200005,53.0721740720001,Hemelingen,Sebaldsbrück
165,11,2022,7,2,12,3,5,2,1,0,0,0,0,1,0,1,8.89690906300007,53.0590628420001,Hemelingen,Sebaldsbrück
189,11,2022,7,2,20,3,1,5,1,1,0,0,0,0,0,1,8.90792478000003,53.0543173230001,Hemelingen,Sebaldsbrück
293,11,2022,6,5,10,2,5,3,1,1,0,0,0,0,0,0,8.89864180900003,53.0607169840001,Hemelingen,Sebaldsbrück
302,11,2022,1,5,14,3,4,6,1,0,0,0,0,0,0,0,8.91451114300003,53.0595983790001,Hemelingen,Sebaldsbrück
304,11,2022,5,5,5,3,5,3,1,1,0,0,0,0,1,0,8.91406412900005,53.0626789190001,Hemelingen,Sebaldsbrück
342,11,2022,1,2,15,3,5,3,1,1,0,0,0,0,0,0,8.88773832200008,53.0683946230001,Hemelingen,Sebaldsbrück
348,11,2022,3,3,7,3,5,3,1,1,0,0,0,0,0,0,8.88799176200007,53.0667408890001,Hemelingen,Sebaldsbrück
435,11,2022,5,3,14,3,5,3,1,1,0,0,0,0,0,0,8.90205124000005,53.072702916,Hemelingen,Sebaldsbrück
526,11,2022,1,2,6,3,5,2,1,1,0,0,0,0,2,1,8.91402581400007,53.0682385740001,Hemelingen,Sebaldsbrück
539,11,2022,3,4,14,3,5,3,1,1,0,0,0,0,0,0,8.88308914500004,53.074751409,Hemelingen,Sebaldsbrück
560,11,2022,6,4,14,3,5,3,1,0,0,0,0,1,0,0,8.91463993700006,53.0595925600001,Hemelingen,Sebaldsbrück
643,11,2022,8,5,13,3,5,3,1,1,0,0,0,0,0,0,8.91440661300004,53.062678761,Hemelingen,Sebaldsbrück
645,11,2022,8,4,9,2,5,2,1,1,0,0,0,0,0,0,8.89257209300007,53.061486992,Hemelingen,Sebaldsbrück
674,11,2022,10,5,7,3,5,2,1,1,0,0,0,0,0,0,8.89886953100006,53.0592775870001,Hemelingen,Sebaldsbrück
726,11,2022,10,2,16,3,5,3,1,0,1,0,0,0,0,0,8.91626538400004,53.0712645150001,Hemelingen,Sebaldsbrück
764,11,2022,8,4,10,3,5,3,1,1,0,0,0,0,0,0,8.88423818000007,53.073147868,Hemelingen,Sebaldsbrück
810,11,2022,10,5,16,3,0,7,1,1,0,0,0,0,0,0,8.90934530600003,53.058798918,Hemelingen,Sebaldsbrück
830,11,2022,12,1,12,3,5,2,1,1,0,0,0,0,0,0,8.88799432000008,53.066734683,Hemelingen,Sebaldsbrück
973,11,2022,11,3,22,3,5,2,1,1,0,0,0,0,2,0,8.91574295700002,53.0598575270001,Hemelingen,Sebaldsbrück
1017,11,2022,12,3,21,3,3,2,1,1,0,0,0,0,2,0,8.88286779700007,53.0745761090001,Hemelingen,Sebaldsbrück
1021,11,2022,9,3,7,3,5,2,1,1,0,0,0,0,0,0,8.89348023900004,53.0715107330001,Hemelingen,Sebaldsbrück
1057,11,2022,8,4,13,2,5,1,1,0,0,0,0,1,0,0,8.90656741600003,53.059522836,Hemelingen,Sebaldsbrück
1075,11,2022,11,3,11,3,5,2,1,0,0,0,1,0,0,0,8.91439633400006,53.059806456,Hemelingen,Sebaldsbrück
71,11,2023,5,4,23,3,5,3,1,1,0,0,0,0,2,0,8.89741086400005,53.05858640400004,Hemelingen,Sebaldsbrück
104,11,2023,4,5,15,2,5,3,1,0,0,0,0,1,0,0,8.894819993000056,53.059788953000066,Hemelingen,Sebaldsbrück
144,11,2023,4,5,18,3,6,4,1,0,1,0,0,0,0,1,8.91523608700004,53.07127773800005,Hemelingen,Sebaldsbrück
218,11,2023,3,2,12,3,0,7,1,0,0,0,0,0,0,0,8.906508779000035,53.052417277000075,Hemelingen,Sebaldsbrück
240,11,2023,2,7,18,3,5,2,1,1,0,0,0,0,2,0,8.882765402000075,53.07467952600007,Hemelingen,Sebaldsbrück
352,11,2023,11,7,14,2,5,3,1,1,0,0,0,0,0,1,8.886332998000057,53.07147986600006,Hemelingen,Sebaldsbrück
418,11,2023,10,2,16,3,0,7,1,1,0,0,0,0,1,0,8.892902140000047,53.06034722800007,Hemelingen,Sebaldsbrück
422,11,2023,10,6,8,3,6,4,1,0,1,0,0,0,0,1,8.893244153000069,53.06032576300004,Hemelingen,Sebaldsbrück
434,11,2023,10,4,6,3,5,2,1,1,0,0,0,0,2,0,8.896902675000035,53.059042531000046,Hemelingen,Sebaldsbrück
492,11,2023,9,6,13,3,5,3,1,1,0,0,0,0,0,0,8.914310767000075,53.06530486400004,Hemelingen,Sebaldsbrück
529,11,2023,9,4,13,3,3,2,1,1,0,0,0,1,0,1,8.892221238000047,53.060576043000026,Hemelingen,Sebaldsbrück
711,11,2023,7,3,8,2,3,6,1,0,0,0,0,0,0,0,8.88799414600004,53.06673510600007,Hemelingen,Sebaldsbrück
716,11,2023,7,3,12,3,3,6,1,1,0,0,0,0,0,0,8.891632979000065,53.06088430700004,Hemelingen,Sebaldsbrück
753,11,2023,7,2,6,3,5,2,1,1,0,0,0,0,0,0,8.897864773000038,53.05932817200005,Hemelingen,Sebaldsbrück
770,11,2023,6,3,20,3,1,7,1,1,0,0,0,0,0,0,8.913311546000045,53.05690294500005,Hemelingen,Sebaldsbrück
822,11,2023,6,5,8,3,0,7,1,1,0,0,0,0,0,0,8.897684251000044,53.05900010400006,Hemelingen,Sebaldsbrück
831,11,2023,6,4,17,2,5,2,1,1,0,0,0,0,0,0,8.901971747000061,53.071611689000065,Hemelingen,Sebaldsbrück
910,11,2023,5,3,13,3,5,2,1,0,0,0,1,0,0,0,8.897305732000063,53.05860583600003,Hemelingen,Sebaldsbrück
1012,11,2023,11,6,21,3,5,3,1,1,0,0,0,0,2,1,8.915596783000069,53.05981019300003,Hemelingen,Sebaldsbrück
1032,11,2023,5,3,9,3,5,3,1,1,0,0,0,0,0,0,8.886158445000035,53.06282545500005,Hemelingen,Sebaldsbrück
1054,11,2023,9,2,7,2,3,6,1,0,0,0,0,0,0,0,8.892472496000039,53.06069561600003,Hemelingen,Sebaldsbrück
89,11,2016,2,2,12,2,5,3,1,1,0,0,0,0,0,1,8.81735424,53.098377297,Findorff,Weidedamm
266,11,2016,5,6,18,3,5,2,1,1,0,0,0,0,0,0,8.809591776,53.095357128,Findorff,Weidedamm
420,11,2016,6,5,9,3,5,2,1,1,0,0,0,0,0,0,8.808350744,53.094749337,Findorff,Weidedamm
498,11,2016,6,3,8,2,0,1,1,0,0,0,0,1,0,1,8.807500574,53.09927347,Findorff,Weidedamm
751,11,2016,9,1,2,3,5,3,1,1,0,0,0,0,2,0,8.812048699,53.097576098,Findorff,Weidedamm
819,11,2016,9,7,9,2,5,3,1,1,1,0,0,0,0,0,8.809050725,53.095048859,Findorff,Weidedamm
823,11,2016,9,3,12,3,5,3,1,1,0,0,0,0,0,0,8.808998165,53.095059499,Findorff,Weidedamm
831,11,2016,9,1,17,3,5,2,1,1,0,0,0,0,0,0,8.808273929,53.094727076,Findorff,Weidedamm
863,11,2016,8,4,13,3,3,2,1,1,0,0,0,0,0,0,8.81446197,53.101160792,Findorff,Weidedamm
946,11,2016,10,5,16,3,0,5,1,0,0,0,0,1,0,0,8.80369947,53.101702804,Findorff,Weidedamm
1059,11,2016,10,5,11,3,5,2,1,1,0,0,0,0,0,0,8.814997118,53.093666866,Findorff,Weidedamm
1060,11,2016,11,4,10,3,6,4,1,0,1,0,0,0,0,1,8.808823863,53.095783613,Findorff,Weidedamm
1155,11,2016,12,4,18,3,0,7,1,0,0,0,0,0,2,1,8.812950315,53.092058338,Findorff,Weidedamm
33,11,2017,1,5,17,3,4,6,1,0,0,0,0,0,2,0,8.80916340500005,53.095163402000026,Findorff,Weidedamm
186,11,2017,2,6,18,3,5,3,1,1,0,0,0,0,2,0,8.802845682000054,53.10137838300005,Findorff,Weidedamm
195,11,2017,5,6,9,3,0,7,1,0,0,0,0,1,0,1,8.810020337000026,53.09905157700007,Findorff,Weidedamm
466,11,2017,5,2,9,3,0,1,1,0,0,0,0,0,0,0,8.81096272600007,53.09251775100006,Findorff,Weidedamm
548,11,2017,7,2,16,3,4,2,1,1,0,0,0,0,0,0,8.814028584000027,53.10041614800008,Findorff,Weidedamm
658,11,2017,6,4,16,3,3,6,1,1,0,0,0,0,0,0,8.811743422000063,53.09852751100004,Findorff,Weidedamm
723,11,2017,8,2,14,3,0,7,1,0,0,0,0,0,0,0,8.813583851000033,53.090390134000074,Findorff,Weidedamm
929,11,2017,10,4,16,3,0,7,1,0,0,0,0,0,0,1,8.80912186200004,53.09889474800008,Findorff,Weidedamm
947,11,2017,10,2,15,3,5,2,1,0,0,0,0,0,0,1,8.816384808000066,53.097208548000026,Findorff,Weidedamm
1075,11,2017,12,6,15,3,6,3,1,0,1,0,0,0,0,1,8.814790278000032,53.091410187000065,Findorff,Weidedamm
1100,11,2017,12,4,7,3,1,1,1,1,0,0,0,0,2,2,8.821566224000037,53.096272345000045,Findorff,Weidedamm
1122,11,2017,12,5,1,3,9,1,1,0,0,0,0,0,2,1,8.809194638000065,53.09900530900006,Findorff,Weidedamm
1125,11,2017,11,5,10,3,3,6,1,0,0,0,0,0,0,1,8.809341676000031,53.099262499000076,Findorff,Weidedamm
1158,11,2017,11,3,9,3,5,3,1,1,0,0,0,0,0,0,8.808042956000065,53.09971948900005,Findorff,Weidedamm
1176,11,2017,11,5,11,3,5,2,1,1,0,0,0,0,0,0,8.810927752000055,53.092546319000064,Findorff,Weidedamm