,UKREIS,UJAHR,UMONAT,UWOCHENTAG,USTUNDE,UKATEGORIE,UART,UTYP1,IstRad,IstPKW,IstFuss,IstKrad,IstGkfz,IstSonstig,ULICHTVERH,STRZUSTAND,longitude,latitude,Stadtteil,Ortsteil
80,11,2018,2,5,9,3,5,3,1,1,0,0,0,0,0,1,8.809496635000073,53.09538961900006,Findorff,Weidedamm
248,11,2018,4,7,20,3,3,6,1,0,0,0,0,0,1,0,8.809766118000027,53.09977795700007,Findorff,Weidedamm
456,11,2018,5,6,15,3,0,1,1,0,0,0,0,0,0,0,8.816678567000054,53.09242227700008,Findorff,Weidedamm
626,11,2018,7,3,13,3,6,7,1,0,1,0,0,0,0,0,8.813440572000047,53.09944647200007,Findorff,Weidedamm
698,11,2018,7,2,14,3,1,7,1,1,0,0,0,0,0,0,8.817494594000038,53.095884599000044,Findorff,Weidedamm
838,11,2018,7,6,10,3,5,3,1,1,0,0,0,0,0,0,8.80285440800003,53.101374760000056,Findorff,Weidedamm
861,11,2018,10,6,9,3,5,3,1,1,0,0,0,0,0,0,8.802868353000065,53.10136896900008,Findorff,Weidedamm
900,11,2018,10,2,14,3,5,3,1,0,0,0,0,1,0,1,8.812296634000063,53.09568973900008,Findorff,Weidedamm
1084,11,2018,11,4,16,3,5,3,1,0,0,0,0,1,1,0,8.81140547900003,53.10106279300004,Findorff,Weidedamm
1250,11,2018,12,2,9,3,5,3,1,1,0,0,0,0,0,1,8.813104101000022,53.09889061000007,Findorff,Weidedamm
1257,11,2018,12,5,18,2,0,7,1,0,0,0,0,0,2,1,8.80957548200007,53.09957196400006,Findorff,Weidedamm
1264,11,2018,12,2,9,3,0,1,1,0,0,0,0,0,0,1,8.813722398000039,53.09145464800008,Findorff,Weidedamm
190,11,2019,4,5,8,3,0,7,1,1,0,0,0,0,0,0,8.814518875000033,53.09403197700004,Findorff,Weidedamm
440,11,2019,6,2,14,3,2,6,1,1,0,0,0,0,0,0,8.808275868000067,53.094627985000045,Findorff,Weidedamm
484,11,2019,6,7,15,3,4,6,1,0,0,0,0,0,0,0,8.809903900000052,53.09569616200008,Findorff,Weidedamm
594,11,2019,8,4,7,3,5,2,1,1,0,0,0,0,0,0,8.808273029000077,53.094717296000056,Findorff,Weidedamm
642,11,2019,7,3,9,3,3,2,1,1,0,0,0,0,0,0,8.802864240000076,53.10137053500006,Findorff,Weidedamm
769,11,2019,9,7,23,2,0,1,1,0,0,0,0,0,2,1,8.816937683000049,53.09704901500004,Findorff,Weidedamm
859,11,2019,8,6,14,3,6,4,1,0,1,0,0,0,0,0,8.808303846000058,53.09472447200005,Findorff,Weidedamm
902,11,2019,11,5,17,3,5,3,1,0,0,0,0,1,2,1,8.808262825000043,53.094637685000066,Findorff,Weidedamm
927,11,2019,11,6,13,3,4,6,1,0,0,0,0,0,0,1,8.81220530500002,53.09776035400006,Findorff,Weidedamm
988,11,2019,11,7,14,3,0,7,1,0,0,0,0,0,0,0,8.814009442000042,53.09251716000006,Findorff,Weidedamm
1006,11,2019,10,4,8,2,5,2,1,1,0,0,0,0,0,1,8.807605683000077,53.09981677300004,Findorff,Weidedamm
1022,11,2019,11,2,17,3,5,2,1,1,0,0,0,0,2,1,8.82189479300007,53.095632084000044,Findorff,Weidedamm
1043,11,2019,11,6,7,3,0,7,1,0,0,0,0,0,1,0,8.818802265000045,53.099142733000065,Findorff,Weidedamm
1069,11,2019,11,3,12,3,6,4,1,0,1,0,0,0,0,0,8.816108353000061,53.092826442000046,Findorff,Weidedamm
48,11,2020,1,4,7,3,0,7,1,0,0,0,0,0,1,0,8.809865233000039,53.099103239000044,Findorff,Weidedamm
57,11,2020,2,2,21,2,0,7,1,0,0,0,0,0,2,1,8.813370035000048,53.10206205500003,Findorff,Weidedamm
134,11,2020,2,4,7,3,0,7,1,0,0,0,0,0,0,1,8.814289216000077,53.10079094900004,Findorff,Weidedamm
217,11,2020,3,2,18,3,1,7,1,1,0,0,0,0,0,0,8.809269562000054,53.09488114000004,Findorff,Weidedamm
229,11,2020,4,7,12,3,5,3,1,1,0,0,0,0,0,0,8.808325818000071,53.094729588000064,Findorff,Weidedamm
288,11,2020,2,5,16,3,1,7,1,1,0,0,0,0,0,1,8.805443758000024,53.10048354700007,Findorff,Weidedamm
299,11,2020,3,7,11,3,5,3,1,1,0,0,0,0,0,1,8.805631797000046,53.10064582500007,Findorff,Weidedamm
515,11,2020,8,3,13,3,4,2,1,1,0,0,0,0,0,0,8.808231135000028,53.09466125400007,Findorff,Weidedamm
597,11,2020,8,7,5,3,1,7,1,1,0,0,0,0,2,0,8.821390257000076,53.09568670600004,Findorff,Weidedamm
612,11,2020,8,6,9,3,1,6,1,1,0,0,0,0,0,0,8.81055176500007,53.09542712800004,Findorff,Weidedamm
786,11,2020,9,2,10,3,5,3,1,1,0,0,0,0,0,0,8.812306590000048,53.09570490400006,Findorff,Weidedamm
790,11,2020,10,4,14,3,3,7,1,1,0,0,0,0,0,1,8.814441903000045,53.09075184900007,Findorff,Weidedamm
809,11,2020,9,4,18,3,5,3,1,1,0,0,0,0,0,0,8.811819151000066,53.09736656600006,Findorff,Weidedamm
873,11,2020,10,2,15,3,0,7,1,0,0,0,0,0,0,0,8.816285238000034,53.10003255100003,Findorff,Weidedamm
917,11,2020,10,5,21,3,0,1,1,0,0,0,0,0,2,1,8.818272769000032,53.095521620000056,Findorff,Weidedamm
1075,11,2020,12,3,7,2,4,6,1,0,0,0,0,1,2,1,8.814054247000058,53.10041208400003,Findorff,Weidedamm
37,11,2021,4,7,15,3,4,6,1,1,0,0,0,0,0,0,8.813644830000044,53.09151184600006,Findorff,Weidedamm
86,11,2021,6,3,7,3,5,3,1,0,0,0,0,0,0,0,8.817401521000022,53.09834042600005,Findorff,Weidedamm
118,11,2021,7,7,13,2,0,7,1,0,0,0,0,0,0,0,8.819723408000073,53.09621930600008,Findorff,Weidedamm
233,11,2021,3,7,11,3,0,1,1,0,0,0,0,0,0,0,8.818204631000071,53.09550889500008,Findorff,Weidedamm
323,11,2021,6,6,17,3,5,3,1,1,0,0,0,0,0,0,8.813936357000046,53.10030084400006,Findorff,Weidedamm
622,11,2021,11,4,15,3,5,3,1,1,0,0,0,0,0,0,8.806907507000062,53.09631765700004,Findorff,Weidedamm
655,11,2021,11,5,11,3,5,3,1,1,0,0,0,0,0,1,8.80809290700006,53.09971234000005,Findorff,Weidedamm
728,11,2021,9,6,11,3,5,3,1,1,0,0,0,0,0,0,8.810979282000062,53.09548388600007,Findorff,Weidedamm
846,11,2021,8,3,16,3,5,2,1,1,0,0,0,0,0,0,8.808258671000033,53.09464077500007,Findorff,Weidedamm
859,11,2021,10,3,11,3,4,2,1,1,0,0,0,0,0,0,8.808273712000073,53.09462958800003,Findorff,Weidedamm
883,11,2021,11,5,19,3,5,2,1,1,0,0,0,0,2,0,8.808247383000037,53.09464917000008,Findorff,Weidedamm
906,11,2021,9,6,14,1,0,7,1,0,0,0,0,0,0,0,8.809454588000051,53.102183911000054,Findorff,Weidedamm
257,11,2022,5,1,2,3,0,7,1,0,0,0,0,0,2,1,8.80489127200008,53.1006538930001,Findorff,Weidedamm
272,11,2022,7,3,15,3,3,6,1,0,0,0,0,0,0,0,8.81437537800002,53.10093556,Findorff,Weidedamm
615,11,2022,12,5,19,3,6,4,1,0,1,0,0,0,2,2,8.81044222500003,53.0961407570001,Findorff,Weidedamm
873,11,2022,11,3,9,3,5,2,1,1,0,0,0,0,0,0,8.81310532400005,53.1019488050001,Findorff,Weidedamm
1056,11,2022,8,1,19,3,0,1,1,0,0,0,0,0,0,0,8.81261537500006,53.098242815,Findorff,Weidedamm
87,11,2023,5,4,19,3,5,3,1,0,0,0,0,1,0,0,8.808092040000076,53.09971129500008,Findorff,Weidedamm
112,11,2023,4,3,16,3,2,6,1,1,0,0,0,0,0,0,8.812590484000054,53.098213531000056,Findorff,Weidedamm
154,11,2023,4,5,8,3,4,7,1,1,0,0,0,0,0,0,8.821879642000056,53.09561605400006,Findorff,Weidedamm
191,11,2023,3,4,20,3,7,7,1,0,0,0,0,0,1,0,8.818242422000026,53.098066034000055,Findorff,Weidedamm
324,11,2023,1,5,12,2,5,2,1,1,0,0,0,0,0,0,8.814239428000064,53.10070738300004,Findorff,Weidedamm
325,11,2023,1,5,12,3,5,3,1,1,0,0,0,0,0,0,8.808248054000046,53.094648670000026,Findorff,Weidedamm
389,11,2023,10,7,11,3,3,6,1,1,0,0,0,0,0,0,8.816365277000045,53.09721418400005,Findorff,Weidedamm
399,11,2023,10,4,12,3,5,3,1,1,0,0,0,0,0,1,8.802523892000067,53.10151068000005,Findorff,Weidedamm
409,11,2023,10,5,5,3,5,3,1,1,0,0,0,0,2,1,8.802838379000036,53.10138118300006,Findorff,Weidedamm
481,11,2023,9,3,11,3,2,6,1,1,0,0,0,0,0,0,8.815971888000036,53.09631955100008,Findorff,Weidedamm
511,11,2023,9,2,17,3,1,1,1,0,0,0,0,0,0,0,8.808247387000051,53.09464916700006,Findorff,Weidedamm
557,11,2023,9,4,10,3,4,2,1,1,0,0,0,0,0,0,8.812928287000034,53.10187306300003,Findorff,Weidedamm
571,11,2023,9,2,16,3,3,2,1,1,0,0,0,0,0,0,8.808258616000046,53.09464081600004,Findorff,Weidedamm
638,11,2023,8,3,7,3,2,1,1,1,0,0,0,0,0,0,8.815094513000076,53.10212379500007,Findorff,Weidedamm
857,11,2023,6,5,19,2,1,5,1,0,0,0,0,0,0,0,8.81414648200007,53.09060384400004,Findorff,Weidedamm
972,11,2023,12,4,14,3,1,5,1,0,0,0,0,1,0,2,8.812218632000054,53.09777603400005,Findorff,Weidedamm
90,11,2016,1,4,14,3,5,3,1,1,0,0,0,0,0,0,8.905480416,53.050590435,Hemelingen,Hemelingen
150,11,2016,4,2,8,3,4,6,1,1,0,0,0,0,0,0,8.899802602,53.047335526,Hemelingen,Hemelingen
189,11,2016,3,5,10,2,5,3,1,1,0,0,0,0,0,0,8.891932497,53.048089347,Hemelingen,Hemelingen
234,11,2016,4,5,16,3,5,3,1,1,0,0,0,0,0,0,8.887928198,53.034555226,Hemelingen,Hemelingen
236,11,2016,3,2,9,2,6,4,1,0,1,0,0,0,0,0,8.890372826,53.057314411,Hemelingen,Hemelingen
279,11,2016,5,5,19,3,5,2,1,1,0,0,0,0,0,0,8.891829876,53.049400236,Hemelingen,Hemelingen
349,11,2016,5,7,14,3,5,2,1,1,0,0,0,0,0,0,8.891960117,53.047939121,Hemelingen,Hemelingen
370,11,2016,4,2,7,2,5,2,1,1,0,0,0,0,0,0,8.894231915,53.050743595,Hemelingen,Hemelingen
444,11,2016,6,5,16,2,0,7,1,0,0,0,0,0,0,0,8.8778601,53.03726911,Hemelingen,Hemelingen
594,11,2016,8,6,19,3,5,3,1,1,0,0,0,0,0,0,8.89191708,53.048883313,Hemelingen,Hemelingen
625,11,2016,7,2,22,2,5,3,1,1,0,0,0,0,2,0,8.886391602,53.0346057,Hemelingen,Hemelingen
634,11,2016,8,3,7,2,4,6,1,0,0,0,0,0,0,0,8.886746948,53.051523432,Hemelingen,Hemelingen
637,11,2016,8,2,14,3,4,6,1,0,0,1,0,0,0,0,8.886716122,53.051556637,Hemelingen,Hemelingen
711,11,2016,9,4,21,2,0,1,1,0,0,0,0,0,2,0,8.887138416,53.058586714,Hemelingen,Hemelingen
821,11,2016,8,5,15,3,1,5,1,1,0,0,0,0,0,0,8.900443281,53.04101478,Hemelingen,Hemelingen
887,11,2016,10,2,15,3,0,3,1,0,0,0,0,1,0,0,8.886263348,53.061065946,Hemelingen,Hemelingen
943,11,2016,10,2,6,3,4,2,1,0,0,0,0,0,2,0,8.903496286,53.047822467,Hemelingen,Hemelingen
979,11,2016,11,3,5,2,0,7,1,0,0,0,0,0,2,1,8.902452891,53.049181607,Hemelingen,Hemelingen
981,11,2016,10,2,15,3,0,1,1,0,0,0,0,0,0,1,8.886893759,53.059709904,Hemelingen,Hemelingen
996,11,2016,10,5,22,3,5,2,1,1,0,0,0,0,2,0,8.891846581,53.048530874,Hemelingen,Hemelingen
1055,11,2016,10,6,6,3,5,3,1,1,0,0,0,0,2,1,8.892477077,53.049685589,Hemelingen,Hemelingen
1076,11,2016,12,6,18,3,5,1,1,1,0,0,0,0,2,0,8.893797907,53.050461359,Hemelingen,Hemelingen
134,11,2017,3,5,21,3,5,2,1,0,0,1,0,0,2,1,8.893069753000077,53.049999058000026,Hemelingen,Hemelingen
185,11,2017,2,2,10,3,5,3,1,0,0,0,0,1,0,0,8.880715158000044,53.05590338700006,Hemelingen,Hemelingen
222,11,2017,4,5,18,3,5,3,1,1,0,0,0,0,0,0,8.904496970000025,53.04069874800007,Hemelingen,Hemelingen
491,11,2017,7,5,15,3,5,3,1,1,0,0,0,0,0,0,8.890795678000075,53.05721156000004,Hemelingen,Hemelingen
497,11,2017,7,3,9,3,1,5,1,1,0,0,0,0,0,1,8.902812706000077,53.048698985000044,Hemelingen,Hemelingen
565,11,2017,7,4,16,3,0,3,1,0,0,0,0,1,0,0,8.893974228000047,53.05453551900007,Hemelingen,Hemelingen
594,11,2017,6,2,16,3,5,3,1,1,0,0,0,0,0,0,8.883634867000069,53.04841123700004,Hemelingen,Hemelingen
605,11,2017,8,4,1,3,5,3,1,1,0,0,0,0,2,0,8.89327628500007,53.047110916000065,Hemelingen,Hemelingen
629,11,2017,6,2,10,3,5,3,1,1,0,0,0,0,0,0,8.88486012900006,53.05520961800005,Hemelingen,Hemelingen
655,11,2017,8,3,16,3,5,3,1,1,0,0,0,0,0,0,8.883403804000068,53.056877514000064,Hemelingen,Hemelingen
758,11,2017,8,2,13,3,3,6,1,1,0,0,0,0,0,0,8.894910055000025,53.055801548000034,Hemelingen,Hemelingen
834,11,2017,8,2,11,3,1,5,1,1,0,0,0,0,0,0,8.884585471000037,53.05416182600004,Hemelingen,Hemelingen
941,11,2017,9,5,16,3,5,2,1,1,0,0,0,0,0,0,8.887819320000062,53.03458108400008,Hemelingen,Hemelingen
1124,11,2017,11,5,15,3,5,3,1,1,0,0,0,0,0,1,8.899204807000046,53.05319521700005,Hemelingen,Hemelingen
149,11,2018,3,5,18,3,6,4,1,0,1,0,0,0,1,0,8.886635733000048,53.05161237800007,Hemelingen,Hemelingen
156,11,2018,3,2,14,3,5,3,1,1,0,0,0,0,0,0,8.891169129000048,53.04960985500003,Hemelingen,Hemelingen
174,11,2018,4,5,15,3,5,7,1,1,0,0,0,0,0,0,8.89308423400007,53.05476335000003,Hemelingen,Hemelingen
344,11,2018,5,3,16,3,0,7,1,0,0,0,0,1,0,0,8.904303285000026,53.047447215000034,Hemelingen,Hemelingen
435,11,2018,5,7,13,3,5,3,1,1,0,0,0,0,0,0,8.894848846000059,53.04605752700007,Hemelingen,Hemelingen
483,11,2018,6,3,18,3,3,2,1,1,0,0,0,0,0,0,8.886098418000074,53.05994561400007,Hemelingen,Hemelingen
494,11,2018,7,6,0,3,1,7,1,1,0,0,0,0,2,0,8.89441611500007,53.05205798800006,Hemelingen,Hemelingen
546,11,2018,6,3,19,3,5,3,1,0,0,0,0,1,0,0,8.895755339000061,53.051258602000075,Hemelingen,Hemelingen
552,11,2018,6,1,13,3,0,7,1,0,0,0,0,0,0,0,8.87784229700003,53.03927505300004,Hemelingen,Hemelingen
699,11,2018,8,3,13,3,6,4,1,0,1,0,0,0,0,0,8.900821545000042,53.04181382500008,Hemelingen,Hemelingen
825,11,2018,8,3,7,3,0,6,1,0,0,0,0,0,0,0,8.898605689000021,53.043506671000046,Hemelingen,Hemelingen
856,11,2018,10,2,22,3,0,1,1,0,0,0,0,0,2,0,8.887281118000033,53.05626641400005,Hemelingen,Hemelingen
907,11,2018,10,6,6,3,0,1,1,0,0,0,0,0,1,0,8.882456743000034,53.05777345200005,Hemelingen,Hemelingen
1171,11,2018,10,3,10,3,5,3,1,1,0,0,0,0,0,1,8.892897275000053,53.049854984000035,Hemelingen,Hemelingen
1181,11,2018,10,6,12,3,5,2,1,1,0,0,0,0,0,0,8.892017681000027,53.04795770800007,Hemelingen,Hemelingen
1210,11,2018,10,4,16,3,6,6,1,0,1,0,0,0,0,0,8.888546549000068,53.05826607400007,Hemelingen,Hemelingen
35,11,2019,1,3,7,3,5,3,1,1,0,0,0,0,2,1,8.882334289000028,53.05773805700005,Hemelingen,Hemelingen
137,11,2019,2,5,14,3,5,3,1,1,0,0,0,0,0,0,8.896834682000076,53.04462245800005,Hemelingen,Hemelingen
303,11,2019,5,7,18,3,3,6,1,0,0,0,0,1,0,0,8.88558481800004,53.056800328000065,Hemelingen,Hemelingen
331,11,2019,5,2,19,3,5,3,1,1,0,0,0,0,1,0,8.892072202000065,53.04796758400005,Hemelingen,Hemelingen
403,11,2019,4,2,17,3,5,3,1,0,0,0,0,1,0,0,8.881553792000034,53.05942032400003,Hemelingen,Hemelingen
425,11,2019,6,5,13,3,0,3,1,0,0,0,0,1,0,0,8.88748470400003,53.05054141100004,Hemelingen,Hemelingen
485,11,2019,6,7,18,3,5,3,1,1,0,0,0,0,0,0,8.887612458000035,53.05947314700006,Hemelingen,Hemelingen
500,11,2019,6,4,13,3,4,6,1,0,0,0,0,0,0,0,8.899800991000063,53.03844489100004,Hemelingen,Hemelingen
591,11,2019,8,5,22,3,0,7,1,1,0,0,0,0,2,0,8.882627662000061,53.05315141600005,Hemelingen,Hemelingen
606,11,2019,8,6,6,3,5,2,1,1,0,0,0,0,0,0,8.895687310000028,53.033771827000066,Hemelingen,Hemelingen
675,11,2019,7,4,23,3,4,6,1,0,0,0,0,0,2,0,8.886911948000034,53.05044878800004,Hemelingen,Hemelingen
683,11,2019,7,2,5,3,0,7,1,0,0,0,0,0,0,0,8.891027878000045,53.04741175100003,Hemelingen,Hemelingen
765,11,2019,9,2,13,3,5,2,1,1,0,0,0,0,0,0,8.89486975400007,53.04604381400003,Hemelingen,Hemelingen
776,11,2019,9,6,7,3,2,7,1,0,0,0,1,0,0,0,8.894531180000058,53.050892274000034,Hemelingen,Hemelingen
1061,11,2019,11,4,17,3,3,2,1,0,0,0,0,0,2,1,8.883690104000038,53.04823679500004,Hemelingen,Hemelingen
1111,11,2019,12,1,12,3,0,7,1,1,0,0,0,0,0,1,8.88450298400005,53.053720001000045,Hemelingen,Hemelingen
1125,11,2019,12,3,9,3,3,6,1,1,0,0,0,0,0,1,8.899903796000046,53.05292085700006,Hemelingen,Hemelingen
78,11,2020,1,2,10,1,5,3,1,0,0,0,1,0,0,0,8.900761931000034,53.03292479700008,Hemelingen,Hemelingen
108,11,2020,2,3,14,3,3,2,1,1,0,0,0,0,0,0,8.894376876000024,53.05442923800007,Hemelingen,Hemelingen
258,11,2020,3,6,12,3,5,3,1,1,0,0,0,0,0,0,8.894911944000057,53.04601614200004,Hemelingen,Hemelingen
310,11,2020,6,4,13,2,5,3,1,1,0,0,0,0,0,0,8.898157368000057,53.03344326800004,Hemelingen,Hemelingen
354,11,2020,6,7,15,3,5,2,1,1,0,0,0,0,0,0,8.893538358000058,53.04693458700007,Hemelingen,Hemelingen
504,11,2020,8,4,13,3,5,2,1,1,0,0,0,0,0,0,8.894386201000032,53.05442682800003,Hemelingen,Hemelingen
524,11,2020,8,6,21,3,5,3,1,1,0,0,0,0,1,0,8.888184240000044,53.04624563900006,Hemelingen,Hemelingen
536,11,2020,8,6,11,3,5,3,1,1,0,0,0,0,0,0,8.89748922900003,53.044300289000034,Hemelingen,Hemelingen
544,11,2020,8,5,9,3,5,3,1,1,0,0,0,0,0,0,8.894404375000022,53.05132070700006,Hemelingen,Hemelingen
594,11,2020,7,5,20,3,4,6,1,1,0,0,0,0,1,0,8.880854355000054,53.05664275400005,Hemelingen,Hemelingen
606,11,2020,8,2,16,3,5,3,1,1,0,0,0,0,0,0,8.891711182000051,53.04942031200005,Hemelingen,Hemelingen
656,11,2020,8,6,18,3,5,2,1,1,0,0,0,0,0,0,8.891989823000074,53.04794871300004,Hemelingen,Hemelingen
851,11,2020,9,3,18,3,5,3,1,1,0,0,0,0,0,0,8.892512876000069,53.047624545000076,Hemelingen,Hemelingen
874,11,2020,9,4,15,3,0,7,1,0,0,0,0,0,0,0,8.897030374000053,53.04271187900008,Hemelingen,Hemelingen
945,11,2020,11,3,14,3,5,3,1,1,0,0,0,0,0,0,8.899281444000053,53.04281322800006,Hemelingen,Hemelingen
983,11,2020,11,5,18,3,5,3,1,1,0,0,0,0,2,0,8.89322954100004,53.04714236700005,Hemelingen,Hemelingen
1005,11,2020,11,2,11,3,5,3,1,1,0,0,0,0,0,1,8.892092866000041,53.04797132700003,Hemelingen,Hemelingen
1069,11,2020,12,6,14,3,5,3,1,1,0,0,0,0,0,0,8.878867335000052,53.05719409100004,Hemelingen,Hemelingen
18,11,2021,1,6,2,3,0,7,1,0,0,0,0,0,2,1,8.885679123000045,53.05897797400007,Hemelingen,Hemelingen
96,11,2021,7,4,16,3,5,3,1,1,0,0,0,0,0,0,8.885370813000065,53.034570090000045,Hemelingen,Hemelingen
172,11,2021,6,2,5,3,4,6,1,0,0,0,0,0,0,1,8.885840747000032,53.05666471400008,Hemelingen,Hemelingen
203,11,2021,6,6,7,3,5,3,1,0,0,0,0,0,0,0,8.88933193500003,53.058003221000035,Hemelingen,Hemelingen
252,11,2021,1,2,13,3,5,3,1,1,0,0,0,0,0,1,8.88371068400005,53.04841958700007,Hemelingen,Hemelingen
410,11,2021,1,4,15,3,4,6,1,0,0,0,0,0,0,0,8.898238875000061,53.04380089500006,Hemelingen,Hemelingen
412,11,2021,5,2,11,3,0,7,1,0,0,0,0,0,0,1,8.887674894000043,53.05616378600007,Hemelingen,Hemelingen
460,11,2021,2,4,15,3,5,2,1,1,0,0,0,0,0,0,8.877484545000073,53.03957274700008,Hemelingen,Hemelingen
462,11,2021,6,5,15,3,5,2,1,1,0,0,0,0,0,0,8.891833569000028,53.04835989600008,Hemelingen,Hemelingen
465,11,2021,2,3,7,3,0,7,1,0,0,0,0,0,1,2,8.889437101000055,53.058112003000076,Hemelingen,Hemelingen
579,11,2021,9,4,7,3,3,6,1,1,0,0,0,0,0,0,8.893481020000024,53.046973165000054,Hemelingen,Hemelingen
751,11,2021,8,3,22,3,5,3,1,1,0,0,0,0,2,0,8.899745389000032,53.05258431200008,Hemelingen,Hemelingen
776,11,2021,11,2,7,3,3,6,1,0,0,0,0,1,0,0,8.902121727000065,53.04963376900008,Hemelingen,Hemelingen
786,11,2021,9,6,21,3,0,7,1,0,0,0,0,0,2,1,8.878912292000052,53.05585974200005,Hemelingen,Hemelingen
845,11,2021,9,4,12,3,5,2,1,0,0,0,0,1,0,0,8.884670859000039,53.054667005000056,Hemelingen,Hemelingen
861,11,2021,11,1,13,2,0,7,1,0,0,0,0,0,0,0,8.884212062000074,53.03858315400004,Hemelingen,Hemelingen
28,11,2022,6,6,21,3,5,3,1,1,0,0,0,0,1,0,8.90162413900003,53.0503705410001,Hemelingen,Hemelingen
69,11,2022,4,5,14,3,5,2,1,1,0,0,0,0,0,0,8.89191730000005,53.0490401960001,Hemelingen,Hemelingen
82,11,2022,6,5,14,3,0,1,1,0,0,0,0,0,0,0,8.88991171200007,53.058090797,Hemelingen,Hemelingen
96,11,2022,3,2,16,3,3,2,1,1,0,0,0,0,0,0,8.90140375500005,53.0507440160001,Hemelingen,Hemelingen
228,11,2022,2,3,18,3,5,3,1,1,0,0,0,0,2,1,8.88681461600004,53.034632349,Hemelingen,Hemelingen
231,11,2022,5,3,14,3,5,3,1,1,0,0,0,0,0,0,8.88401769100005,53.0405271380001,Hemelingen,Hemelingen
275,11,2022,2,5,13,3,0,7,1,1,0,0,0,0,0,0,8.88518737400005,53.0542530880001,Hemelingen,Hemelingen
466,11,2022,2,3,14,3,0,7,1,0,0,0,0,0,0,1,8.89432120700008,53.050858949,Hemelingen,Hemelingen
486,11,2022,2,4,14,3,5,3,1,1,0,0,0,0,0,1,8.89183382400006,53.0483543110001,Hemelingen,Hemelingen
579,11,2022,5,6,12,3,5,2,1,1,0,0,0,0,0,0,8.89447051700006,53.054457278,Hemelingen,Hemelingen
589,11,2022,8,2,7,3,5,2,1,0,0,0,0,1,0,1,8.90011140200005,53.052700719,Hemelingen,Hemelingen
770,11,2022,11,7,14,3,5,3,1,1,0,0,0,0,0,0,8.89445148900006,53.0543856310001,Hemelingen,Hemelingen
795,11,2022,9,6,5,3,5,3,1,1,0,0,0,0,1,0,8.88694261700005,53.0346455580001,Hemelingen,Hemelingen
821,11,2022,8,4,15,3,4,6,1,0,0,0,0,1,0,1,8.90025379400004,53.046673174,Hemelingen,Hemelingen
942,11,2022,11,4,12,3,6,4,1,0,1,0,0,0,0,0,8.88884296200007,53.0568188400001,Hemelingen,Hemelingen
1007,11,2022,12,3,12,3,0,1,1,0,0,0,0,0,0,2,8.88539771700005,53.05802255,Hemelingen,Hemelingen
1022,11,2022,11,7,13,3,5,2,1,1,0,0,0,0,0,0,8.89443063500005,53.054415342,Hemelingen,Hemelingen
302,11,2023,1,3,13,3,1,5,1,1,0,0,0,0,0,0,8.904422255000043,53.04738889500004,Hemelingen,Hemelingen
312,11,2023,1,5,5,2,5,2,1,1,0,0,0,0,2,1,8.887396874000046,53.050612759000046,Hemelingen,Hemelingen
337,11,2023,5,6,10,3,3,6,1,1,0,0,0,0,0,0,8.886723006000068,53.05152958200006,Hemelingen,Hemelingen
631,11,2023,8,5,12,3,0,7,1,0,0,0,0,0,0,0,8.90434082400003,53.04372181800005,Hemelingen,Hemelingen
697,11,2023,7,2,17,3,4,6,1,0,0,0,0,1,0,0,8.901002421000044,53.04408527800007,Hemelingen,Hemelingen
816,11,2023,6,6,17,3,0,6,1,0,0,0,1,0,0,0,8.883674357000075,53.048415582000075,Hemelingen,Hemelingen
821,11,2023,6,5,13,3,5,2,1,0,0,0,0,1,0,0,8.900777926000046,53.03294374200004,Hemelingen,Hemelingen
934,11,2023,12,6,18,3,5,3,1,1,0,0,0,0,2,0,8.891838208000024,53.04833278600006,Hemelingen,Hemelingen
96,11,2016,1,2,8,2,1,5,1,0,0,0,1,0,1,1,8.808913879,53.074163814,Mitte,Altstadt
158,11,2016,4,5,13,3,4,6,1,0,0,0,0,0,0,0,8.810548366,53.075253184,Mitte,Altstadt
170,11,2016,4,2,19,3,5,2,1,1,0,0,0,0,1,0,8.800539481,53.078594612,Mitte,Altstadt
181,11,2016,3,5,11,3,5,3,1,1,0,0,0,0,0,0,8.805882612,53.073404225,Mitte,Altstadt
245,11,2016,5,6,19,3,5,3,1,1,0,0,0,0,0,0,8.804076496,53.072634882,Mitte,Altstadt
262,11,2016,6,4,8,3,0,1,1,0,0,0,0,0,0,0,8.796880115,53.083040543,Mitte,Altstadt
312,11,2016,6,1,14,3,4,6,1,0,0,0,0,0,0,0,8.801885608,53.076713022,Mitte,Altstadt
313,11,2016,6,3,17,3,5,3,1,1,0,0,0,0,0,0,8.797513632,53.080670472,Mitte,Altstadt