,UKREIS,UJAHR,UMONAT,UWOCHENTAG,USTUNDE,UKATEGORIE,UART,UTYP1,IstRad,IstPKW,IstFuss,IstKrad,IstGkfz,IstSonstig,ULICHTVERH,STRZUSTAND,longitude,latitude,Stadtteil,Ortsteil
43,11,2021,7,7,12,3,3,6,1,0,0,0,0,1,0,0,8.809754042000066,53.072001183000054,Mitte,Altstadt
51,11,2021,7,5,19,3,2,6,1,0,0,1,0,0,0,0,8.80200530600007,53.07660226100006,Mitte,Altstadt
70,11,2021,5,2,13,3,5,3,1,0,0,0,0,0,0,0,8.809897911000064,53.07632441700008,Mitte,Altstadt
72,11,2021,4,7,12,3,0,7,1,0,0,0,0,0,0,0,8.803682951000042,53.07671699600007,Mitte,Altstadt
103,11,2021,2,1,16,3,0,7,1,0,0,0,0,0,0,0,8.801305669000044,53.07705510200003,Mitte,Altstadt
110,11,2021,7,4,17,3,4,6,1,0,0,0,0,1,0,0,8.808659745000057,53.072275466000065,Mitte,Altstadt
111,11,2021,6,7,19,3,5,3,1,0,0,0,0,0,0,0,8.806088958000032,53.07824866800007,Mitte,Altstadt
192,11,2021,7,5,21,2,4,6,1,0,0,0,0,1,1,0,8.807210539000039,53.07282824100008,Mitte,Altstadt
201,11,2021,5,5,13,3,2,7,1,0,0,0,0,1,0,0,8.808826907000025,53.072216215000026,Mitte,Altstadt
250,11,2021,6,4,13,3,5,3,1,1,0,0,0,0,0,0,8.806581258000051,53.073555052000074,Mitte,Altstadt
322,11,2021,3,4,15,3,4,2,1,1,0,0,0,0,0,0,8.804449615000067,53.075508177000074,Mitte,Altstadt
354,11,2021,4,5,12,3,5,3,1,0,0,0,0,1,0,0,8.804900453000073,53.079349267000055,Mitte,Altstadt
389,11,2021,3,6,13,3,4,2,1,1,0,0,0,0,0,0,8.809391378000043,53.07918111500004,Mitte,Altstadt
392,11,2021,7,6,16,3,4,6,1,0,0,0,0,0,0,0,8.807954348000067,53.07442406800004,Mitte,Altstadt
416,11,2021,7,7,0,3,4,6,1,0,0,0,0,0,2,0,8.811062520000064,53.07167994500003,Mitte,Altstadt
437,11,2021,2,3,11,2,5,3,1,1,0,0,0,0,0,1,8.81213628100005,53.07528049300004,Mitte,Altstadt
454,11,2021,5,2,14,3,2,6,1,0,0,0,0,1,0,0,8.804117504000033,53.07261619800005,Mitte,Altstadt
493,11,2021,3,3,13,3,5,2,1,0,0,0,0,1,0,0,8.800998550000031,53.078853157000026,Mitte,Altstadt
521,11,2021,10,5,22,2,0,1,1,0,0,0,0,0,2,0,8.809315041000048,53.074645556000064,Mitte,Altstadt
533,11,2021,11,1,17,3,0,7,1,0,0,0,0,1,2,0,8.80018756800007,53.07776325400005,Mitte,Altstadt
534,11,2021,11,5,14,3,5,3,1,1,0,0,0,0,0,0,8.799890079000022,53.079124550000074,Mitte,Altstadt
592,11,2021,8,2,9,3,5,3,1,1,0,0,0,0,0,0,8.80792585100005,53.07446923500004,Mitte,Altstadt
606,11,2021,12,6,15,3,5,3,1,1,0,0,0,0,0,1,8.802975142000037,53.07979617800004,Mitte,Altstadt
623,11,2021,11,5,16,3,0,2,1,1,0,0,0,0,1,0,8.803764466000075,53.07660483700005,Mitte,Altstadt
626,11,2021,9,1,13,3,5,3,1,0,0,0,0,0,0,0,8.811138093000068,53.071658428000035,Mitte,Altstadt
633,11,2021,8,3,16,3,6,4,1,0,1,0,0,0,0,0,8.80482218700007,53.07479491500004,Mitte,Altstadt
637,11,2021,9,3,13,3,8,1,1,0,0,0,0,0,0,0,8.801166786000067,53.07894377800005,Mitte,Altstadt
670,11,2021,11,6,16,3,3,2,1,1,0,0,0,0,2,0,8.803243043000066,53.08024291900006,Mitte,Altstadt
697,11,2021,10,1,13,2,3,6,1,0,0,0,0,0,0,0,8.814020215000028,53.07305593600006,Mitte,Altstadt
709,11,2021,8,3,9,3,4,2,1,1,0,0,0,0,0,0,8.809175075000041,53.078866067000035,Mitte,Altstadt
740,11,2021,9,1,5,3,0,1,1,0,0,0,0,0,2,0,8.810968167000055,53.07170681000008,Mitte,Altstadt
754,11,2021,12,7,18,3,0,3,1,1,0,0,0,0,2,1,8.791751928000053,53.08270879600008,Mitte,Altstadt
809,11,2021,9,3,17,3,3,6,1,0,0,0,0,1,0,0,8.800287979000075,53.07893696000008,Mitte,Altstadt
866,11,2021,10,4,8,3,5,2,1,1,0,0,0,0,0,0,8.812754538000036,53.07329607600008,Mitte,Altstadt
912,11,2021,10,7,17,3,3,2,1,0,0,0,0,1,0,0,8.809145748000049,53.078907247000075,Mitte,Altstadt
919,11,2021,9,6,21,3,6,7,1,0,1,0,0,0,2,0,8.807188944000075,53.07410215700003,Mitte,Altstadt
22,11,2022,6,6,10,3,5,3,1,0,1,0,0,0,0,0,8.80792582900006,53.074466074,Mitte,Altstadt
27,11,2022,4,5,7,3,5,2,1,1,0,0,0,0,0,0,8.80435794200002,53.0805780950001,Mitte,Altstadt
41,11,2022,3,3,13,3,1,5,1,1,0,0,0,0,0,0,8.81134704700003,53.0752525880001,Mitte,Altstadt
51,11,2022,5,2,17,3,5,2,1,1,0,0,0,0,0,0,8.80324947400004,53.0801635940001,Mitte,Altstadt
98,11,2022,5,3,15,3,2,6,1,0,0,1,0,0,0,0,8.80921862800005,53.078782774,Mitte,Altstadt
108,11,2022,6,4,12,3,0,1,1,0,0,0,0,0,0,0,8.80779649700003,53.0778125640001,Mitte,Altstadt
112,11,2022,3,5,12,3,4,6,1,0,0,0,0,0,0,0,8.80437818200005,53.0726858140001,Mitte,Altstadt
141,11,2022,5,3,14,3,0,1,1,0,0,0,0,0,0,0,8.79265173700003,53.0809993010001,Mitte,Altstadt
150,11,2022,6,4,7,3,3,2,1,1,0,0,0,0,0,0,8.80382867900005,53.076316385,Mitte,Altstadt
158,11,2022,3,6,17,3,2,6,1,1,0,0,0,0,0,0,8.81272590000003,53.073277756,Mitte,Altstadt
179,11,2022,6,1,5,2,0,7,1,0,0,0,0,0,0,0,8.80579877400004,53.073407435,Mitte,Altstadt
206,11,2022,6,7,15,3,4,6,1,0,0,0,0,0,0,0,8.80827560500006,53.072411624,Mitte,Altstadt
235,11,2022,4,7,16,2,5,3,1,0,0,0,0,1,0,0,8.79191586200005,53.0827313610001,Mitte,Altstadt
286,11,2022,5,2,18,2,0,7,1,0,0,0,0,0,0,0,8.80702271900003,53.07529315,Mitte,Altstadt
294,11,2022,3,1,0,3,5,2,1,1,0,0,0,0,2,0,8.81276122700007,53.0733003550001,Mitte,Altstadt
296,11,2022,6,4,5,2,0,7,1,0,0,0,0,0,1,0,8.80583764100004,53.07328053,Mitte,Altstadt
303,11,2022,2,6,8,3,6,7,1,0,1,0,0,0,0,0,8.80907917600007,53.0740809050001,Mitte,Altstadt
352,11,2022,2,4,22,3,7,2,1,0,0,0,0,0,2,1,8.81186589100002,53.0769527370001,Mitte,Altstadt
395,11,2022,5,3,11,3,0,7,1,0,0,0,0,0,0,1,8.80523588800003,53.0771910540001,Mitte,Altstadt
425,11,2022,5,1,0,3,0,1,1,0,0,0,0,0,2,0,8.80902694500003,53.0747507560001,Mitte,Altstadt
450,11,2022,2,3,18,3,5,3,1,0,0,0,0,1,2,0,8.80929993400002,53.074652778,Mitte,Altstadt
489,11,2022,5,2,16,3,5,2,1,1,0,0,0,0,0,0,8.80321461700004,53.080138893,Mitte,Altstadt
515,11,2022,2,2,11,3,5,2,1,1,0,0,0,0,0,0,8.80137883800006,53.079051533,Mitte,Altstadt
588,11,2022,11,7,0,3,0,7,1,0,0,0,0,0,2,0,8.81278047500007,53.073312668,Mitte,Altstadt
608,11,2022,7,5,18,3,6,4,1,0,1,0,0,0,0,1,8.79810280700002,53.0801673970001,Mitte,Altstadt
612,11,2022,9,6,22,3,0,3,1,1,0,0,0,0,2,1,8.80643154700005,53.073661981,Mitte,Altstadt
630,11,2022,7,1,16,3,5,3,1,1,0,0,0,0,0,0,8.79663087900008,53.0824970200001,Mitte,Altstadt
637,11,2022,11,6,10,3,5,3,1,1,0,0,0,0,0,0,8.80795357400007,53.0744245860001,Mitte,Altstadt
683,11,2022,12,5,18,3,0,7,1,0,0,0,0,0,2,1,8.80445118400007,53.0755053720001,Mitte,Altstadt
720,11,2022,9,5,13,2,5,3,1,1,0,0,0,0,0,0,8.79540235700006,53.0802872570001,Mitte,Altstadt
742,11,2022,8,7,15,3,6,4,1,0,1,0,0,0,0,0,8.80154005100007,53.0809142040001,Mitte,Altstadt
745,11,2022,8,6,22,3,6,7,1,0,1,0,0,0,2,0,8.79965657600007,53.0780027590001,Mitte,Altstadt
750,11,2022,8,6,12,3,5,3,1,0,0,0,0,0,0,0,8.81061074800004,53.0718094220001,Mitte,Altstadt
778,11,2022,12,3,8,3,5,3,1,1,0,0,0,0,0,1,8.81054478100003,53.076697154,Mitte,Altstadt
783,11,2022,12,6,17,3,5,3,1,0,0,1,0,0,0,0,8.80413439600005,53.0726078260001,Mitte,Altstadt
809,11,2022,8,7,15,3,6,7,1,0,1,0,0,0,0,0,8.80393326500007,53.077885511,Mitte,Altstadt
813,11,2022,7,2,17,3,2,1,1,1,0,0,0,0,0,1,8.80383820300005,53.076320433,Mitte,Altstadt
832,11,2022,11,3,7,3,5,2,1,1,0,0,0,0,1,0,8.79634286800007,53.082528214,Mitte,Altstadt
851,11,2022,9,3,18,3,5,3,1,1,0,0,0,0,0,0,8.80620339400002,53.073300165,Mitte,Altstadt
895,11,2022,10,2,23,3,5,3,1,0,0,0,0,1,2,1,8.80278582500006,53.078438481,Mitte,Altstadt
913,11,2022,9,7,11,3,5,3,1,0,0,0,0,1,0,0,8.80841349400004,53.07518915,Mitte,Altstadt
914,11,2022,12,5,11,3,5,3,1,0,0,0,0,1,0,0,8.80358485800002,53.080254063,Mitte,Altstadt
925,11,2022,9,3,11,3,2,6,1,1,0,0,0,0,0,1,8.81109310900007,53.073859913,Mitte,Altstadt
962,11,2022,9,6,11,3,5,2,1,1,0,0,0,0,0,0,8.81067777700002,53.071789967,Mitte,Altstadt
979,11,2022,8,2,22,3,5,2,1,1,0,0,0,0,2,0,8.80604622700002,53.073314538,Mitte,Altstadt
1016,11,2022,12,5,12,3,0,6,1,0,0,0,0,1,0,0,8.81185520400004,53.073593251,Mitte,Altstadt
1023,11,2022,11,5,15,2,6,4,1,0,1,0,0,0,0,0,8.79629268500003,53.0826344870001,Mitte,Altstadt
1040,11,2022,9,1,17,2,0,1,1,0,0,0,0,0,0,0,8.79772582800007,53.0822215800001,Mitte,Altstadt
17,11,2023,5,3,7,3,4,6,1,0,0,0,0,0,0,0,8.80611334100007,53.07330922600005,Mitte,Altstadt
21,11,2023,5,2,15,3,1,7,1,1,0,0,0,0,0,0,8.803378588000044,53.07540239900004,Mitte,Altstadt
22,11,2023,5,2,20,3,3,6,1,1,0,0,0,0,1,0,8.808806356000048,53.07418087800005,Mitte,Altstadt
63,11,2023,5,5,15,3,1,5,1,1,0,0,0,0,0,0,8.79708387100004,53.079162980000035,Mitte,Altstadt
79,11,2023,5,1,15,3,5,2,1,1,0,0,0,0,0,0,8.800559903000021,53.07855458300003,Mitte,Altstadt
92,11,2023,5,2,1,2,0,7,1,0,0,0,0,0,2,0,8.809296239000048,53.077814328000045,Mitte,Altstadt
180,11,2023,3,2,13,3,0,7,1,0,0,0,0,0,0,0,8.809264663000022,53.07466964000008,Mitte,Altstadt
194,11,2023,3,7,19,3,8,1,1,1,0,0,0,0,1,0,8.791648707000036,53.08273396000004,Mitte,Altstadt
288,11,2023,5,4,15,3,5,2,1,1,0,0,0,0,0,0,8.810638496000024,53.07180136800008,Mitte,Altstadt
301,11,2023,1,3,9,3,0,7,1,0,0,0,0,1,0,0,8.810932104000074,53.07391771200008,Mitte,Altstadt
332,11,2023,1,3,16,3,3,6,1,0,0,0,0,0,2,0,8.80803185800005,53.07247974000006,Mitte,Altstadt
369,11,2023,11,7,22,3,0,7,1,0,0,0,0,0,2,1,8.805714367000064,53.07335413000004,Mitte,Altstadt
388,11,2023,10,7,20,3,0,1,1,0,0,0,0,0,2,1,8.80046470800005,53.07879452600008,Mitte,Altstadt
429,11,2023,10,5,14,3,0,7,1,0,0,0,0,0,0,0,8.808753551000052,53.074828841000055,Mitte,Altstadt
431,11,2023,10,4,21,3,6,7,1,0,1,0,0,0,2,1,8.80913329200007,53.078708111000026,Mitte,Altstadt
446,11,2023,10,7,12,3,5,3,1,1,0,0,0,0,0,1,8.799817107000024,53.07832303300006,Mitte,Altstadt
455,11,2023,10,5,19,3,3,7,1,1,0,0,0,0,2,1,8.807786643000043,53.072545052000066,Mitte,Altstadt
457,11,2023,10,4,19,3,1,7,1,0,0,0,0,1,2,0,8.807397606000052,53.07398785000004,Mitte,Altstadt
462,11,2023,10,2,10,3,4,2,1,1,0,0,0,0,0,0,8.802611264000063,53.079805700000065,Mitte,Altstadt
464,11,2023,10,1,14,3,0,7,1,0,0,0,0,0,0,0,8.809870502000024,53.07438030600008,Mitte,Altstadt
497,11,2023,9,5,17,3,6,3,1,0,1,0,0,0,0,0,8.804467448000025,53.07762924700006,Mitte,Altstadt
523,11,2023,9,5,8,3,2,6,1,0,0,0,0,0,0,0,8.803564746000063,53.08009121100008,Mitte,Altstadt
539,11,2023,9,2,14,3,5,2,1,0,0,0,0,0,0,0,8.799434101000031,53.078527836000035,Mitte,Altstadt
575,11,2023,9,6,17,3,4,6,1,0,0,0,0,0,0,0,8.800550931000032,53.07878727800005,Mitte,Altstadt
583,11,2023,8,3,7,3,5,3,1,0,0,0,0,0,0,0,8.81098272500003,53.07170266300005,Mitte,Altstadt
603,11,2023,8,4,18,3,6,4,1,0,1,0,0,0,0,0,8.800554169000065,53.07855062300007,Mitte,Altstadt
645,11,2023,8,6,19,2,0,1,1,0,0,0,0,0,1,0,8.803806800000075,53.08010627400006,Mitte,Altstadt
702,11,2023,7,6,7,3,5,2,1,1,0,0,0,0,0,0,8.796562306000055,53.08263398400004,Mitte,Altstadt
741,11,2023,8,1,0,3,5,2,1,1,0,0,0,0,2,0,8.796637790000034,53.082506049000074,Mitte,Altstadt
750,11,2023,7,2,9,3,0,7,1,0,0,0,0,0,0,1,8.812927970000032,53.07397599800004,Mitte,Altstadt
762,11,2023,6,4,13,3,4,6,1,0,0,0,0,0,0,0,8.805873822000024,53.07344505000003,Mitte,Altstadt
880,11,2023,6,2,12,3,3,6,1,0,0,0,1,0,0,0,8.796697368000025,53.08115814800004,Mitte,Altstadt
921,11,2023,9,3,16,3,3,6,1,1,0,0,0,0,0,0,8.805159942000046,53.074276918000066,Mitte,Altstadt
926,11,2023,5,6,17,3,6,7,1,0,1,0,0,0,0,0,8.804878897000037,53.07293036300007,Mitte,Altstadt
987,11,2023,11,6,16,3,5,3,1,1,0,0,0,0,2,1,8.801990397000054,53.07936290300006,Mitte,Altstadt
992,11,2023,11,5,12,3,6,4,1,0,1,0,0,0,0,0,8.803245071000049,53.08016047400008,Mitte,Altstadt
993,11,2023,11,5,18,3,5,3,1,1,0,0,0,0,2,1,8.800484192000056,53.07874789600004,Mitte,Altstadt
1028,11,2023,5,5,19,3,4,6,1,0,0,0,0,0,0,0,8.81194103100006,53.07732441100006,Mitte,Altstadt
1040,11,2023,6,4,20,3,4,6,1,0,0,0,0,0,0,0,8.813454446000037,53.07700919300004,Mitte,Altstadt
1045,11,2023,7,2,7,3,7,7,1,0,0,0,0,0,0,0,8.812744051000038,53.07133208600004,Mitte,Altstadt
1048,11,2023,8,2,16,3,6,7,1,0,1,0,0,0,0,0,8.803058127000043,53.07545272700003,Mitte,Altstadt
1061,11,2023,9,7,12,3,5,3,1,1,0,0,0,0,0,0,8.808193133000032,53.07490960700005,Mitte,Altstadt
1062,11,2023,10,5,17,3,0,7,1,0,0,0,0,0,0,0,8.813606098000037,53.07698858700007,Mitte,Altstadt
97,11,2016,1,5,11,3,3,6,1,1,0,0,0,0,0,0,8.599300784,53.179365287,Vegesack,Fähr-Lobbendorf
111,11,2016,3,1,15,3,0,3,1,1,0,0,0,0,0,0,8.605416861,53.178761422,Vegesack,Fähr-Lobbendorf
165,11,2016,3,7,18,3,0,7,1,0,0,0,0,0,0,0,8.612186617,53.178596401,Vegesack,Fähr-Lobbendorf
317,11,2016,5,5,17,3,4,6,1,0,0,0,0,0,0,0,8.611766471,53.1778702,Vegesack,Fähr-Lobbendorf
538,11,2016,6,2,7,3,5,3,1,0,0,0,0,0,0,0,8.612980054,53.182669708,Vegesack,Fähr-Lobbendorf
632,11,2016,8,6,13,3,5,3,1,1,0,0,0,0,0,0,8.619074583,53.180499785,Vegesack,Fähr-Lobbendorf
929,11,2016,11,3,6,3,5,3,1,1,0,0,0,0,1,1,8.60551021,53.17507493,Vegesack,Fähr-Lobbendorf
1066,11,2016,12,6,13,2,0,1,1,0,0,0,0,0,0,2,8.611115262,53.180480168,Vegesack,Fähr-Lobbendorf
1092,11,2016,12,7,14,3,5,3,1,1,0,0,0,0,0,0,8.610508681,53.175406436,Vegesack,Fähr-Lobbendorf
160,11,2017,2,7,5,3,0,1,1,0,0,0,0,0,2,2,8.601944071000048,53.180125529000065,Vegesack,Fähr-Lobbendorf
205,11,2017,5,3,16,3,5,2,1,0,0,0,0,1,0,0,8.618971965000071,53.18012463500003,Vegesack,Fähr-Lobbendorf
311,11,2017,3,4,0,3,1,1,1,1,0,0,0,0,2,0,8.611722728000075,53.183342425000035,Vegesack,Fähr-Lobbendorf
380,11,2017,6,5,10,3,5,7,1,1,0,0,0,0,0,0,8.605366606000075,53.17659919700003,Vegesack,Fähr-Lobbendorf
602,11,2017,8,4,20,2,0,7,1,0,0,0,0,0,1,0,8.612077627000076,53.17841150500004,Vegesack,Fähr-Lobbendorf
866,11,2017,11,7,13,3,0,1,1,0,0,0,0,0,0,1,8.611348339000074,53.17525447200006,Vegesack,Fähr-Lobbendorf
1184,11,2017,11,4,6,3,2,6,1,1,0,0,0,0,2,1,8.599750921000066,53.17781547000004,Vegesack,Fähr-Lobbendorf
19,11,2018,1,5,18,3,5,2,1,1,0,0,0,0,2,1,8.593511799000055,53.18431110900008,Vegesack,Fähr-Lobbendorf
76,11,2018,2,6,13,3,5,3,1,1,0,0,0,0,0,0,8.613339580000059,53.18430960400008,Vegesack,Fähr-Lobbendorf
84,11,2018,2,4,11,2,5,3,1,1,0,0,0,0,0,0,8.610552545000075,53.17590310300005,Vegesack,Fähr-Lobbendorf
333,11,2018,5,5,17,3,5,2,1,1,0,0,0,0,0,0,8.618806805000077,53.17819002700003,Vegesack,Fähr-Lobbendorf
345,11,2018,5,5,14,3,3,6,1,1,0,0,0,0,0,0,8.601907510000046,53.18012273100004,Vegesack,Fähr-Lobbendorf
471,11,2018,6,7,9,3,5,2,1,1,0,0,0,0,0,0,8.59530028100005,53.17924609900007,Vegesack,Fähr-Lobbendorf
933,11,2018,9,6,7,3,5,3,1,1,0,0,0,0,0,0,8.604289228000027,53.176847707000036,Vegesack,Fähr-Lobbendorf
978,11,2018,9,5,15,2,5,3,1,1,0,0,0,0,0,0,8.611131190000037,53.175301922000074,Vegesack,Fähr-Lobbendorf
1218,11,2018,11,2,20,3,1,5,1,1,0,0,0,0,1,0,8.611328351000054,53.17525884100007,Vegesack,Fähr-Lobbendorf
1224,11,2018,10,3,15,3,1,5,1,1,0,0,0,0,0,0,8.61321530300006,53.183935372000064,Vegesack,Fähr-Lobbendorf
1277,11,2018,12,3,16,3,3,6,1,1,0,0,0,0,1,0,8.619367149000027,53.183204586000045,Vegesack,Fähr-Lobbendorf
8,11,2019,8,5,10,3,5,3,1,1,0,0,0,0,0,0,8.619047478000027,53.180613840000035,Vegesack,Fähr-Lobbendorf
22,11,2019,1,2,15,3,0,7,1,0,0,0,0,0,0,1,8.598897193000028,53.180699951000065,Vegesack,Fähr-Lobbendorf
55,11,2019,2,3,6,3,0,7,1,0,0,0,0,0,2,1,8.609245263000048,53.173723616000075,Vegesack,Fähr-Lobbendorf
160,11,2019,2,5,17,3,1,5,1,1,0,0,0,0,0,0,8.599121535000052,53.17992656000007,Vegesack,Fähr-Lobbendorf
526,11,2019,6,3,16,2,0,7,1,0,0,0,0,0,0,0,8.605804958000022,53.18456521400003,Vegesack,Fähr-Lobbendorf
662,11,2019,7,3,11,3,5,3,1,1,0,0,0,0,0,0,8.607611461000033,53.176096726000026,Vegesack,Fähr-Lobbendorf
829,11,2019,9,7,11,3,5,2,1,1,0,0,0,0,0,0,8.619203151000022,53.181711275000055,Vegesack,Fähr-Lobbendorf
872,11,2019,8,5,11,3,5,3,1,1,0,0,0,0,0,0,8.60555570200006,53.18457392200003,Vegesack,Fähr-Lobbendorf
942,11,2019,10,3,11,3,3,2,1,0,0,0,0,1,0,0,8.619443970000077,53.18404983700003,Vegesack,Fähr-Lobbendorf
998,11,2019,11,2,16,3,3,6,1,1,0,0,0,0,2,1,8.599849620000043,53.177523636000046,Vegesack,Fähr-Lobbendorf
1131,11,2019,12,2,17,3,5,3,1,1,0,0,0,0,2,1,8.612429894000059,53.18428637900007,Vegesack,Fähr-Lobbendorf
18,11,2020,1,3,14,3,0,7,1,0,0,0,0,0,0,0,8.600184631000047,53.17776205500007,Vegesack,Fähr-Lobbendorf
52,11,2020,2,4,7,3,5,3,1,1,0,0,0,0,0,0,8.604365735000044,53.175593794000065,Vegesack,Fähr-Lobbendorf
145,11,2020,2,3,16,2,5,3,1,1,0,0,0,0,0,0,8.599724270000024,53.177884402000075,Vegesack,Fähr-Lobbendorf
162,11,2020,4,3,11,3,1,7,1,1,0,0,0,0,0,0,8.613807751000024,53.182203593000054,Vegesack,Fähr-Lobbendorf
208,11,2020,3,5,12,3,5,3,1,1,0,0,0,0,0,0,8.618793527000037,53.17771151100004,Vegesack,Fähr-Lobbendorf
541,11,2020,8,7,9,3,5,2,1,1,0,0,0,0,0,0,8.619265212000073,53.182106297000075,Vegesack,Fähr-Lobbendorf
602,11,2020,8,5,14,3,5,2,1,1,0,0,0,0,0,0,8.619370372000049,53.184070347000045,Vegesack,Fähr-Lobbendorf
688,11,2020,7,3,7,3,5,3,1,0,0,0,0,1,0,0,8.59427585800006,53.179060012000036,Vegesack,Fähr-Lobbendorf
818,11,2020,10,6,17,3,0,2,1,1,0,0,0,0,0,0,8.598179411000046,53.18287909000003,Vegesack,Fähr-Lobbendorf
978,11,2020,12,2,14,2,0,7,1,1,0,0,0,0,0,0,8.60702370100006,53.17622703200004,Vegesack,Fähr-Lobbendorf
7,11,2021,4,6,20,3,5,3,1,1,0,0,0,0,0,0,8.599086930000055,53.17993349300008,Vegesack,Fähr-Lobbendorf
107,11,2021,1,5,15,3,5,3,1,1,0,0,0,0,0,0,8.598481658000026,53.175416314000074,Vegesack,Fähr-Lobbendorf
210,11,2021,3,2,14,2,5,3,1,1,0,0,0,0,0,0,8.603792404000046,53.17694773800008,Vegesack,Fähr-Lobbendorf
274,11,2021,6,1,14,3,1,5,1,1,0,0,0,0,0,0,8.613305669000056,53.18219607900005,Vegesack,Fähr-Lobbendorf
487,11,2021,4,5,15,3,5,3,1,1,0,0,0,0,0,0,8.599042593000036,53.179931518000046,Vegesack,Fähr-Lobbendorf
547,11,2021,10,1,17,2,9,1,1,0,0,0,0,0,2,0,8.601592573000062,53.177430523000055,Vegesack,Fähr-Lobbendorf
185,11,2022,5,5,17,2,0,7,1,0,0,0,0,0,0,0,8.60641835900003,53.1845491220001,Vegesack,Fähr-Lobbendorf
203,11,2022,7,3,18,3,5,3,1,1,0,0,0,0,0,0,8.60111967100005,53.1847259190001,Vegesack,Fähr-Lobbendorf
337,11,2022,3,4,7,3,5,3,1,1,0,0,0,0,0,0,8.59752516100002,53.184836535,Vegesack,Fähr-Lobbendorf
385,11,2022,5,4,8,3,5,3,1,1,0,0,0,0,0,0,8.61639167800007,53.1831943340001,Vegesack,Fähr-Lobbendorf
479,11,2022,1,2,11,3,5,3,1,1,0,0,0,0,0,1,8.60577854800005,53.1816874630001,Vegesack,Fähr-Lobbendorf
518,11,2022,4,3,6,3,0,7,1,0,0,0,0,0,0,0,8.60973334000005,53.1733041370001,Vegesack,Fähr-Lobbendorf
710,11,2022,9,6,14,3,0,7,1,1,0,0,0,0,0,0,8.61157157100007,53.184390987,Vegesack,Fähr-Lobbendorf
923,11,2022,9,2,11,3,5,3,1,1,0,0,0,0,0,0,8.60798145900003,53.176014696,Vegesack,Fähr-Lobbendorf
968,11,2022,10,7,18,3,0,1,1,0,0,0,0,0,1,1,8.60531732000004,53.176605442,Vegesack,Fähr-Lobbendorf
2,11,2023,6,6,12,3,5,3,1,0,0,0,0,1,0,0,8.618817971000055,53.18053635900003,Vegesack,Fähr-Lobbendorf
40,11,2023,5,3,9,3,5,3,1,1,0,0,0,0,0,1,8.619075012000053,53.18050434300005,Vegesack,Fähr-Lobbendorf
187,11,2023,3,5,8,3,5,3,1,1,0,0,0,0,0,1,8.607396110000025,53.184477077000054,Vegesack,Fähr-Lobbendorf
355,11,2023,11,6,12,2,5,3,1,1,0,0,0,0,0,0,8.619074847000036,53.180502395000076,Vegesack,Fähr-Lobbendorf
591,11,2023,8,2,8,3,3,2,1,1,0,0,0,0,0,0,8.619011503000024,53.18012322700008,Vegesack,Fähr-Lobbendorf
709,11,2023,7,4,15,2,5,3,1,1,0,0,0,0,0,0,8.604622636000045,53.17734437800004,Vegesack,Fähr-Lobbendorf
730,11,2023,7,6,9,3,1,5,1,1,0,0,0,0,0,0,8.598813793000033,53.18091848500006,Vegesack,Fähr-Lobbendorf
876,11,2023,6,3,10,3,5,3,1,1,0,0,0,0,0,0,8.60171654900006,53.17746117100006,Vegesack,Fähr-Lobbendorf
888,11,2023,6,7,17,2,5,3,1,1,0,0,0,0,0,0,8.603270670000029,53.18464940900003,Vegesack,Fähr-Lobbendorf
99,12,2016,1,3,13,3,5,3,1,1,0,0,0,0,0,0,8.559991088,53.572875696,Häfen,Mitte-Süd
407,12,2016,5,1,11,3,0,1,1,0,0,0,0,0,0,1,8.553599006,53.578869575,Häfen,Mitte-Süd
526,12,2016,6,6,8,3,0,7,1,0,0,0,0,0,0,1,8.553563406,53.57888351,Häfen,Mitte-Süd
1016,12,2016,10,4,14,3,0,7,1,0,0,0,0,0,0,0,8.543578944,53.586541145,Häfen,Mitte-Süd
362,12,2017,6,1,21,2,0,7,1,0,0,0,0,0,1,0,8.554895488000057,53.578512431000036,Häfen,Mitte-Süd
544,12,2017,7,2,9,2,0,7,1,0,0,0,0,0,0,0,8.554787820000058,53.57853246600007,Häfen,Mitte-Süd
556,12,2017,7,6,16,3,6,1,1,0,1,0,0,0,0,0,8.543209622000063,53.58698108300007,Häfen,Mitte-Süd
587,12,2017,6,3,13,3,5,2,1,0,0,0,0,1,0,0,8.543055089000063,53.58716515900005,Häfen,Mitte-Süd
680,12,2017,9,1,14,3,0,1,1,0,0,0,0,0,0,0,8.55104467600006,53.579866106000054,Häfen,Mitte-Süd
826,12,2017,8,3,19,3,3,2,1,1,0,0,0,0,0,1,8.546679831000063,53.58113491100005,Häfen,Mitte-Süd
1136,12,2017,11,4,7,3,5,2,1,1,0,0,0,0,2,0,8.546679864000055,53.58114595100005,Häfen,Mitte-Süd
356,12,2018,5,3,21,3,0,7,1,0,0,0,0,0,1,0,8.553802544000064,53.57879138000004,Häfen,Mitte-Süd
387,12,2018,5,2,17,2,0,7,1,0,0,0,0,0,0,0,8.552142078000031,53.57113972500008,Häfen,Mitte-Süd
398,12,2018,5,3,17,3,0,7,1,1,0,0,0,0,0,0,8.565503853000052,53.550175710000076,Häfen,Mitte-Süd
855,12,2018,9,4,11,3,0,7,1,0,0,0,0,0,0,1,8.54659811700003,53.58145063900008,Häfen,Mitte-Süd
1142,12,2018,11,6,5,3,5,3,1,1,0,0,0,0,2,1,8.546174970000038,53.58256883200005,Häfen,Mitte-Süd