,UKREIS,UJAHR,UMONAT,UWOCHENTAG,USTUNDE,UKATEGORIE,UART,UTYP1,IstRad,IstPKW,IstFuss,IstKrad,IstGkfz,IstSonstig,ULICHTVERH,STRZUSTAND,longitude,latitude,Stadtteil,Ortsteil
1217,12,2018,11,3,15,3,5,3,1,1,0,0,0,0,0,0,8.547678868000048,53.58112010800005,Häfen,Mitte-Süd
1269,12,2018,12,5,13,3,5,3,1,0,0,0,1,0,0,1,8.56479289500004,53.56797659800003,Häfen,Mitte-Süd
63,12,2019,2,6,16,3,4,6,1,0,0,0,0,0,0,0,8.561966763000044,53.577626027000065,Häfen,Mitte-Süd
241,12,2019,3,5,16,3,5,3,1,1,0,0,0,0,0,1,8.561950892000027,53.56845218300003,Häfen,Mitte-Süd
438,12,2019,6,2,16,3,0,1,1,0,0,0,0,0,0,0,8.552164748000052,53.57943065900008,Häfen,Mitte-Süd
593,12,2019,8,4,19,3,0,1,1,0,0,0,0,0,1,1,8.549579919000053,53.58044039600003,Häfen,Mitte-Süd
611,12,2019,7,3,11,3,0,1,1,0,0,0,0,0,0,0,8.552129834000027,53.57923754400008,Häfen,Mitte-Süd
651,12,2019,7,7,11,3,0,7,1,0,0,0,0,0,0,0,8.54660425000003,53.58144182900003,Häfen,Mitte-Süd
30,12,2020,2,5,8,3,0,7,1,0,0,0,0,0,0,1,8.553393769000024,53.578950871000075,Häfen,Mitte-Süd
238,12,2020,4,1,14,3,0,7,1,0,0,0,0,0,0,0,8.561395084000026,53.57509422800007,Häfen,Mitte-Süd
398,12,2020,5,5,16,3,0,7,1,0,0,0,0,0,0,0,8.549101775000054,53.58062661100007,Häfen,Mitte-Süd
409,12,2020,5,5,12,2,0,7,1,0,0,0,0,0,0,0,8.552048014000036,53.579277621000074,Häfen,Mitte-Süd
473,12,2020,5,6,18,3,0,7,1,0,0,0,0,0,0,0,8.549843508000038,53.58033773800008,Häfen,Mitte-Süd
738,12,2020,10,3,13,2,0,7,1,0,0,0,0,0,0,0,8.55145442600002,53.57055689100008,Häfen,Mitte-Süd
741,12,2020,9,2,13,3,3,6,1,1,0,0,0,0,0,0,8.553933424000036,53.561633362000066,Häfen,Mitte-Süd
855,12,2020,9,4,13,2,0,7,1,0,0,0,0,0,0,0,8.553027517000032,53.57909385200003,Häfen,Mitte-Süd
876,12,2020,8,2,22,3,5,3,1,1,0,0,0,0,2,0,8.56535862100003,53.56097786700008,Häfen,Mitte-Süd
892,12,2020,10,4,14,3,8,1,1,0,0,0,0,0,0,1,8.549170935000063,53.580599677000066,Häfen,Mitte-Süd
962,12,2020,11,1,16,3,0,7,1,0,0,0,0,0,1,0,8.551458385000046,53.579706703000056,Häfen,Mitte-Süd
47,12,2021,6,5,9,3,5,3,1,1,0,0,0,0,0,0,8.568555023000044,53.56504427900006,Häfen,Mitte-Süd
74,12,2021,6,1,17,3,8,1,1,0,0,0,0,0,0,0,8.549181583000063,53.58059553000004,Häfen,Mitte-Süd
467,12,2021,5,6,13,3,6,4,1,0,1,0,0,0,0,0,8.54671367700007,53.58085684900004,Häfen,Mitte-Süd
568,12,2021,9,1,13,3,8,1,1,0,0,0,0,0,0,0,8.548518310000077,53.58085259100005,Häfen,Mitte-Süd
793,12,2021,8,1,10,3,9,1,1,0,0,0,0,0,0,1,8.548527239000066,53.58084940700007,Häfen,Mitte-Süd
814,12,2021,9,7,19,3,0,7,1,0,0,0,0,0,0,0,8.551637234000054,53.57071864000005,Häfen,Mitte-Süd
901,12,2021,9,1,15,3,0,7,1,0,0,0,0,0,0,0,8.55210168800005,53.579455289000066,Häfen,Mitte-Süd
359,12,2022,6,3,13,3,5,2,1,1,0,0,0,0,0,0,8.54276111200005,53.5875153980001,Häfen,Mitte-Süd
1070,12,2022,10,3,14,3,4,6,1,0,0,0,0,0,0,0,8.56042809900003,53.572460209,Häfen,Mitte-Süd
13,12,2023,5,3,7,3,0,1,1,0,0,0,0,0,0,1,8.552149394000025,53.57941783600006,Häfen,Mitte-Süd
382,12,2023,10,3,21,3,0,1,1,0,0,0,0,0,2,0,8.568021609000027,53.55126579800003,Häfen,Mitte-Süd
460,12,2023,10,3,7,3,0,1,1,0,0,0,0,0,2,1,8.565947951000055,53.567777454000066,Häfen,Mitte-Süd
863,12,2023,6,4,11,3,0,1,1,0,0,0,0,0,0,0,8.55008285200006,53.58024426900005,Häfen,Mitte-Süd
867,12,2023,6,3,22,3,0,1,1,0,0,0,0,0,1,0,8.549955304000036,53.58029411600006,Häfen,Mitte-Süd
101,11,2016,1,5,13,3,5,3,1,1,0,0,0,1,0,1,8.932147474,53.040040894,Hemelingen,Mahndorf
373,11,2016,5,4,14,3,4,7,1,0,0,0,0,0,0,0,8.944883756,53.03866626,Hemelingen,Mahndorf
571,11,2016,7,4,8,2,5,3,1,0,0,0,0,1,0,0,8.960646677,53.041993356,Hemelingen,Mahndorf
574,11,2016,7,6,18,3,1,5,1,1,0,0,0,0,0,0,8.95311679,53.038118466,Hemelingen,Mahndorf
782,11,2016,9,6,14,3,6,4,1,1,1,0,0,0,0,0,8.943732262,53.037997317,Hemelingen,Mahndorf
1027,11,2016,10,6,14,3,5,3,1,0,0,0,0,0,0,1,8.949886323,53.035368989,Hemelingen,Mahndorf
1072,11,2016,12,4,15,3,5,2,1,0,0,0,1,0,0,0,8.959230408,53.04187945,Hemelingen,Mahndorf
306,11,2017,3,5,18,3,1,5,1,1,0,0,0,0,0,0,8.936632574000043,53.038336377000064,Hemelingen,Mahndorf
394,11,2017,5,3,11,2,0,7,1,0,0,0,0,0,0,0,8.95100463700004,53.04166266300007,Hemelingen,Mahndorf
578,11,2017,7,2,17,3,5,3,1,1,0,0,0,0,0,0,8.941745574000038,53.03812270200007,Hemelingen,Mahndorf
698,11,2017,9,4,10,3,5,3,1,1,0,0,0,0,0,0,8.949854106000032,53.03535187700004,Hemelingen,Mahndorf
848,11,2017,8,1,16,3,5,3,1,1,0,0,0,0,0,0,8.947307942000066,53.03673961000004,Hemelingen,Mahndorf
1133,11,2017,11,7,8,3,5,3,1,1,0,0,0,0,0,0,8.941781357000025,53.038081472000044,Hemelingen,Mahndorf
30,11,2018,1,7,16,2,0,3,1,0,0,0,1,0,1,0,8.95921955800003,53.041875394000044,Hemelingen,Mahndorf
316,11,2018,5,5,18,3,0,7,1,0,0,0,0,0,0,0,8.95327786200005,53.034265565000055,Hemelingen,Mahndorf
950,11,2018,9,5,12,3,5,2,1,0,0,0,0,1,0,0,8.943904016000033,53.03798752600005,Hemelingen,Mahndorf
1127,11,2018,10,3,11,3,5,2,1,1,0,0,0,0,0,1,8.932317946000069,53.03882012200006,Hemelingen,Mahndorf
1208,11,2018,10,4,15,3,5,3,1,1,0,0,0,0,0,0,8.952095624000037,53.034593837000045,Hemelingen,Mahndorf
23,11,2019,1,2,7,3,0,7,1,0,0,0,0,0,2,1,8.950500765000072,53.03972105200006,Hemelingen,Mahndorf
130,11,2019,1,3,12,3,0,7,1,0,0,0,0,0,0,0,8.949522589000026,53.03557400300008,Hemelingen,Mahndorf
176,11,2019,4,5,16,3,5,2,1,1,0,0,0,0,0,0,8.936711186000025,53.03834922100003,Hemelingen,Mahndorf
181,11,2019,4,2,11,3,5,3,1,1,0,0,0,0,0,0,8.941806173000032,53.03808257700007,Hemelingen,Mahndorf
389,11,2019,4,5,5,3,3,6,1,0,0,0,0,1,1,1,8.969900779000056,53.042747045000056,Hemelingen,Mahndorf
494,11,2019,6,5,18,3,5,3,1,0,0,0,1,0,0,0,8.953750661000072,53.034106171000076,Hemelingen,Mahndorf
609,11,2019,8,5,17,3,5,3,1,1,0,0,0,0,0,0,8.948884530000043,53.035933604000036,Hemelingen,Mahndorf
965,11,2019,10,3,15,3,1,7,1,0,0,0,0,1,0,0,8.962998886000037,53.04378086600008,Hemelingen,Mahndorf
164,11,2020,4,3,18,3,3,2,1,1,0,0,0,0,0,0,8.946370444000024,53.03936371000003,Hemelingen,Mahndorf
289,11,2020,4,7,20,3,0,1,1,0,0,0,0,0,0,0,8.933030244000065,53.03893612200005,Hemelingen,Mahndorf
364,11,2020,5,4,16,3,4,6,1,0,0,0,0,0,0,0,8.933772473000033,53.038792543000056,Hemelingen,Mahndorf
576,11,2020,8,6,13,2,5,2,1,1,0,0,1,0,0,0,8.95977330900007,53.039161955000054,Hemelingen,Mahndorf
749,11,2020,9,6,16,3,5,3,1,1,0,0,0,0,0,0,8.95376450200007,53.03410142100006,Hemelingen,Mahndorf
1044,11,2020,12,2,11,3,5,3,1,1,0,0,0,0,0,0,8.931810771000073,53.04111863500003,Hemelingen,Mahndorf
350,11,2021,5,6,16,3,0,7,1,0,0,0,0,0,0,0,8.951116414000069,53.034950974000026,Hemelingen,Mahndorf
752,11,2021,10,5,14,3,5,3,1,1,0,0,0,0,0,0,8.934649935000039,53.04011568200008,Hemelingen,Mahndorf
823,11,2021,8,3,12,3,0,7,1,0,0,0,0,0,0,0,8.94753200200006,53.03662081900006,Hemelingen,Mahndorf
884,11,2021,11,4,7,3,3,6,1,1,0,0,0,0,1,0,8.965305917000023,53.039835752000045,Hemelingen,Mahndorf
234,11,2022,1,3,12,3,5,3,1,1,0,0,0,0,0,0,8.95918978700007,53.0418725040001,Hemelingen,Mahndorf
357,11,2022,7,6,15,3,5,3,1,1,0,0,0,0,0,1,8.96986373400006,53.0466864540001,Hemelingen,Mahndorf
563,11,2022,5,3,18,3,3,6,1,0,0,0,0,1,0,0,8.93833450400007,53.0370850040001,Hemelingen,Mahndorf
623,11,2022,9,5,14,3,5,3,1,1,0,0,0,0,0,0,8.93513358000007,53.0383688960001,Hemelingen,Mahndorf
837,11,2022,9,4,17,3,5,2,1,1,0,0,0,0,0,0,8.95370354400006,53.0341223410001,Hemelingen,Mahndorf
906,11,2022,10,5,18,2,0,7,1,0,0,0,0,0,1,0,8.93376039200007,53.038807735,Hemelingen,Mahndorf
1000,11,2022,9,5,15,3,5,2,1,1,0,0,0,0,0,1,8.94392226400004,53.0379861380001,Hemelingen,Mahndorf
76,11,2023,5,3,12,3,5,2,1,1,0,0,0,0,0,0,8.94364577600004,53.03800716900008,Hemelingen,Mahndorf
145,11,2023,4,5,14,3,5,3,1,0,0,0,0,0,0,1,8.935718311000073,53.038346457000046,Hemelingen,Mahndorf
153,11,2023,4,6,19,2,0,7,1,0,0,0,0,0,0,0,8.943892596000069,53.03798839400008,Hemelingen,Mahndorf
328,11,2023,1,4,15,3,3,2,1,0,0,0,0,1,0,1,8.959623326000042,53.039155340000036,Hemelingen,Mahndorf
517,11,2023,9,7,17,3,5,3,1,1,0,0,0,0,0,0,8.943600888000049,53.03801058300007,Hemelingen,Mahndorf
677,11,2023,7,6,5,3,5,3,1,1,0,0,0,0,1,1,8.93247279700006,53.03884464300006,Hemelingen,Mahndorf
703,11,2023,8,2,6,3,0,2,1,1,0,0,0,0,0,0,8.953779904000044,53.03409613500003,Hemelingen,Mahndorf
828,11,2023,6,5,14,2,5,3,1,1,0,0,0,0,0,0,8.95929383300006,53.04158851900007,Hemelingen,Mahndorf
920,11,2023,5,7,18,2,5,3,1,0,0,1,0,0,0,0,8.944342530000029,53.03843934500003,Hemelingen,Mahndorf
936,11,2023,12,3,15,3,5,3,1,1,0,0,0,0,0,0,8.931689069000072,53.04159920600006,Hemelingen,Mahndorf
961,11,2023,12,2,7,3,5,2,1,0,0,0,0,1,2,1,8.947142562000067,53.03682438000004,Hemelingen,Mahndorf
1007,11,2023,11,7,17,3,5,2,1,1,0,0,0,0,1,1,8.959249851000038,53.04182832200007,Hemelingen,Mahndorf
105,11,2016,2,3,14,2,5,3,1,0,0,0,1,0,0,0,8.729096426,53.085685483,Häfen,Neustädter Hafen
138,11,2017,3,3,13,3,3,7,1,0,0,0,0,0,0,0,8.725820234000025,53.10035724800008,Häfen,Neustädter Hafen
512,11,2017,7,5,8,3,5,3,1,1,0,0,0,0,0,0,8.730855796000071,53.09162355600006,Häfen,Neustädter Hafen
222,11,2018,4,5,6,3,5,3,1,0,0,0,1,0,0,0,8.741110544000037,53.09134478700008,Häfen,Neustädter Hafen
937,11,2018,9,6,21,3,5,3,1,1,0,0,0,0,2,0,8.748457278000046,53.085336615000074,Häfen,Neustädter Hafen
985,11,2018,9,4,13,3,5,3,1,0,0,0,1,0,0,0,8.751674200000025,53.08481357900007,Häfen,Neustädter Hafen
1073,11,2018,11,4,8,3,5,3,1,1,0,0,0,0,0,0,8.733448735000024,53.08733903700005,Häfen,Neustädter Hafen
30,11,2019,1,5,17,3,5,3,1,0,0,0,1,0,2,1,8.737180293000051,53.079766935000066,Häfen,Neustädter Hafen
330,11,2019,5,2,17,3,5,2,1,1,0,0,0,0,0,0,8.737046857000053,53.07972006600005,Häfen,Neustädter Hafen
582,11,2019,8,6,16,3,4,6,1,0,0,0,0,0,0,1,8.721558494000021,53.106409529000075,Häfen,Neustädter Hafen
618,11,2019,7,2,13,2,3,6,1,1,0,0,0,0,0,0,8.735476818000052,53.084239241000034,Häfen,Neustädter Hafen
195,11,2020,3,3,16,3,5,3,1,1,0,0,0,0,0,0,8.733400885000037,53.081269973000076,Häfen,Neustädter Hafen
216,11,2020,3,3,16,3,5,3,1,1,0,0,0,0,0,0,8.738595115000066,53.08842158900006,Häfen,Neustädter Hafen
423,11,2020,6,4,15,3,5,3,1,1,0,0,0,0,0,0,8.734759853000071,53.08176596200008,Häfen,Neustädter Hafen
697,11,2020,8,5,21,3,5,3,1,1,0,0,0,0,2,0,8.736892703000024,53.07978295800007,Häfen,Neustädter Hafen
714,11,2020,10,7,11,3,5,3,1,1,0,0,0,0,0,0,8.750514288000034,53.083682484000065,Häfen,Neustädter Hafen
266,11,2021,5,6,14,3,0,7,1,0,0,0,0,0,0,0,8.730370526000058,53.09152062900006,Häfen,Neustädter Hafen
485,11,2021,4,3,7,3,5,3,1,1,0,0,0,0,0,0,8.733480716000031,53.08739051200007,Häfen,Neustädter Hafen
410,11,2022,4,5,7,3,5,3,1,1,0,0,0,0,0,0,8.72921282300007,53.0856983470001,Häfen,Neustädter Hafen
460,11,2022,3,6,11,3,5,3,1,0,0,0,1,0,0,0,8.72915434400005,53.0857136380001,Häfen,Neustädter Hafen
573,11,2022,7,4,13,2,5,3,1,0,0,0,1,0,0,0,8.73474558000004,53.0817389150001,Häfen,Neustädter Hafen
822,11,2022,7,5,17,2,5,3,1,0,0,0,1,0,0,0,8.73094583600005,53.091642656,Häfen,Neustädter Hafen
924,11,2022,9,6,7,3,1,7,1,0,0,0,0,1,0,0,8.75235046200004,53.0822250520001,Häfen,Neustädter Hafen
327,11,2023,3,5,13,2,5,3,1,1,0,0,0,0,0,0,8.75122138300003,53.08230706300003,Häfen,Neustädter Hafen
336,11,2023,1,4,13,2,5,3,1,1,0,0,0,0,0,0,8.755502120000074,53.08128368700005,Häfen,Neustädter Hafen
106,11,2016,2,6,13,3,0,7,1,0,0,0,0,0,0,1,8.946480002,53.049811774,Osterholz,Osterholz
208,11,2016,4,3,14,3,5,2,1,1,0,0,0,0,0,1,8.923333567,53.059412249,Osterholz,Osterholz
332,11,2016,6,5,13,3,5,3,1,1,0,0,0,0,0,0,8.923337409,53.059131066,Osterholz,Osterholz
427,11,2016,6,4,12,3,0,7,1,1,0,0,0,0,0,0,8.957744933,53.051500665,Osterholz,Osterholz
431,11,2016,7,4,12,2,6,4,1,0,1,0,0,0,0,0,8.951556548,53.055366178,Osterholz,Osterholz
613,11,2016,7,3,11,2,0,7,1,0,0,0,0,1,0,0,8.954492941,53.045121464,Osterholz,Osterholz
652,11,2016,7,3,11,2,0,7,1,0,0,0,0,1,0,0,8.954507597,53.04512671,Osterholz,Osterholz
698,11,2016,8,3,13,3,5,3,1,1,0,0,0,0,0,1,8.957982762,53.048842848,Osterholz,Osterholz
755,11,2016,9,3,22,3,5,2,1,1,0,0,0,0,2,0,8.923355553,53.059411907,Osterholz,Osterholz
791,11,2016,8,4,9,3,5,3,1,1,0,0,0,0,0,0,8.945673119,53.058132992,Osterholz,Osterholz
800,11,2016,8,6,9,3,3,2,1,1,0,0,0,0,0,0,8.962343656,53.057404929,Osterholz,Osterholz
1083,11,2016,12,3,14,3,5,2,1,1,0,0,0,0,0,1,8.923292695,53.059412885,Osterholz,Osterholz
174,11,2017,2,1,19,3,8,6,1,1,0,0,0,0,2,1,8.944457881000062,53.05707214500006,Osterholz,Osterholz
516,11,2017,7,4,6,3,5,2,1,1,0,0,0,0,0,0,8.92338628400006,53.059346994000066,Osterholz,Osterholz
533,11,2017,7,6,11,3,0,7,1,0,0,0,0,1,0,0,8.947109173000058,53.05281468600003,Osterholz,Osterholz
1080,11,2017,11,3,14,3,5,2,1,1,0,0,0,0,0,1,8.939398416000074,53.05846391100005,Osterholz,Osterholz
120,11,2018,2,4,5,3,5,3,1,1,0,0,0,0,2,1,8.93895572300005,53.058543987000064,Osterholz,Osterholz
363,11,2018,5,3,17,3,5,2,1,1,0,0,0,0,0,0,8.95939136800007,53.04719750500004,Osterholz,Osterholz
475,11,2018,6,7,18,3,3,2,1,1,0,0,0,0,0,0,8.961919129000023,53.05323371000003,Osterholz,Osterholz
637,11,2018,6,2,20,3,1,2,1,0,0,0,0,0,0,0,8.959080116000052,53.04712479400007,Osterholz,Osterholz
669,11,2018,8,4,16,2,3,2,1,0,0,0,0,1,0,0,8.951599080000051,53.05786617600006,Osterholz,Osterholz
756,11,2018,7,2,15,3,5,3,1,0,0,0,0,0,0,0,8.948117801000024,53.055762464000054,Osterholz,Osterholz
844,11,2018,7,6,13,3,5,3,1,1,0,0,0,0,0,0,8.929492566000022,53.05907453000003,Osterholz,Osterholz
1134,11,2018,11,5,8,3,5,3,1,1,0,0,0,0,0,1,8.936763943000074,53.058663695000064,Osterholz,Osterholz
1157,11,2018,11,6,16,3,4,2,1,1,0,0,0,0,1,0,8.96004739600005,53.05094725100008,Osterholz,Osterholz
1164,11,2018,11,5,13,3,5,3,1,1,0,0,0,0,0,1,8.942403309000042,53.05836827300004,Osterholz,Osterholz
1304,11,2018,12,6,12,3,5,3,1,1,0,0,0,0,0,1,8.95044979000005,53.057933939000065,Osterholz,Osterholz
66,11,2019,2,5,18,3,5,3,1,1,0,0,0,0,1,0,8.96240614800007,53.05740761200008,Osterholz,Osterholz
270,11,2019,3,4,15,3,5,3,1,0,0,1,0,0,0,1,8.942575623000039,53.057299811000064,Osterholz,Osterholz
406,11,2019,4,7,12,3,5,3,1,1,0,0,0,0,0,0,8.955920719000062,53.04658589500008,Osterholz,Osterholz
690,11,2019,8,2,11,3,0,7,1,1,0,0,0,0,0,0,8.956632532000071,53.05601341500005,Osterholz,Osterholz
159,11,2020,4,2,19,3,5,3,1,1,0,0,0,0,0,0,8.945677257000057,53.05814487600003,Osterholz,Osterholz
231,11,2020,3,4,8,3,5,3,1,0,0,0,0,1,0,0,8.93515928000005,53.05875374400006,Osterholz,Osterholz
359,11,2020,7,5,17,3,1,7,1,1,0,0,0,0,0,0,8.929698060000021,53.05906364600003,Osterholz,Osterholz
399,11,2020,6,4,12,2,5,2,1,0,0,0,0,0,0,0,8.94814324500004,53.05582799500007,Osterholz,Osterholz
446,11,2020,6,2,12,2,0,7,1,1,0,0,0,1,0,0,8.961261541000056,53.05738126400007,Osterholz,Osterholz
533,11,2020,8,2,16,3,5,2,1,1,0,0,0,0,0,0,8.963400018000073,53.05737514800006,Osterholz,Osterholz
671,11,2020,7,4,8,3,5,3,1,1,0,0,0,0,0,0,8.955058018000045,53.05757982200004,Osterholz,Osterholz
710,11,2020,9,5,16,3,3,2,1,1,0,0,0,0,0,0,8.959378308000055,53.04718662000005,Osterholz,Osterholz
931,11,2020,11,4,17,3,3,2,1,1,0,0,0,0,2,0,8.919938944000023,53.05958313700006,Osterholz,Osterholz
970,11,2020,11,6,14,3,5,2,1,1,0,0,0,0,0,1,8.93514366200003,53.05875462000006,Osterholz,Osterholz
1014,11,2020,11,5,16,3,5,3,1,1,0,0,0,0,1,1,8.929521398000077,53.05907322300004,Osterholz,Osterholz
1042,11,2020,10,4,12,3,5,2,1,1,0,0,0,0,0,0,8.94612442700003,53.04871356800004,Osterholz,Osterholz
180,11,2021,1,5,5,3,5,3,1,1,0,0,0,0,2,1,8.95132516800004,53.05787926700003,Osterholz,Osterholz
283,11,2021,7,7,11,3,5,7,1,1,0,0,0,0,0,1,8.952869718000045,53.05779388900004,Osterholz,Osterholz
90,11,2022,1,2,9,3,1,7,1,1,0,0,0,0,0,1,8.95136324400005,53.0578774470001,Osterholz,Osterholz
111,11,2022,5,6,4,3,7,7,1,0,0,0,0,0,1,0,8.93470490600004,53.0587788490001,Osterholz,Osterholz
424,11,2022,2,4,10,3,4,6,1,1,0,0,0,0,0,1,8.95039952000008,53.0579363680001,Osterholz,Osterholz
483,11,2022,5,3,16,3,5,3,1,1,0,0,0,0,0,0,8.93051044800006,53.0590156120001,Osterholz,Osterholz
501,11,2022,1,6,12,3,5,2,1,0,0,0,0,0,0,0,8.95126366000005,53.057882206,Osterholz,Osterholz
538,11,2022,6,4,8,3,3,2,1,0,0,0,1,0,0,0,8.92338680700004,53.0593632470001,Osterholz,Osterholz
693,11,2022,9,4,9,3,5,2,1,1,0,0,0,0,0,0,8.95938981500007,53.04719621,Osterholz,Osterholz
875,11,2022,8,1,18,3,5,2,1,1,0,0,0,0,0,0,8.94101847400003,53.0583995010001,Osterholz,Osterholz
878,11,2022,8,7,18,3,5,3,1,1,0,0,0,0,0,0,8.95202453800005,53.0527885490001,Osterholz,Osterholz
930,11,2022,9,4,5,3,5,2,1,1,0,0,0,0,0,0,8.92953743900006,53.0590724960001,Osterholz,Osterholz
945,11,2022,8,2,23,3,0,7,1,0,0,0,0,0,2,0,8.93400950200004,53.0588163780001,Osterholz,Osterholz
985,11,2022,10,3,14,2,0,7,1,0,0,0,0,0,0,0,8.95514642300003,53.0575688710001,Osterholz,Osterholz
45,11,2023,5,2,17,3,4,6,1,1,0,0,0,0,0,0,8.950466736000067,53.05602165400006,Osterholz,Osterholz
315,11,2023,1,5,17,3,5,3,1,1,0,0,0,0,1,1,8.945131111000023,53.058217253000066,Osterholz,Osterholz
362,11,2023,11,4,14,3,3,2,1,1,0,0,0,0,0,0,8.941019857000072,53.05840401800003,Osterholz,Osterholz
482,11,2023,9,3,7,2,5,2,1,1,0,0,0,0,0,0,8.954538680000041,53.057641465000074,Osterholz,Osterholz
489,11,2023,9,2,11,2,5,2,1,0,0,0,1,0,0,0,8.960794419000024,53.04925986900008,Osterholz,Osterholz
537,11,2023,9,2,13,3,5,3,1,1,0,0,0,0,0,0,8.96052867700007,53.04861369000008,Osterholz,Osterholz
619,11,2023,8,1,10,3,5,2,1,1,0,0,0,0,0,0,8.954643212000065,53.057577105000064,Osterholz,Osterholz
769,11,2023,6,3,10,3,0,7,1,0,0,0,0,0,0,0,8.941135771000063,53.05843637000004,Osterholz,Osterholz
883,11,2023,6,2,7,3,5,2,1,1,0,0,0,0,0,0,8.941359263000038,53.05842500500006,Osterholz,Osterholz
108,11,2016,2,3,17,3,5,3,1,1,0,0,0,0,2,1,8.904453109,53.078509048,Vahr,Neue Vahr Südost
343,11,2016,4,2,13,3,5,3,1,1,0,0,0,0,0,1,8.901515182,53.077042055,Vahr,Neue Vahr Südost
364,11,2016,5,4,21,3,5,3,1,1,0,0,0,0,1,0,8.89233521,53.079529,Vahr,Neue Vahr Südost
414,11,2016,5,7,16,3,5,3,1,1,0,0,0,0,0,0,8.89629761,53.079216266,Vahr,Neue Vahr Südost
455,11,2016,6,3,6,3,5,3,1,1,0,0,0,0,0,1,8.908086112,53.078395482,Vahr,Neue Vahr Südost
699,11,2016,7,1,23,3,6,4,1,0,1,0,0,0,2,0,8.894631362,53.08042675,Vahr,Neue Vahr Südost
932,11,2016,10,6,16,3,0,7,1,1,0,0,0,0,0,0,8.893067377,53.082222825,Vahr,Neue Vahr Südost
1039,11,2016,10,6,11,3,0,1,1,0,0,0,0,0,0,1,8.896328236,53.079425142,Vahr,Neue Vahr Südost
58,11,2017,1,5,12,3,5,3,1,1,0,0,0,0,0,1,8.896299403000057,53.07925385400006,Vahr,Neue Vahr Südost
215,11,2017,4,6,17,3,5,3,1,1,0,0,0,0,0,0,8.894585017000054,53.07945953400008,Vahr,Neue Vahr Südost
400,11,2017,5,2,7,3,5,3,1,1,0,0,0,0,0,0,8.89456311300006,53.07945943900006,Vahr,Neue Vahr Südost
451,11,2017,5,5,12,3,5,3,1,1,0,0,0,0,0,0,8.893336653000063,53.08242836200003,Vahr,Neue Vahr Südost
500,11,2017,7,2,20,2,5,3,1,1,0,0,0,0,2,1,8.892866157000071,53.082440260000055,Vahr,Neue Vahr Südost
521,11,2017,7,3,17,2,5,3,1,0,0,0,0,1,0,0,8.901173154000048,53.07886855400005,Vahr,Neue Vahr Südost
612,11,2017,6,4,11,3,5,3,1,1,0,0,0,0,0,0,8.893153103000031,53.082222313000045,Vahr,Neue Vahr Südost
837,11,2017,8,2,11,3,5,3,1,1,0,0,0,0,0,0,8.894596088000071,53.07945958300007,Vahr,Neue Vahr Südost
960,11,2017,10,6,7,3,4,6,1,0,0,0,0,0,1,1,8.902300452000077,53.082139760000075,Vahr,Neue Vahr Südost
117,11,2018,3,5,13,3,5,3,1,0,0,0,0,1,0,0,8.910933412000077,53.077349542000036,Vahr,Neue Vahr Südost
299,11,2018,5,6,13,3,5,3,1,1,0,0,0,0,0,0,8.905977993000022,53.07844722800007,Vahr,Neue Vahr Südost
568,11,2018,6,2,15,3,5,3,1,0,0,0,0,1,0,0,8.910354932000075,53.07809598800003,Vahr,Neue Vahr Südost
631,11,2018,6,3,10,3,5,3,1,1,0,0,0,0,0,0,8.904464052000037,53.07850526300007,Vahr,Neue Vahr Südost
920,11,2018,9,7,17,3,5,3,1,0,0,0,0,1,0,0,8.911348364000048,53.07843763500006,Vahr,Neue Vahr Südost
973,11,2018,9,5,15,3,5,3,1,1,0,0,0,0,0,0,8.897585924000055,53.079364088000034,Vahr,Neue Vahr Südost
1282,11,2018,12,2,13,3,5,3,1,0,0,0,0,1,0,0,8.911564387000055,53.07849732500006,Vahr,Neue Vahr Südost
40,11,2019,1,2,7,3,5,3,1,1,0,0,0,0,2,1,8.904485326000042,53.078508620000036,Vahr,Neue Vahr Südost
69,11,2019,2,2,7,3,5,3,1,0,0,0,0,1,1,0,8.899564178000048,53.077691798000046,Vahr,Neue Vahr Südost
128,11,2019,1,4,7,2,5,3,1,1,0,0,0,0,1,0,8.894582953000054,53.079459556000074,Vahr,Neue Vahr Südost
133,11,2019,2,5,12,3,5,3,1,1,0,0,0,0,0,0,8.89242130100007,53.08112039400004,Vahr,Neue Vahr Südost
221,11,2019,3,3,8,3,5,3,1,1,0,0,0,0,0,0,8.896353145000035,53.07925830700003,Vahr,Neue Vahr Südost
555,11,2019,5,3,7,3,5,3,1,1,0,0,0,0,0,0,8.894607114000053,53.07945965200008,Vahr,Neue Vahr Südost
725,11,2019,9,5,10,3,5,3,1,1,0,0,0,0,0,0,8.904439151000076,53.07850133300008,Vahr,Neue Vahr Südost
905,11,2019,11,5,12,3,5,3,1,1,0,0,0,0,0,0,8.89247038700006,53.08120519100004,Vahr,Neue Vahr Südost
40,11,2020,2,3,9,2,5,3,1,1,0,0,0,0,0,1,8.893336057000056,53.08222376300006,Vahr,Neue Vahr Südost
125,11,2020,1,4,8,3,5,3,1,1,0,0,0,0,0,1,8.894103079000047,53.082222914000056,Vahr,Neue Vahr Südost