,UKREIS,UJAHR,UMONAT,UWOCHENTAG,USTUNDE,UKATEGORIE,UART,UTYP1,IstRad,IstPKW,IstFuss,IstKrad,IstGkfz,IstSonstig,ULICHTVERH,STRZUSTAND,longitude,latitude,Stadtteil,Ortsteil
884,11,2020,10,7,13,2,0,7,1,0,0,0,0,0,0,1,8.896308591000036,53.07925983200005,Vahr,Neue Vahr Südost
901,11,2020,10,3,8,3,0,7,1,0,0,0,0,0,0,0,8.899178318000054,53.07619755200005,Vahr,Neue Vahr Südost
9,11,2021,2,4,20,3,5,3,1,1,0,0,0,0,2,0,8.896314760000053,53.07925962100006,Vahr,Neue Vahr Südost
34,11,2021,6,7,16,3,0,3,1,0,0,0,0,0,0,0,8.898495644000036,53.077757133000034,Vahr,Neue Vahr Südost
48,11,2021,6,5,19,3,0,7,1,1,0,0,0,0,0,1,8.907288024000025,53.078465607000055,Vahr,Neue Vahr Südost
188,11,2021,7,4,11,2,5,3,1,1,0,0,0,0,0,0,8.896447476000048,53.07925509200004,Vahr,Neue Vahr Südost
399,11,2021,1,7,23,3,5,3,1,1,0,0,0,0,2,0,8.900838149000037,53.078676751000046,Vahr,Neue Vahr Südost
531,11,2021,10,2,10,3,5,2,1,1,0,0,0,0,0,0,8.896723460000032,53.08052003300003,Vahr,Neue Vahr Südost
577,11,2021,11,3,10,3,4,6,1,0,0,0,0,0,0,0,8.89237051200007,53.07937103900008,Vahr,Neue Vahr Südost
905,11,2021,11,6,16,3,6,3,1,0,1,0,0,0,1,1,8.893223702000057,53.08240952800003,Vahr,Neue Vahr Südost
345,11,2022,5,3,8,3,0,1,1,0,0,0,0,0,0,0,8.90054175200004,53.080389552,Vahr,Neue Vahr Südost
1061,11,2022,11,7,18,3,5,2,1,1,0,0,0,0,2,1,8.89237618000004,53.0793352000001,Vahr,Neue Vahr Südost
220,11,2023,3,6,11,3,5,3,1,1,0,0,0,0,0,0,8.892387308000025,53.08135108300007,Vahr,Neue Vahr Südost
944,11,2023,12,3,15,3,0,7,1,0,1,0,0,0,0,1,8.896268186000043,53.07727427800006,Vahr,Neue Vahr Südost
116,11,2016,4,2,8,3,5,3,1,1,0,0,0,0,0,1,8.675242819,53.173603239,Burglesum,St.Magnus
271,11,2016,5,2,16,2,5,3,1,1,0,0,0,0,0,0,8.666022838,53.175457519,Burglesum,St.Magnus
693,11,2016,8,4,6,3,0,7,1,0,0,0,0,1,0,0,8.661476751,53.161662004,Burglesum,St.Magnus
848,11,2016,8,1,1,3,0,1,1,0,0,0,0,0,2,0,8.661214442,53.176433038,Burglesum,St.Magnus
157,11,2017,2,3,19,2,5,3,1,1,0,0,0,0,2,0,8.658618895000075,53.172988823000026,Burglesum,St.Magnus
465,11,2017,5,2,15,2,5,3,1,1,0,0,0,0,0,0,8.661638584000059,53.16709569800008,Burglesum,St.Magnus
682,11,2017,9,7,19,3,1,7,1,1,0,0,0,0,1,1,8.657503848000033,53.173678790000054,Burglesum,St.Magnus
781,11,2017,8,5,14,3,5,3,1,1,0,0,0,0,0,0,8.676565735000054,53.16945693900004,Burglesum,St.Magnus
662,11,2018,8,6,11,3,5,2,1,1,0,0,0,0,0,0,8.66379463000004,53.17543652900008,Burglesum,St.Magnus
719,11,2018,8,7,15,3,0,7,1,0,0,0,0,0,0,0,8.667591636000054,53.175134384000046,Burglesum,St.Magnus
932,11,2018,9,5,17,3,5,3,1,1,0,0,0,0,0,0,8.656489330000056,53.17460881000005,Burglesum,St.Magnus
988,11,2018,9,4,13,2,5,3,1,0,0,0,0,0,0,0,8.670167879000076,53.17459540800007,Burglesum,St.Magnus
207,11,2019,3,7,10,3,3,6,1,1,0,0,0,0,0,0,8.670196622000049,53.17461653300006,Burglesum,St.Magnus
459,11,2019,6,5,7,3,5,3,1,1,0,0,0,0,0,0,8.658359038000071,53.17425820600005,Burglesum,St.Magnus
521,11,2019,6,4,11,2,2,6,1,1,0,0,0,0,0,0,8.66994875100005,53.17464708700004,Burglesum,St.Magnus
803,11,2019,8,6,20,3,1,7,1,1,0,0,0,0,0,0,8.662536695000028,53.170251560000054,Burglesum,St.Magnus
883,11,2019,8,4,16,3,0,7,1,1,0,0,0,0,0,0,8.656253586000048,53.174581028000034,Burglesum,St.Magnus
151,11,2020,1,5,14,2,0,7,1,0,0,0,0,0,0,1,8.669167408000021,53.17213227900004,Burglesum,St.Magnus
753,11,2020,10,4,16,3,5,2,1,1,0,0,0,0,0,1,8.65713402800003,53.17467908500004,Burglesum,St.Magnus
870,11,2020,10,5,14,2,6,6,1,0,1,0,0,0,0,1,8.660544259000062,53.17505692300006,Burglesum,St.Magnus
887,11,2020,9,4,17,2,0,1,1,0,0,0,0,0,0,0,8.676748277000058,53.165619022000044,Burglesum,St.Magnus
212,11,2021,6,3,17,3,5,3,1,1,0,0,0,0,0,0,8.663387886000066,53.17535709100008,Burglesum,St.Magnus
497,11,2021,5,2,17,3,6,4,1,0,1,0,0,0,0,1,8.672476790000076,53.164978467000026,Burglesum,St.Magnus
819,11,2021,12,2,7,3,0,7,1,0,0,0,0,0,0,0,8.67319864700005,53.17560212300003,Burglesum,St.Magnus
830,11,2021,9,3,10,2,3,6,1,1,0,0,0,0,0,0,8.65988616200002,53.17167213400006,Burglesum,St.Magnus
23,11,2022,3,6,15,3,5,3,1,1,0,0,0,0,0,0,8.65914903100003,53.165431713,Burglesum,St.Magnus
86,11,2022,6,7,13,3,2,5,1,1,0,0,0,0,0,0,8.66537735500003,53.164264094,Burglesum,St.Magnus
967,11,2022,11,5,15,3,5,3,1,1,0,0,0,0,0,0,8.66789947900003,53.1750564170001,Burglesum,St.Magnus
542,11,2023,9,7,17,2,0,7,1,0,0,0,0,0,0,0,8.66845330700005,53.17494297600007,Burglesum,St.Magnus
781,11,2023,6,6,11,3,5,2,1,1,0,0,0,0,0,1,8.669866083000045,53.17461912700003,Burglesum,St.Magnus
985,11,2023,11,6,12,2,5,3,1,0,0,0,0,1,0,1,8.665400722000072,53.16429915600003,Burglesum,St.Magnus
118,11,2016,4,1,23,3,0,1,1,0,0,0,0,0,2,0,8.848026556,53.050935324,Obervieland,Habenhausen
184,11,2016,4,7,19,3,4,6,1,0,1,0,0,0,0,0,8.860271883,53.049470002,Obervieland,Habenhausen
302,11,2016,5,1,15,3,1,5,1,1,0,0,0,0,0,0,8.843141331,53.055526187,Obervieland,Habenhausen
342,11,2016,5,5,9,3,0,7,1,0,0,0,0,0,0,0,8.858665978,53.048922385,Obervieland,Habenhausen
408,11,2016,6,7,18,3,0,7,1,0,0,0,0,0,0,0,8.858637406,53.048912709,Obervieland,Habenhausen
413,11,2016,6,5,10,3,5,3,1,1,0,0,0,0,0,0,8.860928409,53.049712605,Obervieland,Habenhausen
532,11,2016,7,2,19,3,5,3,1,1,0,0,0,0,0,0,8.850454945,53.041625105,Obervieland,Habenhausen
668,11,2016,7,3,1,3,5,3,1,1,0,0,0,0,2,0,8.84489116,53.045803426,Obervieland,Habenhausen
678,11,2016,8,3,15,3,5,3,1,1,0,0,0,0,0,0,8.849731047,53.048971602,Obervieland,Habenhausen
742,11,2016,9,6,7,3,5,2,1,1,0,0,0,0,0,0,8.846293129,53.047508966,Obervieland,Habenhausen
822,11,2016,9,4,1,2,0,7,1,0,0,0,0,0,2,0,8.852305615,53.057182363,Obervieland,Habenhausen
977,11,2016,10,2,7,3,5,2,1,1,0,0,0,0,1,1,8.851000054,53.045321735,Obervieland,Habenhausen
1021,11,2016,11,6,12,3,3,6,1,0,0,0,0,0,0,0,8.845521676,53.046614505,Obervieland,Habenhausen
1075,11,2016,12,5,17,3,5,2,1,1,0,0,0,0,2,0,8.844818264,53.045649787,Obervieland,Habenhausen
1108,11,2016,11,2,13,3,5,3,1,1,0,0,0,0,0,0,8.850670636,53.038340474,Obervieland,Habenhausen
52,11,2017,1,3,7,3,5,3,1,1,0,0,0,0,1,0,8.846452087000046,53.04842701700005,Obervieland,Habenhausen
71,11,2017,1,3,11,3,5,3,1,1,0,0,0,0,0,1,8.838866587000041,53.05081316900004,Obervieland,Habenhausen
95,11,2017,3,5,7,2,5,3,1,1,0,0,0,0,0,0,8.84647269800007,53.048464006000074,Obervieland,Habenhausen
144,11,2017,3,7,15,2,5,3,1,0,0,0,0,1,0,0,8.858003477000068,53.04602494900007,Obervieland,Habenhausen
151,11,2017,3,4,13,3,0,7,1,0,0,0,0,0,0,0,8.844892126000047,53.04575763400004,Obervieland,Habenhausen
203,11,2017,5,4,17,3,5,2,1,0,0,0,0,0,0,0,8.84789760600006,53.04953916900007,Obervieland,Habenhausen
221,11,2017,4,5,5,3,4,6,1,1,0,0,0,0,1,0,8.864321245000042,53.052364441000066,Obervieland,Habenhausen
552,11,2017,7,7,22,3,4,6,1,0,0,0,0,0,2,0,8.851930723000066,53.05582565900005,Obervieland,Habenhausen
559,11,2017,7,5,17,3,6,4,1,0,1,0,0,0,0,0,8.851933236000036,53.05830977900007,Obervieland,Habenhausen
715,11,2017,9,2,17,3,1,3,1,1,0,0,0,0,0,0,8.85905253900006,53.042635242000074,Obervieland,Habenhausen
910,11,2017,10,1,17,2,0,1,1,0,0,0,0,0,2,1,8.859433572000057,53.04680990300005,Obervieland,Habenhausen
1038,11,2017,9,6,8,3,3,6,1,1,0,0,0,0,0,0,8.849723177000044,53.049222272000065,Obervieland,Habenhausen
215,11,2018,4,7,13,3,0,1,1,0,0,0,0,0,0,0,8.852706668000053,53.04754319400007,Obervieland,Habenhausen
270,11,2018,4,2,7,3,5,2,1,1,0,0,0,0,0,0,8.848623925000027,53.05054809100005,Obervieland,Habenhausen
292,11,2018,5,3,6,3,4,6,1,1,0,0,0,0,0,0,8.848347090000061,53.03862752100008,Obervieland,Habenhausen
422,11,2018,5,2,18,3,4,6,1,0,0,0,0,0,0,0,8.84776493000004,53.04403871800008,Obervieland,Habenhausen
436,11,2018,5,7,17,2,5,3,1,0,0,0,0,0,0,0,8.858277549000036,53.04880308600008,Obervieland,Habenhausen
553,11,2018,7,1,18,3,5,3,1,1,0,0,0,0,0,0,8.846947059000058,53.048264740000036,Obervieland,Habenhausen
574,11,2018,6,6,13,3,5,3,1,1,0,0,0,0,0,0,8.849805855000056,53.05044089000006,Obervieland,Habenhausen
597,11,2018,6,5,15,3,5,3,1,1,0,0,0,0,0,0,8.846933475000071,53.04831568000003,Obervieland,Habenhausen
601,11,2018,7,7,16,2,0,7,1,0,0,0,0,0,0,0,8.860542635000058,53.04958218100006,Obervieland,Habenhausen
841,11,2018,8,2,18,3,5,3,1,1,0,0,0,0,1,1,8.847640452000064,53.04919238700006,Obervieland,Habenhausen
956,11,2018,9,5,15,2,4,6,1,0,0,0,0,0,0,0,8.850957899000036,53.04534251300004,Obervieland,Habenhausen
981,11,2018,9,4,11,3,3,6,1,1,0,0,0,0,0,0,8.849644988000023,53.04151301400003,Obervieland,Habenhausen
1007,11,2018,10,3,11,3,5,2,1,0,0,0,1,0,0,1,8.845141132000037,53.04574763900007,Obervieland,Habenhausen
1040,11,2018,8,6,17,3,0,6,1,0,0,0,0,1,0,0,8.855351506000034,53.04547990100008,Obervieland,Habenhausen
1159,11,2018,11,6,12,3,5,3,1,1,0,0,0,0,0,0,8.857926593000059,53.03988640500006,Obervieland,Habenhausen
1190,11,2018,10,6,16,3,5,2,1,0,0,0,0,1,0,0,8.846919533000062,53.04829888200004,Obervieland,Habenhausen
1196,11,2018,10,5,13,3,5,3,1,0,0,0,0,0,0,1,8.84692164200004,53.048301423000055,Obervieland,Habenhausen
1237,11,2018,12,3,8,2,5,2,1,1,0,0,0,0,0,1,8.844921677000059,53.04578307300005,Obervieland,Habenhausen
31,11,2019,1,4,17,3,5,6,1,1,0,0,0,0,1,0,8.846913246000042,53.048291309000035,Obervieland,Habenhausen
147,11,2019,2,2,9,3,5,2,1,1,0,0,0,0,0,0,8.848482162000039,53.05029593100005,Obervieland,Habenhausen
193,11,2019,4,4,13,3,5,2,1,1,0,0,0,0,0,0,8.847403418000056,53.05051033800004,Obervieland,Habenhausen
435,11,2019,6,3,21,3,0,2,1,1,0,0,0,0,1,0,8.835290351000026,53.06290929200003,Obervieland,Habenhausen
920,11,2019,11,7,17,3,5,3,1,1,0,0,0,0,2,1,8.846335191000037,53.04748286900008,Obervieland,Habenhausen
921,11,2019,11,7,19,3,0,7,1,0,0,0,0,1,2,1,8.851721319000035,53.05532380100004,Obervieland,Habenhausen
1118,11,2019,12,5,16,3,5,3,1,1,0,0,0,0,1,0,8.846923660000073,53.04830385400004,Obervieland,Habenhausen
1150,11,2019,12,3,14,3,5,2,1,0,0,0,0,1,0,1,8.850892094000073,53.04534312200008,Obervieland,Habenhausen
65,11,2020,1,6,11,2,3,6,1,1,0,0,0,0,0,0,8.853178721000063,53.04883724200005,Obervieland,Habenhausen
82,11,2020,2,5,12,3,4,3,1,1,0,0,0,0,0,0,8.846930491000023,53.04831208300004,Obervieland,Habenhausen
390,11,2020,7,5,12,3,0,7,1,0,0,0,0,0,0,0,8.858882359000063,53.04525762000003,Obervieland,Habenhausen
403,11,2020,6,2,14,3,5,3,1,1,0,0,0,0,0,0,8.84495895200007,53.04577728700008,Obervieland,Habenhausen
408,11,2020,6,2,18,3,6,7,1,0,1,0,0,0,0,0,8.848775638000063,53.05081355200008,Obervieland,Habenhausen
664,11,2020,7,4,12,3,5,3,1,1,0,0,0,0,0,0,8.852613278000035,53.04759731100006,Obervieland,Habenhausen
675,11,2020,8,3,15,3,1,5,1,1,0,0,0,0,0,0,8.857092266000052,53.04247735800004,Obervieland,Habenhausen
743,11,2020,9,7,16,3,5,2,1,1,0,0,0,0,0,0,8.849740026000063,53.047770082000056,Obervieland,Habenhausen
760,11,2020,9,5,11,2,5,3,1,1,0,0,0,0,0,1,8.846928828000046,53.048269865000066,Obervieland,Habenhausen
782,11,2020,10,2,14,3,5,3,1,1,0,0,0,0,0,0,8.849739802000045,53.04779772000006,Obervieland,Habenhausen
800,11,2020,9,6,13,3,5,3,1,1,0,0,0,0,0,0,8.846916455000041,53.04829517400003,Obervieland,Habenhausen
807,11,2020,10,6,13,3,5,2,1,1,0,0,0,0,0,0,8.848631228000045,53.05056086800005,Obervieland,Habenhausen
831,11,2020,9,4,17,3,5,3,1,1,0,0,0,0,0,0,8.844863171000043,53.04579215100006,Obervieland,Habenhausen
838,11,2020,9,3,19,3,3,6,1,0,0,0,0,0,1,0,8.86091304300004,53.049706968000066,Obervieland,Habenhausen
975,11,2020,11,6,12,3,5,2,1,1,0,0,0,0,0,1,8.847899040000073,53.05054101500008,Obervieland,Habenhausen
984,11,2020,11,4,15,3,3,2,1,1,0,0,0,0,0,0,8.843078930000047,53.055550700000026,Obervieland,Habenhausen
1022,11,2020,11,4,6,3,0,3,1,1,0,0,0,0,2,1,8.846923631000038,53.04830382000006,Obervieland,Habenhausen
81,11,2021,6,5,17,3,1,7,1,1,0,0,0,0,0,1,8.846065278000026,53.05033325000005,Obervieland,Habenhausen
264,11,2021,7,5,18,3,5,3,1,1,0,0,0,0,0,0,8.848653554000066,53.05050565700003,Obervieland,Habenhausen
268,11,2021,3,4,10,2,0,7,1,1,0,0,0,0,0,0,8.849732433000042,53.048705548000044,Obervieland,Habenhausen
281,11,2021,1,6,20,3,8,6,1,0,0,0,0,1,2,0,8.856917180000039,53.04580169600007,Obervieland,Habenhausen
302,11,2021,3,6,16,3,5,3,1,1,0,0,0,0,0,0,8.846299890000068,53.047492463000026,Obervieland,Habenhausen
424,11,2021,6,2,13,3,3,6,1,1,0,0,0,0,0,0,8.844133747000058,53.05546252900007,Obervieland,Habenhausen
427,11,2021,3,6,19,3,5,2,1,1,0,0,0,0,2,0,8.844868278000035,53.04579135900008,Obervieland,Habenhausen
479,11,2021,7,4,23,3,9,7,1,0,0,0,0,0,2,0,8.851996976000066,53.05600279500004,Obervieland,Habenhausen
535,11,2021,12,5,16,3,5,3,1,1,0,0,0,0,1,0,8.847517617000051,53.050199070000076,Obervieland,Habenhausen
725,11,2021,10,6,8,3,5,3,1,1,0,0,0,0,0,0,8.850444037000045,53.03853581000004,Obervieland,Habenhausen
796,11,2021,10,7,17,1,5,2,1,0,0,0,0,0,0,0,8.852266385000064,53.05695064400004,Obervieland,Habenhausen
807,11,2021,12,3,17,3,5,3,1,1,0,0,0,0,2,1,8.853107542000032,53.04906235200008,Obervieland,Habenhausen
820,11,2021,12,6,11,3,0,7,1,1,0,0,0,0,0,0,8.847423843000058,53.041499173000034,Obervieland,Habenhausen
89,11,2022,6,7,19,3,0,1,1,0,0,0,0,0,0,0,8.84608288800007,53.047779446,Obervieland,Habenhausen
220,11,2022,4,3,14,2,5,2,1,1,0,0,0,0,0,0,8.84244398800007,53.046507305,Obervieland,Habenhausen
249,11,2022,3,5,9,3,2,5,1,1,0,0,0,0,0,1,8.85784961400003,53.0493210170001,Obervieland,Habenhausen
280,11,2022,3,4,7,3,4,6,1,0,0,0,0,0,0,0,8.85230975400003,53.057194302,Obervieland,Habenhausen
333,11,2022,2,5,8,3,5,3,1,1,0,0,0,0,0,1,8.84779089500006,53.0505704930001,Obervieland,Habenhausen
707,11,2022,8,4,7,3,5,2,1,1,0,0,0,0,0,0,8.84498232300007,53.045730038,Obervieland,Habenhausen
819,11,2022,12,2,7,3,6,4,1,0,1,0,0,0,2,1,8.83918667500006,53.0508141440001,Obervieland,Habenhausen
35,11,2023,5,4,13,3,5,3,1,0,0,0,0,0,0,0,8.858238289000042,53.04881412900005,Obervieland,Habenhausen
159,11,2023,4,2,12,2,0,7,1,0,0,0,0,0,0,0,8.848306197000056,53.05127951000003,Obervieland,Habenhausen
469,11,2023,9,6,20,2,5,2,1,0,0,0,0,1,2,1,8.84777168100004,53.05054085200004,Obervieland,Habenhausen
504,11,2023,9,4,17,2,3,6,1,0,0,0,0,0,0,0,8.836044239000046,53.06219448300004,Obervieland,Habenhausen
594,11,2023,8,1,20,3,0,7,1,0,0,0,0,0,2,0,8.852232823000065,53.05680282800006,Obervieland,Habenhausen
914,11,2023,5,1,16,3,5,3,1,1,0,0,0,0,0,0,8.848064562000047,53.050985687000036,Obervieland,Habenhausen
951,11,2023,12,6,18,3,3,6,1,0,0,0,0,1,0,1,8.859453859000041,53.04721117000008,Obervieland,Habenhausen
1021,11,2023,11,3,16,3,3,6,1,1,0,0,0,0,0,1,8.852696877000028,53.050525651000044,Obervieland,Habenhausen
1031,11,2023,5,1,22,3,0,7,1,0,0,0,0,0,2,0,8.860569571000042,53.05004247200003,Obervieland,Habenhausen
120,11,2016,4,1,18,3,5,3,1,1,0,0,0,0,0,0,8.845333518,53.091101644,Schwachhausen,Neu-Schwachhausen
191,11,2016,3,5,8,3,3,2,1,1,0,0,0,0,0,1,8.831971938,53.092612922,Schwachhausen,Neu-Schwachhausen
295,11,2016,5,5,21,3,0,1,1,0,0,0,0,0,2,0,8.850303247,53.094989729,Schwachhausen,Neu-Schwachhausen
422,11,2016,6,4,12,3,5,2,1,1,0,0,0,0,0,0,8.835151468,53.091454949,Schwachhausen,Neu-Schwachhausen
488,11,2016,6,3,16,3,5,2,1,1,0,0,0,0,0,1,8.836962759,53.09926395,Schwachhausen,Neu-Schwachhausen
559,11,2016,7,6,22,3,1,5,1,1,0,0,0,0,2,0,8.82535633,53.103404755,Schwachhausen,Neu-Schwachhausen
565,11,2016,8,5,16,3,0,7,1,1,0,0,0,0,0,0,8.844348194,53.094093001,Schwachhausen,Neu-Schwachhausen
956,11,2016,10,2,15,3,5,2,1,1,0,0,0,0,0,0,8.835455275,53.097159714,Schwachhausen,Neu-Schwachhausen
1040,11,2016,10,3,8,3,1,5,1,1,0,0,0,0,1,1,8.842881437,53.095292698,Schwachhausen,Neu-Schwachhausen
73,11,2017,1,3,7,3,1,5,1,1,0,0,0,0,1,1,8.838151493000055,53.09597462500005,Schwachhausen,Neu-Schwachhausen
124,11,2017,3,3,16,3,0,5,1,1,0,0,0,0,0,0,8.83772699800005,53.09502768100003,Schwachhausen,Neu-Schwachhausen
226,11,2017,4,4,17,3,1,5,1,1,0,0,0,0,0,0,8.839382159000024,53.09619963200004,Schwachhausen,Neu-Schwachhausen
343,11,2017,6,5,15,3,5,3,1,1,0,0,0,0,0,0,8.841374421000069,53.09265942800005,Schwachhausen,Neu-Schwachhausen
372,11,2017,6,6,16,2,4,6,1,0,0,0,0,0,0,0,8.83631573100007,53.09843402200005,Schwachhausen,Neu-Schwachhausen
390,11,2017,5,3,17,3,0,7,1,0,0,0,0,0,0,0,8.835161653000057,53.09141753700004,Schwachhausen,Neu-Schwachhausen
392,11,2017,5,3,16,3,4,1,1,0,0,0,0,0,0,0,8.840673078000066,53.10463613600007,Schwachhausen,Neu-Schwachhausen
458,11,2017,5,3,16,3,5,3,1,1,0,0,0,0,0,0,8.836905586000057,53.09927630800007,Schwachhausen,Neu-Schwachhausen
661,11,2017,7,2,21,3,1,7,1,1,0,0,0,0,2,0,8.843401720000031,53.09186765100003,Schwachhausen,Neu-Schwachhausen
811,11,2017,8,6,11,3,5,7,1,1,0,0,0,0,0,0,8.83349778400003,53.092057959000044,Schwachhausen,Neu-Schwachhausen
1167,11,2017,12,4,20,3,0,7,1,1,0,0,0,0,2,1,8.84523762300006,53.09095695700006,Schwachhausen,Neu-Schwachhausen
38,11,2018,1,4,9,3,0,7,1,0,0,0,0,0,0,2,8.839274357000022,53.09877006700003,Schwachhausen,Neu-Schwachhausen
242,11,2018,5,3,16,2,5,3,1,0,0,0,0,1,0,0,8.838365206000049,53.09645026000004,Schwachhausen,Neu-Schwachhausen
298,11,2018,5,3,14,3,5,3,1,1,0,0,0,0,0,0,8.836986973000023,53.099258715000076,Schwachhausen,Neu-Schwachhausen
457,11,2018,5,6,15,3,1,5,1,1,0,0,0,0,0,0,8.842856373000075,53.08912983400006,Schwachhausen,Neu-Schwachhausen
479,11,2018,6,5,7,3,5,6,1,0,0,0,0,0,0,0,8.83353147300005,53.09442468000003,Schwachhausen,Neu-Schwachhausen
530,11,2018,6,3,10,3,5,3,1,1,0,0,0,0,0,0,8.839100658000064,53.08999240000003,Schwachhausen,Neu-Schwachhausen
812,11,2018,8,7,16,3,0,1,1,0,0,0,0,0,0,0,8.840027196000051,53.103925368000034,Schwachhausen,Neu-Schwachhausen
830,11,2018,7,7,13,3,3,7,1,0,0,0,0,0,0,0,8.841813254000044,53.09647373200005,Schwachhausen,Neu-Schwachhausen
1059,11,2018,11,5,14,2,1,5,1,1,0,0,0,0,0,0,8.846162974000038,53.092978807000065,Schwachhausen,Neu-Schwachhausen
1290,11,2018,12,4,11,3,0,1,1,0,0,0,0,0,0,0,8.834729386000049,53.09620782500008,Schwachhausen,Neu-Schwachhausen
142,11,2019,2,2,10,3,0,3,1,1,0,0,0,0,0,0,8.842395955000029,53.10601092500008,Schwachhausen,Neu-Schwachhausen
256,11,2019,3,2,13,3,4,6,1,0,0,0,0,0,0,1,8.842464671000073,53.08875583400004,Schwachhausen,Neu-Schwachhausen
265,11,2019,4,4,13,3,0,7,1,0,0,0,0,0,0,0,8.832115109000028,53.09257207500008,Schwachhausen,Neu-Schwachhausen
479,11,2019,6,1,17,3,5,2,1,1,0,0,0,0,0,0,8.84671078100007,53.09267992100007,Schwachhausen,Neu-Schwachhausen
511,11,2019,6,6,17,3,5,3,1,1,0,0,0,0,0,0,8.845314142000063,53.09110888300006,Schwachhausen,Neu-Schwachhausen
550,11,2019,5,4,9,3,5,3,1,1,0,0,0,0,0,0,8.833461614000043,53.094443642000044,Schwachhausen,Neu-Schwachhausen
614,11,2019,7,3,12,2,5,3,1,1,0,0,0,0,0,0,8.835135646000026,53.09146049900005,Schwachhausen,Neu-Schwachhausen
638,11,2019,7,4,23,3,1,7,1,1,0,0,0,0,2,0,8.849159748000034,53.095229603000064,Schwachhausen,Neu-Schwachhausen
758,11,2019,9,4,17,3,4,6,1,0,0,0,0,0,0,1,8.841692181000042,53.08903518900007,Schwachhausen,Neu-Schwachhausen
868,11,2019,9,1,12,3,7,7,1,0,0,0,0,1,0,0,8.839949939000064,53.09126123800007,Schwachhausen,Neu-Schwachhausen
115,11,2020,2,5,14,3,3,2,1,0,0,0,0,0,0,0,8.832209286000023,53.09299847900007,Schwachhausen,Neu-Schwachhausen
171,11,2020,4,2,19,2,5,7,1,0,0,0,0,0,0,0,8.847979020000025,53.093530230000056,Schwachhausen,Neu-Schwachhausen
312,11,2020,6,6,13,3,3,2,1,1,0,0,0,0,0,0,8.840944228000069,53.09836965900007,Schwachhausen,Neu-Schwachhausen
317,11,2020,6,4,10,3,1,5,1,1,0,0,0,0,0,0,8.844950064000045,53.091243976000044,Schwachhausen,Neu-Schwachhausen
371,11,2020,6,2,14,3,5,3,1,1,0,0,0,0,0,0,8.83936675800004,53.09813365000008,Schwachhausen,Neu-Schwachhausen
548,11,2020,8,6,17,3,4,1,1,1,0,0,0,0,0,0,8.845282998000073,53.097185711000066,Schwachhausen,Neu-Schwachhausen
733,11,2020,9,6,15,2,3,6,1,0,0,0,0,0,0,0,8.838445487000058,53.10143733500007,Schwachhausen,Neu-Schwachhausen
799,11,2020,10,7,11,3,0,7,1,0,0,0,0,0,0,0,8.83750152400006,53.09465344700004,Schwachhausen,Neu-Schwachhausen
840,11,2020,10,3,7,3,4,6,1,0,0,0,0,0,0,0,8.837131163000038,53.09071395600006,Schwachhausen,Neu-Schwachhausen
929,11,2020,10,7,23,3,6,7,1,0,1,0,0,0,2,1,8.841174394000063,53.095746157000065,Schwachhausen,Neu-Schwachhausen
1032,11,2020,10,5,8,3,0,7,1,0,0,0,0,0,0,1,8.836208437000039,53.091051494000055,Schwachhausen,Neu-Schwachhausen
1061,11,2020,12,4,16,3,0,7,1,0,0,0,0,0,1,1,8.833342608000066,53.094522452000035,Schwachhausen,Neu-Schwachhausen
171,11,2021,7,3,9,3,5,3,1,1,0,0,0,0,0,0,8.846508691000054,53.092442419000065,Schwachhausen,Neu-Schwachhausen
249,11,2021,3,3,21,3,1,5,1,1,0,0,0,0,2,0,8.84114461300004,53.092457919000026,Schwachhausen,Neu-Schwachhausen
280,11,2021,6,4,12,2,5,3,1,0,0,0,0,1,0,0,8.84241241500007,53.10603605800003,Schwachhausen,Neu-Schwachhausen
373,11,2021,4,5,15,3,5,3,1,1,0,0,0,0,0,0,8.850000544000068,53.094735161000074,Schwachhausen,Neu-Schwachhausen