,UKREIS,UJAHR,UMONAT,UWOCHENTAG,USTUNDE,UKATEGORIE,UART,UTYP1,IstRad,IstPKW,IstFuss,IstKrad,IstGkfz,IstSonstig,ULICHTVERH,STRZUSTAND,longitude,latitude,Stadtteil,Ortsteil
425,11,2021,2,5,8,3,5,3,1,1,0,0,0,0,0,0,8.83968959300006,53.098654029000045,Schwachhausen,Neu-Schwachhausen
473,11,2021,6,3,8,3,5,3,1,1,0,0,0,0,0,0,8.838982872000031,53.10220888400005,Schwachhausen,Neu-Schwachhausen
613,11,2021,8,3,17,2,4,2,1,1,0,0,0,0,0,0,8.835157716000026,53.091411297000036,Schwachhausen,Neu-Schwachhausen
741,11,2021,11,4,14,3,5,3,1,1,0,0,0,0,0,0,8.846719508000035,53.092675764000035,Schwachhausen,Neu-Schwachhausen
72,11,2022,6,4,13,3,4,6,1,0,0,0,0,0,0,0,8.85048062200002,53.0950958270001,Schwachhausen,Neu-Schwachhausen
253,11,2022,2,4,17,2,7,7,1,0,0,0,0,1,0,0,8.82442107300005,53.097224081,Schwachhausen,Neu-Schwachhausen
400,11,2022,1,5,22,3,4,6,1,0,0,0,0,0,2,1,8.83497365700003,53.0965477240001,Schwachhausen,Neu-Schwachhausen
473,11,2022,5,5,17,3,5,3,1,1,0,0,0,0,0,0,8.84072200100007,53.104900641,Schwachhausen,Neu-Schwachhausen
580,11,2022,1,4,15,3,3,6,1,1,0,0,0,0,0,1,8.83860002500006,53.0968477960001,Schwachhausen,Neu-Schwachhausen
732,11,2022,8,4,18,3,3,2,1,1,0,0,0,0,0,0,8.82444064800006,53.1098800410001,Schwachhausen,Neu-Schwachhausen
829,11,2022,9,5,19,3,6,4,1,0,1,0,0,0,0,0,8.84356743100005,53.089617097,Schwachhausen,Neu-Schwachhausen
869,11,2022,9,5,21,3,4,2,1,1,0,0,0,0,2,0,8.83196537400005,53.0926798900001,Schwachhausen,Neu-Schwachhausen
886,11,2022,11,3,18,3,5,2,1,1,0,0,0,0,2,1,8.84229308300007,53.105722379,Schwachhausen,Neu-Schwachhausen
1048,11,2022,11,1,16,3,5,3,1,0,0,0,0,0,2,1,8.84243525000005,53.0887663880001,Schwachhausen,Neu-Schwachhausen
1072,11,2022,8,5,13,3,4,6,1,1,0,0,0,0,0,0,8.84289751900008,53.0920692500001,Schwachhausen,Neu-Schwachhausen
189,11,2023,4,5,16,3,5,3,1,1,0,0,0,0,0,0,8.84060874000005,53.104524094000055,Schwachhausen,Neu-Schwachhausen
195,11,2023,3,6,7,3,6,4,1,0,1,0,0,0,0,0,8.84673261200004,53.09264958500006,Schwachhausen,Neu-Schwachhausen
208,11,2023,3,3,8,3,5,3,1,1,0,0,0,0,0,0,8.836985386000038,53.09925896900006,Schwachhausen,Neu-Schwachhausen
265,11,2023,2,4,11,2,5,2,1,1,0,0,0,0,0,0,8.833565787000055,53.09441536700007,Schwachhausen,Neu-Schwachhausen
335,11,2023,3,4,14,3,6,3,1,0,1,0,0,0,0,0,8.846746840000037,53.09266274700008,Schwachhausen,Neu-Schwachhausen
358,11,2023,11,5,18,3,0,2,1,0,0,0,0,0,2,0,8.85000823200005,53.09472978200006,Schwachhausen,Neu-Schwachhausen
360,11,2023,11,5,9,3,3,2,1,1,0,0,0,0,0,1,8.84140269300002,53.10536977000004,Schwachhausen,Neu-Schwachhausen
484,11,2023,9,3,10,3,5,2,1,1,0,0,0,0,0,0,8.840773295000076,53.104757419000066,Schwachhausen,Neu-Schwachhausen
601,11,2023,8,4,13,3,1,5,1,1,0,0,0,0,0,0,8.84799177800005,53.09353824300007,Schwachhausen,Neu-Schwachhausen
833,11,2023,6,3,15,3,5,3,1,1,0,0,0,0,0,0,8.845431655000027,53.091067750000036,Schwachhausen,Neu-Schwachhausen
994,11,2023,11,5,13,3,5,3,1,1,0,0,0,0,0,1,8.84001076900006,53.10368969600006,Schwachhausen,Neu-Schwachhausen
127,11,2016,3,5,11,3,0,1,1,0,0,0,0,0,0,0,8.772738675,53.100526259,Walle,Überseestadt
183,11,2016,4,3,18,3,1,5,1,0,0,0,0,1,0,0,8.781601307,53.087638482,Walle,Überseestadt
246,11,2016,5,3,7,3,5,3,1,0,0,0,0,1,0,0,8.77412752,53.095373842,Walle,Überseestadt
546,11,2016,8,2,18,3,5,3,1,1,0,0,0,0,0,0,8.789158474,53.08291211,Walle,Überseestadt
552,11,2016,8,5,11,3,5,3,1,1,0,0,0,0,0,0,8.78173914,53.086151727,Walle,Überseestadt
630,11,2016,8,5,11,2,0,3,1,1,0,0,0,0,0,0,8.77338784,53.091692259,Walle,Überseestadt
680,11,2016,8,4,7,3,0,2,1,1,0,0,0,0,0,1,8.765461511,53.107180755,Walle,Überseestadt
715,11,2016,9,6,14,2,5,2,1,0,0,0,1,0,0,0,8.783842248,53.087683398,Walle,Überseestadt
724,11,2016,9,5,10,2,5,2,1,0,0,0,1,0,0,0,8.785029416,53.088672332,Walle,Überseestadt
834,11,2016,9,2,3,2,3,6,1,0,0,0,0,0,2,0,8.790203004,53.082852253,Walle,Überseestadt
837,11,2016,8,4,17,3,5,3,1,1,0,0,0,0,0,0,8.776358668,53.092805998,Walle,Überseestadt
902,11,2016,11,5,15,3,5,3,1,1,0,0,0,0,0,1,8.784084799,53.089518171,Walle,Überseestadt
1158,11,2016,12,7,13,3,0,7,1,0,0,0,0,0,0,1,8.789962432,53.086407264,Walle,Überseestadt
116,11,2017,3,5,15,3,5,2,1,0,0,0,0,1,0,0,8.782590785000025,53.08709175700005,Walle,Überseestadt
149,11,2017,3,5,17,3,0,3,1,1,0,0,0,0,2,1,8.781523715000048,53.08350602100006,Walle,Überseestadt
183,11,2017,2,3,17,3,1,3,1,1,0,0,0,0,2,0,8.78452747800003,53.08476902500007,Walle,Überseestadt
201,11,2017,5,5,16,3,5,3,1,1,0,0,0,0,0,1,8.783136929000023,53.08347077500008,Walle,Überseestadt
336,11,2017,6,6,13,3,5,3,1,1,0,0,0,0,0,0,8.78412395600003,53.08949350700004,Walle,Überseestadt
370,11,2017,6,6,15,3,5,3,1,1,0,0,0,0,0,0,8.78319543200007,53.08346699200007,Walle,Überseestadt
506,11,2017,7,6,14,3,0,7,1,0,0,0,0,0,0,0,8.773866562000023,53.09994587700004,Walle,Überseestadt
507,11,2017,7,6,14,3,0,7,1,0,0,0,0,0,0,0,8.772862022000027,53.100613828000064,Walle,Überseestadt
539,11,2017,7,4,9,3,5,3,1,1,0,0,0,0,0,1,8.787011169000039,53.08292397800005,Walle,Überseestadt
540,11,2017,7,4,11,3,5,2,1,0,0,0,0,1,0,1,8.785411562000036,53.08867701300005,Walle,Überseestadt
634,11,2017,6,1,16,3,0,7,1,0,0,0,0,0,0,0,8.773715973000037,53.09734655200003,Walle,Überseestadt
669,11,2017,9,4,18,3,5,3,1,1,0,0,0,0,1,1,8.763791296000022,53.10631546400003,Walle,Überseestadt
847,11,2017,8,1,11,3,5,3,1,0,0,1,0,0,0,1,8.775905287000057,53.098581151000076,Walle,Überseestadt
917,11,2017,10,6,7,2,5,3,1,0,0,0,0,1,0,1,8.782741205000036,53.08711509800003,Walle,Überseestadt
920,11,2017,10,6,14,2,5,2,1,0,0,0,0,1,0,0,8.790396401000066,53.08624622500008,Walle,Überseestadt
972,11,2017,10,4,7,3,5,3,1,1,0,0,0,0,0,0,8.786586678000049,53.08795065400005,Walle,Überseestadt
1129,11,2017,11,5,17,3,1,5,1,1,0,0,0,0,2,0,8.786836243000039,53.08266516500004,Walle,Überseestadt
1140,11,2017,12,4,6,3,5,3,1,1,0,0,0,0,2,0,8.785021353000047,53.08866613300006,Walle,Überseestadt
35,11,2018,1,6,6,3,5,2,1,1,0,0,0,0,2,1,8.770261929000071,53.09311446000004,Walle,Überseestadt
55,11,2018,1,5,18,3,5,3,1,1,0,0,0,0,2,1,8.782588955000051,53.08709276800005,Walle,Überseestadt
168,11,2018,4,6,15,2,5,3,1,1,0,0,0,0,0,0,8.78947604800004,53.08294792700008,Walle,Überseestadt
171,11,2018,4,5,9,3,5,3,1,1,0,0,0,0,0,0,8.786543619000042,53.08797561700004,Walle,Überseestadt
260,11,2018,4,4,16,3,3,6,1,1,0,0,0,0,0,0,8.771807700000068,53.094803082000055,Walle,Überseestadt
343,11,2018,5,4,9,3,5,3,1,1,0,0,0,0,0,0,8.771389369000076,53.09501779500005,Walle,Überseestadt
384,11,2018,5,4,22,3,5,3,1,1,0,0,0,0,2,1,8.782609999000044,53.08708115100006,Walle,Überseestadt
576,11,2018,7,1,14,3,5,2,1,0,0,1,0,0,0,0,8.785127696000075,53.088587963000066,Walle,Überseestadt
578,11,2018,6,5,14,3,0,7,1,0,1,0,0,0,0,0,8.773885324000048,53.09527661800007,Walle,Überseestadt
609,11,2018,7,6,7,3,5,2,1,1,0,0,0,0,0,1,8.77206207100005,53.09467307300008,Walle,Überseestadt
655,11,2018,8,5,8,3,0,1,1,0,0,0,0,0,0,0,8.768712288000074,53.10295470800003,Walle,Überseestadt
670,11,2018,8,2,17,3,4,3,1,0,0,0,0,0,0,0,8.790427076000071,53.08278852700005,Walle,Überseestadt
794,11,2018,8,5,16,3,5,2,1,1,0,0,0,0,0,0,8.787177679000024,53.08312656600003,Walle,Überseestadt
813,11,2018,8,3,9,3,5,3,1,1,0,0,0,0,0,0,8.787015859000064,53.082930916000066,Walle,Überseestadt
819,11,2018,8,3,10,3,0,1,1,0,0,0,0,0,0,0,8.77070932600003,53.10200903700007,Walle,Überseestadt
826,11,2018,8,5,17,3,5,3,1,1,0,0,0,0,0,0,8.770257538000067,53.09311670200003,Walle,Überseestadt
840,11,2018,7,6,0,2,7,7,1,0,0,0,0,0,2,0,8.78121365100003,53.087854847000074,Walle,Überseestadt
878,11,2018,9,4,14,3,5,3,1,1,0,0,0,0,0,0,8.770266323000044,53.093112218000044,Walle,Überseestadt
892,11,2018,9,2,18,3,5,3,1,1,0,0,0,0,0,0,8.770313466000061,53.09323756100008,Walle,Überseestadt
908,11,2018,9,1,4,2,0,7,1,0,0,0,0,0,2,0,8.785539953000068,53.08317787500005,Walle,Überseestadt
998,11,2018,9,3,7,3,5,3,1,1,0,0,0,0,0,0,8.787296777000051,53.08756992000008,Walle,Überseestadt
1092,11,2018,10,5,20,3,5,3,1,1,0,0,0,0,2,0,8.770100393000064,53.095257770000046,Walle,Überseestadt
1151,11,2018,11,5,22,3,5,3,1,1,0,0,0,0,2,0,8.787034709000068,53.08295880500003,Walle,Überseestadt
165,11,2019,4,2,18,3,5,3,1,1,0,0,0,0,0,0,8.781647646000067,53.08762435800003,Walle,Überseestadt
268,11,2019,4,4,8,3,5,3,1,1,0,0,0,0,0,0,8.781728866000037,53.08614298900005,Walle,Überseestadt
272,11,2019,4,3,8,3,5,2,1,1,0,0,0,0,0,0,8.777578568000024,53.08963763000003,Walle,Überseestadt
324,11,2019,4,1,15,3,0,1,1,0,0,0,0,0,0,0,8.781803040000057,53.08753703300005,Walle,Überseestadt
348,11,2019,5,4,18,3,5,2,1,1,0,0,0,0,1,0,8.76843434400007,53.09401494100007,Walle,Überseestadt
352,11,2019,5,3,19,3,5,3,1,1,0,0,0,0,0,0,8.785258708000072,53.084413330000075,Walle,Überseestadt
505,11,2019,6,2,20,3,5,3,1,1,0,0,0,0,0,1,8.78163358300003,53.086203056000045,Walle,Überseestadt
547,11,2019,5,4,14,3,5,3,1,1,0,0,0,0,0,0,8.784675201000027,53.08469716900004,Walle,Überseestadt
643,11,2019,7,3,7,3,5,3,1,1,0,0,0,0,0,0,8.77373846200004,53.10118244300003,Walle,Überseestadt
694,11,2019,7,6,12,3,5,3,1,0,0,0,0,1,0,0,8.771027847000028,53.095210810000026,Walle,Überseestadt
696,11,2019,7,5,17,3,5,3,1,1,0,0,0,0,0,0,8.790233314000034,53.08606923500008,Walle,Überseestadt
726,11,2019,9,5,9,3,5,3,1,1,0,0,0,0,0,0,8.787018572000022,53.08296132700008,Walle,Überseestadt
727,11,2019,9,4,8,3,5,3,1,1,0,0,0,0,0,0,8.774179536000076,53.09538512700004,Walle,Überseestadt
751,11,2019,9,6,13,3,5,3,1,0,0,0,0,0,0,0,8.790284443000075,53.08611900900007,Walle,Überseestadt
779,11,2019,9,5,16,3,5,2,1,1,0,0,0,0,0,0,8.789081036000027,53.08498624100008,Walle,Überseestadt
866,11,2019,8,5,15,3,0,7,1,0,0,0,0,0,0,0,8.764270837000026,53.10592929100005,Walle,Überseestadt
923,11,2019,11,6,12,3,5,3,1,0,0,0,0,0,0,1,8.790242509000052,53.086078186000066,Walle,Überseestadt
947,11,2019,10,2,8,3,2,7,1,1,0,0,0,0,0,0,8.782526315000041,53.08710870900006,Walle,Überseestadt
960,11,2019,10,3,7,3,5,3,1,1,0,0,0,0,1,0,8.770467347000022,53.09550461300006,Walle,Überseestadt
966,11,2019,10,3,16,3,5,2,1,1,0,0,0,0,0,0,8.773124990000042,53.09181559800004,Walle,Überseestadt
1039,11,2019,10,2,17,2,5,3,1,0,0,0,0,1,0,0,8.782722275000026,53.087158256000066,Walle,Überseestadt
1059,11,2019,11,4,7,3,5,3,1,1,0,0,0,0,0,0,8.787019783000062,53.08296113800003,Walle,Überseestadt
1146,11,2019,12,4,17,3,3,6,1,0,0,0,0,1,2,0,8.782660149000037,53.08711569400003,Walle,Überseestadt
1168,11,2019,11,5,7,3,5,3,1,1,0,0,0,0,2,1,8.768421911000075,53.09402084800007,Walle,Überseestadt
139,11,2020,2,4,17,3,5,3,1,1,0,0,0,0,2,0,8.77082665000006,53.09363580100006,Walle,Überseestadt
348,11,2020,6,3,17,3,5,3,1,1,0,0,0,0,0,0,8.789473311000052,53.08295436600008,Walle,Überseestadt
378,11,2020,6,4,23,3,0,7,1,0,0,0,0,0,2,0,8.789670483000066,53.084838012000034,Walle,Überseestadt
444,11,2020,6,5,15,2,0,7,1,0,0,0,0,0,0,1,8.787944048000043,53.08301414500005,Walle,Überseestadt
545,11,2020,7,6,13,2,0,7,1,0,0,0,0,0,0,0,8.766993938000041,53.10172166400008,Walle,Überseestadt
560,11,2020,8,7,9,3,5,3,1,1,0,0,0,0,0,0,8.770065313000032,53.09523627600004,Walle,Überseestadt
563,11,2020,7,4,13,3,0,5,1,0,0,0,0,1,0,0,8.775763251000058,53.09055631500007,Walle,Überseestadt
620,11,2020,7,2,16,3,1,5,1,1,0,0,0,0,0,0,8.775743291000026,53.09056586100007,Walle,Überseestadt
665,11,2020,7,4,20,3,6,1,1,0,1,0,0,0,0,0,8.755925670000067,53.10021673000006,Walle,Überseestadt
1023,11,2020,11,4,11,2,0,7,1,0,0,0,0,0,0,1,8.77403380800007,53.09971481400004,Walle,Überseestadt
14,11,2021,6,5,19,3,5,3,1,1,0,0,0,0,0,0,8.787015860000054,53.082930919000034,Walle,Überseestadt
41,11,2021,6,3,15,2,6,7,1,0,1,0,0,0,0,0,8.771939459000066,53.093903554000065,Walle,Überseestadt
57,11,2021,6,2,11,3,5,2,1,1,0,0,0,0,0,0,8.782910517000062,53.08706484100003,Walle,Überseestadt
64,11,2021,3,3,9,3,5,3,1,1,0,0,0,0,0,0,8.772100096000031,53.09465805800005,Walle,Überseestadt
127,11,2021,2,4,15,3,3,6,1,1,0,0,0,0,0,0,8.782039975000032,53.08599007600003,Walle,Überseestadt
401,11,2021,3,4,12,3,5,3,1,1,0,0,0,0,0,0,8.769760934000033,53.094993300000056,Walle,Überseestadt
409,11,2021,6,5,7,3,2,6,1,1,0,0,0,0,0,0,8.772692719000077,53.09635422900004,Walle,Überseestadt
419,11,2021,6,5,11,3,3,2,1,0,0,0,0,1,0,0,8.784994751000056,53.088704335000045,Walle,Überseestadt
463,11,2021,6,4,7,3,5,3,1,1,0,0,0,0,0,0,8.772069854000051,53.09467926700006,Walle,Überseestadt
522,11,2021,8,5,14,2,4,6,1,0,0,0,0,0,0,0,8.77590434700005,53.098580223000056,Walle,Überseestadt
562,11,2021,9,2,12,3,3,6,1,1,0,0,0,0,0,0,8.782678748000023,53.08712843600006,Walle,Überseestadt
641,11,2021,8,4,7,3,5,2,1,1,0,0,0,0,0,0,8.785168165000073,53.08856629600007,Walle,Überseestadt
685,11,2021,10,7,10,3,5,3,1,1,0,0,0,0,2,1,8.770099216000062,53.095262380000065,Walle,Überseestadt
686,11,2021,10,2,16,3,5,3,1,1,0,0,0,0,0,0,8.77589458400007,53.09049350600003,Walle,Überseestadt
715,11,2021,11,3,14,3,0,3,1,0,0,0,0,1,0,0,8.774177829000052,53.095384369000044,Walle,Überseestadt
763,11,2021,12,3,7,3,5,3,1,1,0,0,0,0,1,0,8.781681578000075,53.08760608600005,Walle,Überseestadt
867,11,2021,10,5,12,3,5,3,1,1,0,0,0,0,0,0,8.77425170500004,53.09541716900003,Walle,Überseestadt
873,11,2021,9,4,16,3,3,2,1,1,0,0,0,0,0,0,8.75156032600006,53.10957341900007,Walle,Überseestadt
38,11,2022,3,6,15,3,5,3,1,1,0,0,0,0,0,0,8.78619233000006,53.0839591700001,Walle,Überseestadt
48,11,2022,3,5,16,3,5,3,1,1,0,0,0,0,0,0,8.77328684100007,53.09173838,Walle,Überseestadt
64,11,2022,3,1,17,3,5,3,1,0,0,0,0,0,0,0,8.78831718000004,53.0820221270001,Walle,Überseestadt
120,11,2022,3,7,20,3,5,2,1,1,0,0,0,0,2,0,8.78502022400005,53.088691834,Walle,Überseestadt
143,11,2022,1,2,12,2,5,2,1,1,0,0,0,0,0,1,8.78492295800004,53.088678644,Walle,Überseestadt
163,11,2022,4,6,14,3,5,3,1,1,0,0,0,0,0,0,8.77263034500004,53.096309058,Walle,Überseestadt
174,11,2022,2,4,17,3,5,3,1,1,0,0,0,0,2,0,8.78947494900007,53.0829839,Walle,Überseestadt
201,11,2022,6,5,8,3,1,5,1,1,0,0,0,0,0,0,8.78675159600004,53.083687114,Walle,Überseestadt
259,11,2022,3,4,13,3,5,3,1,1,0,0,0,0,0,1,8.78651111800002,53.0838040960001,Walle,Überseestadt
298,11,2022,5,3,17,3,0,1,1,0,0,0,0,0,0,1,8.76837420700002,53.103127198,Walle,Überseestadt
351,11,2022,3,6,12,3,5,3,1,1,0,0,0,0,0,0,8.76858220200006,53.0939446960001,Walle,Überseestadt
393,11,2022,7,2,15,3,5,2,1,1,0,0,0,0,0,1,8.78398617600004,53.08805977,Walle,Überseestadt
461,11,2022,6,6,6,2,3,6,1,0,0,0,0,1,0,0,8.77549707900005,53.0909305750001,Walle,Überseestadt
475,11,2022,4,7,19,3,8,2,1,1,0,0,0,0,0,0,8.78491515900004,53.0886712270001,Walle,Überseestadt
524,11,2022,4,1,18,3,0,7,1,0,0,0,0,0,0,1,8.77066390400006,53.1000164280001,Walle,Überseestadt
568,11,2022,5,5,17,3,5,2,1,0,0,1,0,0,0,0,8.78715030700005,53.0831011060001,Walle,Überseestadt
684,11,2022,8,7,15,3,4,6,1,0,0,0,0,1,0,0,8.78128851100007,53.0878062780001,Walle,Überseestadt
686,11,2022,7,5,20,3,5,3,1,1,0,0,0,0,0,1,8.78033768500006,53.0840084160001,Walle,Überseestadt
802,11,2022,9,6,15,3,5,3,1,1,0,0,0,0,1,1,8.78771284900006,53.087181952,Walle,Überseestadt
922,11,2022,9,6,6,3,5,3,1,1,0,0,0,0,1,0,8.78944041700004,53.0827628010001,Walle,Überseestadt
974,11,2022,12,4,18,3,5,2,1,1,0,0,0,0,2,1,8.78708535400006,53.0831096890001,Walle,Überseestadt
1039,11,2022,9,5,7,2,6,4,1,0,1,0,0,0,0,0,8.77998677600004,53.0884755590001,Walle,Überseestadt
27,11,2023,5,7,14,2,0,7,1,0,0,0,0,0,0,0,8.770751613000073,53.094417890000045,Walle,Überseestadt
105,11,2023,5,4,7,3,5,3,1,1,0,0,0,0,0,0,8.772121285000026,53.094643778000034,Walle,Überseestadt
214,11,2023,3,2,19,3,5,3,1,1,0,0,0,0,2,0,8.774172060000069,53.09543750800003,Walle,Überseestadt
347,11,2023,4,4,12,3,8,1,1,0,0,0,0,0,0,0,8.769757321000043,53.094954295000036,Walle,Überseestadt
363,11,2023,11,3,9,3,5,3,1,1,0,0,0,0,0,0,8.774157763000062,53.09543393700005,Walle,Überseestadt
397,11,2023,10,4,11,3,5,3,1,1,0,0,0,0,0,0,8.763464222000039,53.10090699300008,Walle,Überseestadt
408,11,2023,10,6,13,3,5,3,1,0,0,1,0,0,0,1,8.790820937000035,53.08591981200004,Walle,Überseestadt
531,11,2023,9,4,12,3,5,3,1,1,0,0,0,0,0,0,8.784313780000048,53.08338773400004,Walle,Überseestadt
785,11,2023,6,5,11,3,5,2,1,0,0,0,1,0,0,0,8.785143624000057,53.08855848600007,Walle,Überseestadt
806,11,2023,6,2,15,3,5,3,1,0,0,0,0,0,0,0,8.788195210000026,53.08204772800008,Walle,Überseestadt
925,11,2023,5,6,13,3,5,3,1,1,0,0,0,0,0,0,8.783090420000065,53.08719029900004,Walle,Überseestadt
974,11,2023,12,6,6,2,0,7,1,0,0,0,0,0,2,0,8.782988905000025,53.08810938400006,Walle,Überseestadt
999,11,2023,11,3,6,3,5,3,1,1,0,0,0,0,2,0,8.771530281000025,53.09411574400008,Walle,Überseestadt
135,11,2016,4,1,15,3,3,1,1,1,0,0,0,0,0,0,8.742437254,53.062911419,Huchting,Mittelshuchting
527,11,2016,6,5,16,3,0,1,1,0,0,0,0,0,0,0,8.740294412,53.062939648,Huchting,Mittelshuchting
584,11,2016,8,6,14,3,5,3,1,1,0,0,0,0,0,0,8.732884432,53.058378036,Huchting,Mittelshuchting
587,11,2016,7,6,19,3,1,5,1,1,0,0,0,0,0,0,8.73898808,53.055368605,Huchting,Mittelshuchting
606,11,2016,8,2,19,3,5,3,1,1,0,0,0,0,0,0,8.740514245,53.054235554,Huchting,Mittelshuchting
804,11,2016,9,5,0,3,9,7,1,0,0,0,0,0,2,0,8.709033147,53.053308884,Huchting,Mittelshuchting
862,11,2016,9,6,15,3,5,3,1,1,0,0,0,0,0,0,8.740888587,53.053064332,Huchting,Mittelshuchting
865,11,2016,9,4,7,3,5,3,1,0,0,0,0,1,0,0,8.730022275,53.056017688,Huchting,Mittelshuchting
911,11,2016,10,3,21,3,3,6,1,1,0,0,0,0,2,1,8.717512287,53.06233457,Huchting,Mittelshuchting
1058,11,2016,10,2,9,2,5,3,1,1,0,0,0,0,0,0,8.740888087,53.053073899,Huchting,Mittelshuchting
119,11,2017,3,4,19,1,5,3,1,0,0,0,0,1,2,0,8.722832345000029,53.05879937800006,Huchting,Mittelshuchting
267,11,2017,4,7,14,3,5,3,1,1,0,0,0,0,0,0,8.740889150000044,53.053034884000056,Huchting,Mittelshuchting
377,11,2017,6,5,17,3,5,3,1,1,0,0,0,0,0,0,8.739489175000074,53.055020881000075,Huchting,Mittelshuchting
650,11,2017,8,3,17,3,5,3,1,1,0,0,0,0,0,0,8.730054492000022,53.05599908100004,Huchting,Mittelshuchting
788,11,2017,8,4,7,3,5,3,1,1,0,0,0,0,0,1,8.740504204000047,53.05425311300007,Huchting,Mittelshuchting
1061,11,2017,9,3,18,3,5,3,1,1,0,1,0,0,0,0,8.733925490000047,53.05840070200003,Huchting,Mittelshuchting
78,11,2018,3,4,7,3,5,2,1,1,0,0,0,0,0,0,8.716726798000025,53.05652557900004,Huchting,Mittelshuchting
219,11,2018,4,7,19,3,5,3,1,1,0,0,0,0,1,0,8.739464517000044,53.05501630200007,Huchting,Mittelshuchting
252,11,2018,4,4,8,3,2,6,1,1,0,0,0,0,0,0,8.719501442000023,53.05669044200005,Huchting,Mittelshuchting
314,11,2018,5,5,13,3,5,3,1,1,0,0,0,0,0,0,8.715401133000057,53.05284382700006,Huchting,Mittelshuchting
383,11,2018,6,1,11,3,1,1,1,1,0,0,0,0,0,0,8.732273727000063,53.05492144100003,Huchting,Mittelshuchting
433,11,2018,5,5,6,3,5,3,1,1,0,0,0,0,0,0,8.71555055500005,53.05363841600007,Huchting,Mittelshuchting
603,11,2018,7,3,16,3,5,3,1,1,0,0,0,0,0,0,8.731115857000077,53.054646999000056,Huchting,Mittelshuchting
634,11,2018,7,7,18,3,5,7,1,1,0,0,0,0,0,0,8.734733250000033,53.05581190800007,Huchting,Mittelshuchting
877,11,2018,9,2,8,3,5,2,1,0,0,0,0,0,0,0,8.735533416000067,53.055313977000026,Huchting,Mittelshuchting
1033,11,2018,9,4,17,3,5,3,1,0,0,0,0,1,0,0,8.720141169000044,53.05672448800004,Huchting,Mittelshuchting
1118,11,2018,11,4,12,3,5,3,1,1,0,0,0,0,0,0,8.740816520000067,53.05307426000007,Huchting,Mittelshuchting
1174,11,2018,11,4,13,3,5,3,1,1,0,0,0,0,0,0,8.740760082000065,53.053064204000066,Huchting,Mittelshuchting
90,11,2019,2,3,7,3,5,3,1,1,0,0,0,0,2,1,8.736398612000073,53.059137116000045,Huchting,Mittelshuchting
105,11,2019,1,2,16,3,5,3,1,1,0,0,0,0,0,1,8.716638920000037,53.056519466000054,Huchting,Mittelshuchting
243,11,2019,3,5,9,3,5,2,1,1,0,0,0,0,0,1,8.722454132000053,53.056868629000064,Huchting,Mittelshuchting
317,11,2019,5,3,18,3,2,6,1,1,0,1,0,0,0,0,8.715630876000034,53.05421861700006,Huchting,Mittelshuchting
535,11,2019,6,1,19,1,5,3,1,1,0,0,0,0,0,0,8.733769725000059,53.05843552400006,Huchting,Mittelshuchting
705,11,2019,7,3,9,3,5,2,1,1,0,0,0,0,0,0,8.737786178000022,53.056410474000074,Huchting,Mittelshuchting
804,11,2019,8,6,8,3,3,6,1,1,0,0,0,0,0,0,8.736559124000053,53.062661234000075,Huchting,Mittelshuchting
840,11,2019,9,6,7,3,5,3,1,1,0,0,0,0,0,1,8.716669915000068,53.05652162200005,Huchting,Mittelshuchting
987,11,2019,11,2,7,3,5,3,1,0,0,0,0,1,1,0,8.715640407000024,53.05394998600008,Huchting,Mittelshuchting
1057,11,2019,11,4,13,3,5,3,1,1,0,0,0,0,0,0,8.734073803000058,53.05857985400007,Huchting,Mittelshuchting
1065,11,2019,10,4,14,3,5,3,1,1,0,0,0,0,0,1,8.740546941000048,53.05424286200008,Huchting,Mittelshuchting
1109,11,2019,12,2,14,3,5,2,1,1,0,0,0,0,0,0,8.71293829900003,53.04977462200003,Huchting,Mittelshuchting
1110,11,2019,12,2,8,3,5,3,1,1,0,0,0,0,0,1,8.715292680000061,53.050732965000066,Huchting,Mittelshuchting
1114,11,2019,12,6,11,3,5,3,1,1,0,0,0,0,0,0,8.733879003000027,53.05840144300004,Huchting,Mittelshuchting