,UKREIS,UJAHR,UMONAT,UWOCHENTAG,USTUNDE,UKATEGORIE,UART,UTYP1,IstRad,IstPKW,IstFuss,IstKrad,IstGkfz,IstSonstig,ULICHTVERH,STRZUSTAND,longitude,latitude,Stadtteil,Ortsteil
896,11,2023,6,5,18,3,0,7,1,0,0,0,0,0,0,0,8.830999975000054,53.08580912200006,Schwachhausen,Bürgerpark
906,11,2023,5,4,15,3,5,3,1,0,0,0,0,1,0,0,8.825245708000068,53.084354672000075,Schwachhausen,Bürgerpark
919,11,2023,6,6,16,3,0,7,1,0,1,0,0,0,0,0,8.833104595000066,53.08632682600006,Schwachhausen,Bürgerpark
965,11,2023,12,2,17,3,5,3,1,1,0,0,0,0,2,1,8.825094228000069,53.08426637200006,Schwachhausen,Bürgerpark
981,11,2023,11,2,18,3,5,3,1,1,0,0,0,0,2,1,8.824923416000047,53.08456631900003,Schwachhausen,Bürgerpark
986,11,2023,11,6,17,3,5,3,1,1,0,0,0,0,2,1,8.83149749200004,53.08597192000008,Schwachhausen,Bürgerpark
1025,11,2023,2,7,14,3,6,7,1,0,1,0,0,0,0,0,8.822591145000047,53.09535853500006,Schwachhausen,Bürgerpark
1044,11,2023,7,1,11,2,5,2,1,1,0,0,0,0,0,0,8.825345336000055,53.08417638100008,Schwachhausen,Bürgerpark
138,11,2016,3,5,10,2,5,2,1,1,0,0,0,0,0,0,8.70846528,53.151837478,Burglesum,Burg-Grambke
226,11,2016,3,4,6,3,5,2,1,1,0,0,0,0,1,1,8.704495273,53.155632451,Burglesum,Burg-Grambke
382,11,2016,5,3,6,3,5,3,1,1,0,0,0,0,0,1,8.704632186,53.154922124,Burglesum,Burg-Grambke
558,11,2016,8,5,22,3,0,1,1,0,0,0,0,0,2,0,8.704675895,53.154724492,Burglesum,Burg-Grambke
722,11,2016,8,3,19,3,0,3,1,1,0,0,0,0,0,0,8.716248585,53.144001326,Burglesum,Burg-Grambke
885,11,2016,9,3,10,3,0,7,1,0,0,0,0,1,0,0,8.714968387,53.162594739,Burglesum,Burg-Grambke
1051,11,2016,10,3,14,3,5,2,1,1,0,0,0,0,0,0,8.713020255,53.15315128,Burglesum,Burg-Grambke
66,11,2017,1,2,16,3,5,3,1,1,0,0,0,0,0,0,8.713857049000069,53.14164865300006,Burglesum,Burg-Grambke
143,11,2017,3,7,19,3,5,3,1,1,0,0,0,0,2,0,8.71296256200003,53.145273545000066,Burglesum,Burg-Grambke
351,11,2017,6,4,10,3,5,2,1,1,0,0,0,0,0,1,8.704403060000061,53.155652591000035,Burglesum,Burg-Grambke
422,11,2017,5,5,18,3,3,6,1,1,0,0,0,0,0,0,8.722305603000052,53.15906601100005,Burglesum,Burg-Grambke
479,11,2017,5,5,6,3,4,6,1,0,0,0,0,0,0,0,8.713813870000024,53.14174356400008,Burglesum,Burg-Grambke
532,11,2017,7,6,15,3,5,3,1,1,0,0,0,0,0,0,8.711037673000021,53.148331590000055,Burglesum,Burg-Grambke
1114,11,2017,11,6,18,3,5,2,1,1,0,0,0,0,2,0,8.711460593000027,53.14742419800007,Burglesum,Burg-Grambke
1117,11,2017,11,6,5,3,5,3,1,1,0,0,0,0,2,1,8.713831030000051,53.14013877500008,Burglesum,Burg-Grambke
58,11,2018,1,3,14,3,5,2,1,0,0,0,1,0,0,0,8.713995124000064,53.13940981200005,Burglesum,Burg-Grambke
93,11,2018,3,6,14,3,5,3,1,1,0,0,0,0,0,1,8.714133182000069,53.138389181000036,Burglesum,Burg-Grambke
114,11,2018,2,5,8,3,5,3,1,1,0,0,0,0,0,0,8.715547382000068,53.14264282700003,Burglesum,Burg-Grambke
370,11,2018,5,3,15,3,5,3,1,1,0,0,0,0,0,0,8.71383624200007,53.141694389000065,Burglesum,Burg-Grambke
562,11,2018,6,7,15,3,4,6,1,0,0,0,0,0,0,0,8.712139248000028,53.14571235100004,Burglesum,Burg-Grambke
610,11,2018,6,7,14,3,5,2,1,0,0,0,0,0,0,0,8.722095401000047,53.15871001100004,Burglesum,Burg-Grambke
691,11,2018,8,4,12,3,5,3,1,1,0,0,0,0,0,0,8.704679386000066,53.15470936200006,Burglesum,Burg-Grambke
930,11,2018,9,6,12,3,5,3,1,1,0,0,0,0,0,1,8.704695255000047,53.154640603000075,Burglesum,Burg-Grambke
1110,11,2018,11,4,16,3,4,6,1,0,0,0,0,0,1,1,8.710030102000076,53.150614646000065,Burglesum,Burg-Grambke
1279,11,2018,12,3,18,3,6,6,1,0,1,0,0,0,2,0,8.704516049000063,53.155464419000054,Burglesum,Burg-Grambke
386,11,2019,4,1,14,3,0,7,1,0,0,0,0,0,0,0,8.704239703000042,53.15675900900004,Burglesum,Burg-Grambke
447,11,2019,6,7,17,3,5,3,1,1,0,0,0,0,0,0,8.722124509000025,53.15875509600005,Burglesum,Burg-Grambke
588,11,2019,8,5,17,3,5,2,1,1,0,0,0,0,0,0,8.704573011000036,53.15519689100006,Burglesum,Burg-Grambke
995,11,2019,11,6,13,3,5,3,1,1,0,0,0,0,0,0,8.712391750000052,53.14510267300005,Burglesum,Burg-Grambke
1003,11,2019,10,4,11,3,1,7,1,1,0,0,0,0,0,1,8.71734359100003,53.14296710100007,Burglesum,Burg-Grambke
1143,11,2019,12,5,14,3,5,2,1,1,0,0,0,0,0,0,8.713702190000049,53.14013815900006,Burglesum,Burg-Grambke
410,11,2020,6,4,8,3,5,3,1,1,0,0,0,0,0,0,8.711468367000066,53.14742610900004,Burglesum,Burg-Grambke
511,11,2020,8,4,12,3,3,6,1,0,0,0,0,0,0,0,8.704211537000049,53.15686740600006,Burglesum,Burg-Grambke
725,11,2020,10,4,9,3,3,6,1,1,0,0,0,0,0,1,8.71415620700003,53.15213292300007,Burglesum,Burg-Grambke
879,11,2020,10,6,16,3,5,2,1,1,0,0,0,0,0,0,8.704384742000059,53.15603481100004,Burglesum,Burg-Grambke
1020,11,2020,11,1,16,3,5,3,1,1,0,0,0,0,2,0,8.711028057000021,53.14316943100005,Burglesum,Burg-Grambke
71,11,2021,7,5,11,3,0,7,1,0,0,0,0,0,0,0,8.704399989000024,53.15597205200004,Burglesum,Burg-Grambke
137,11,2021,7,4,15,2,0,7,1,0,0,0,0,0,0,0,8.711605236000025,53.14745663100007,Burglesum,Burg-Grambke
273,11,2021,4,6,7,3,3,7,1,1,0,0,0,0,0,0,8.710997976000044,53.15283783700005,Burglesum,Burg-Grambke
353,11,2021,6,2,10,3,1,5,1,1,0,0,0,0,0,0,8.703022117000046,53.15561956700003,Burglesum,Burg-Grambke
413,11,2021,7,3,12,2,5,3,1,1,0,0,0,0,0,0,8.704594496000027,53.15510125700007,Burglesum,Burg-Grambke
430,11,2021,4,3,6,3,3,6,1,0,0,0,0,0,1,0,8.705795803000058,53.15339524400008,Burglesum,Burg-Grambke
498,11,2021,4,7,16,3,5,3,1,1,0,0,0,0,0,0,8.709232619000034,53.15138895600006,Burglesum,Burg-Grambke
503,11,2021,2,2,15,3,5,3,1,0,0,1,0,0,0,0,8.713964076000025,53.141416141000036,Burglesum,Burg-Grambke
543,11,2021,10,6,9,3,5,2,1,1,0,0,0,0,0,0,8.70447897300005,53.15564212500004,Burglesum,Burg-Grambke
576,11,2021,11,4,18,3,4,6,1,0,0,0,0,0,1,1,8.704272486000036,53.156057272000055,Burglesum,Burg-Grambke
582,11,2021,10,5,7,3,5,3,1,1,0,0,0,0,0,0,8.704450424000072,53.15576444200008,Burglesum,Burg-Grambke
531,11,2022,6,2,10,3,5,2,1,0,0,0,0,1,0,0,8.70465721100004,53.154822095,Burglesum,Burg-Grambke
717,11,2022,10,3,17,3,5,2,1,1,0,0,0,0,0,0,8.70437370000008,53.155673232,Burglesum,Burg-Grambke
824,11,2022,8,5,14,3,5,3,1,1,0,0,0,0,0,0,8.71267150700004,53.1443905150001,Burglesum,Burg-Grambke
864,11,2022,7,5,12,3,5,2,1,1,0,0,0,0,0,0,8.70438909700005,53.156016886,Burglesum,Burg-Grambke
1029,11,2022,9,2,7,3,6,4,1,0,1,0,0,0,0,0,8.70466907400004,53.154769286,Burglesum,Burg-Grambke
627,11,2023,9,4,14,2,5,2,1,1,0,0,0,0,0,0,8.704299327000058,53.15605756900004,Burglesum,Burg-Grambke
673,11,2023,7,2,14,3,3,2,1,1,0,0,0,0,0,1,8.71386129700005,53.14165156400003,Burglesum,Burg-Grambke
704,11,2023,7,6,16,3,5,3,1,1,0,0,0,0,0,0,8.704392025000061,53.15567412300004,Burglesum,Burg-Grambke
740,11,2023,7,4,13,3,3,2,1,1,0,0,0,0,0,0,8.713844730000062,53.14168496600007,Burglesum,Burg-Grambke
797,11,2023,6,3,16,3,3,6,1,1,0,0,0,0,0,0,8.710124646000054,53.149904426000035,Burglesum,Burg-Grambke
1055,11,2023,9,5,15,3,0,7,1,0,0,0,0,0,0,0,8.715286040000024,53.13574010600007,Burglesum,Burg-Grambke
153,11,2016,4,7,12,3,5,3,1,1,0,0,0,0,0,0,8.844819337,53.033690099,Obervieland,Arsten
371,11,2016,5,6,15,3,5,3,1,1,0,0,0,0,0,0,8.8373802,53.03784891,Obervieland,Arsten
931,11,2016,11,7,12,3,5,2,1,1,0,0,0,0,0,1,8.837385048,53.037846589,Obervieland,Arsten
41,11,2017,1,3,12,3,5,3,1,1,0,0,0,0,0,0,8.848996311000064,53.02808517900007,Obervieland,Arsten
43,11,2017,1,2,11,3,5,6,1,1,0,0,0,0,0,0,8.83368977200007,53.03323138300004,Obervieland,Arsten
200,11,2017,5,6,7,3,3,6,1,0,0,0,0,0,0,1,8.83562046000003,53.03656967300003,Obervieland,Arsten
309,11,2017,3,4,12,3,5,2,1,1,0,0,0,0,0,1,8.837390064000033,53.03784418600003,Obervieland,Arsten
550,11,2017,7,1,11,3,5,2,1,1,0,0,0,0,0,0,8.835523330000058,53.03532964400006,Obervieland,Arsten
569,11,2017,7,4,11,2,1,7,1,1,0,0,0,0,0,0,8.847234582000056,53.03301790800003,Obervieland,Arsten
674,11,2017,9,3,6,3,1,5,1,1,0,0,0,0,0,0,8.839991745000077,53.032437204000075,Obervieland,Arsten
1144,11,2017,12,6,8,3,4,6,1,0,0,0,0,0,2,1,8.852178581000032,53.02664847300008,Obervieland,Arsten
8,11,2018,1,2,18,3,5,2,1,1,0,0,0,0,2,0,8.837391108000077,53.03784281900005,Obervieland,Arsten
16,11,2018,1,6,7,2,5,3,1,1,0,0,0,0,2,1,8.83554459000004,53.03534171000007,Obervieland,Arsten
350,11,2018,5,4,18,3,3,6,1,1,0,0,0,0,0,0,8.842162290000033,53.03184078100003,Obervieland,Arsten
401,11,2018,5,2,16,2,5,3,1,0,0,1,0,0,0,0,8.851724105000073,53.02689241000007,Obervieland,Arsten
489,11,2018,6,3,8,3,5,2,1,1,0,0,0,0,0,0,8.832605525000076,53.03349105600006,Obervieland,Arsten
600,11,2018,7,3,7,3,0,3,1,1,0,0,0,0,0,1,8.845715217000077,53.033134732000065,Obervieland,Arsten
843,11,2018,8,4,14,3,4,6,1,0,0,0,0,0,0,0,8.83750952400004,53.037784593000026,Obervieland,Arsten
897,11,2018,9,2,17,3,1,7,1,1,0,0,0,0,0,0,8.836956678000035,53.03229095800003,Obervieland,Arsten
959,11,2018,9,4,8,3,3,2,1,0,0,0,0,1,0,0,8.837377334000053,53.037849591000054,Obervieland,Arsten
1090,11,2018,11,6,10,3,1,6,1,1,0,0,0,0,0,0,8.848784998000042,53.03189762300008,Obervieland,Arsten
1114,11,2018,11,4,14,3,5,2,1,1,0,0,0,0,0,0,8.837359139000057,53.03789077300007,Obervieland,Arsten
1121,11,2018,11,3,6,2,5,3,1,1,0,0,0,0,2,1,8.845708383000044,53.03314046500003,Obervieland,Arsten
1286,11,2018,12,5,14,3,4,6,1,0,0,0,0,0,0,1,8.83933913900006,53.034058937000054,Obervieland,Arsten
259,11,2019,4,5,6,2,0,3,1,1,0,0,0,0,0,0,8.84573288100006,53.03311991000004,Obervieland,Arsten
260,11,2019,3,5,17,3,5,3,1,1,0,0,0,0,0,0,8.84120867300004,53.03540655200004,Obervieland,Arsten
507,11,2019,6,7,9,3,4,6,1,1,0,0,0,0,0,1,8.842900100000065,53.03370062400006,Obervieland,Arsten
556,11,2019,5,2,14,3,3,6,1,0,0,0,0,0,0,0,8.843642170000066,53.03142871400007,Obervieland,Arsten
720,11,2019,9,5,13,3,4,6,1,1,0,0,0,0,0,0,8.841161210000053,53.03211600100008,Obervieland,Arsten
747,11,2019,9,7,13,2,5,3,1,1,0,0,0,0,0,0,8.833665415000041,53.03326699100006,Obervieland,Arsten
117,11,2020,2,2,14,3,5,2,1,1,0,0,0,0,0,0,8.837406921000024,53.037835044000076,Obervieland,Arsten
472,11,2020,5,1,18,3,4,6,1,0,0,0,0,0,0,1,8.837463842000034,53.03793320500006,Obervieland,Arsten
531,11,2020,7,1,18,3,0,1,1,0,1,0,0,0,0,0,8.854101110000045,53.03055811400003,Obervieland,Arsten
591,11,2020,7,5,5,3,5,2,1,0,0,0,1,0,2,1,8.844872753000061,53.03365680400003,Obervieland,Arsten
633,11,2020,8,1,9,3,5,2,1,1,0,0,0,0,0,0,8.837402397000062,53.03783726800003,Obervieland,Arsten
780,11,2020,9,3,13,2,5,3,1,1,0,0,0,0,0,0,8.845722655000031,53.03312849000008,Obervieland,Arsten
1004,11,2020,11,6,15,3,4,7,1,0,0,0,0,0,0,1,8.850197605000062,53.026153660000034,Obervieland,Arsten
1033,11,2020,12,5,8,3,3,2,1,0,0,0,1,0,0,1,8.837396541000032,53.037840147000054,Obervieland,Arsten
99,11,2021,4,4,13,3,5,3,1,1,0,0,0,0,0,1,8.861301094000055,53.02372721300003,Obervieland,Arsten
372,11,2021,5,2,15,2,5,3,1,1,0,0,0,0,0,1,8.84632166800003,53.03389237300007,Obervieland,Arsten
377,11,2021,3,2,13,3,5,3,1,1,0,0,0,0,0,0,8.836636443000032,53.02912618400006,Obervieland,Arsten
378,11,2021,7,2,12,3,5,3,1,1,0,0,0,0,0,0,8.851751148000062,53.03537012500004,Obervieland,Arsten
524,11,2021,8,5,17,2,8,1,1,0,0,0,0,0,0,0,8.850411809000036,53.030198831000064,Obervieland,Arsten
628,11,2021,10,5,11,3,5,2,1,1,0,0,0,0,0,0,8.841355768000028,53.03552220800003,Obervieland,Arsten
91,11,2022,3,2,6,3,5,3,1,1,0,0,0,0,1,0,8.84499227700007,53.0309166170001,Obervieland,Arsten
144,11,2022,3,2,7,3,5,2,1,1,0,0,0,0,0,0,8.84574654900007,53.0331084420001,Obervieland,Arsten
458,11,2022,7,6,16,3,4,6,1,0,0,0,0,0,0,0,8.84121744300006,53.035413383,Obervieland,Arsten
476,11,2022,4,7,10,2,2,7,1,0,0,0,0,0,0,0,8.84165701700005,53.029120248,Obervieland,Arsten
533,11,2022,2,1,18,3,5,3,1,1,0,0,0,0,2,0,8.85119616500003,53.033695289,Obervieland,Arsten
601,11,2022,10,4,21,3,5,3,1,1,0,0,0,0,2,0,8.85100748400004,53.027438036,Obervieland,Arsten
685,11,2022,10,1,9,3,5,2,1,1,0,0,0,0,0,1,8.83738566800002,53.0378454930001,Obervieland,Arsten
93,11,2023,5,2,14,2,5,2,1,1,0,0,0,0,0,0,8.841410050000036,53.03543568500004,Obervieland,Arsten
184,11,2023,3,6,8,3,0,2,1,0,0,0,0,0,0,1,8.865192617000048,53.02318858800004,Obervieland,Arsten
559,11,2023,9,4,7,3,5,3,1,1,0,0,0,0,0,0,8.84471611300006,53.03374595500003,Obervieland,Arsten
1018,11,2023,11,4,7,2,5,3,1,1,0,0,0,0,1,0,8.830289496000034,53.02866880600004,Obervieland,Arsten
200,11,2016,3,7,20,3,2,5,1,1,0,0,0,0,2,0,8.78845359,53.098416478,Walle,Westend
228,11,2016,4,5,13,3,5,3,1,1,0,0,0,0,0,0,8.786775851,53.095293525,Walle,Westend
376,11,2016,5,4,15,3,0,1,1,0,0,0,0,0,0,0,8.788683164,53.094020206,Walle,Westend
393,11,2016,4,4,20,3,5,2,1,1,0,0,0,0,1,0,8.78840751,53.098475539,Walle,Westend
468,11,2016,6,4,19,3,1,7,1,1,0,0,0,0,0,1,8.788543037,53.091225785,Walle,Westend
593,11,2016,8,5,8,3,5,3,1,1,0,0,0,0,0,0,8.792019493,53.094500197,Walle,Westend
641,11,2016,8,7,10,3,6,1,1,0,1,0,0,0,0,0,8.789326083,53.09304724,Walle,Westend
649,11,2016,8,3,8,3,5,2,1,1,0,0,0,0,0,0,8.791019792,53.095509267,Walle,Westend
662,11,2016,8,1,17,3,5,3,1,1,0,0,0,0,0,0,8.786447654,53.095466049,Walle,Westend
694,11,2016,8,1,15,3,6,3,1,0,1,0,0,0,0,0,8.790066029,53.094617757,Walle,Westend
814,11,2016,8,4,15,3,3,6,1,1,0,0,0,0,0,0,8.788127626,53.098850601,Walle,Westend
934,11,2016,10,2,17,3,5,3,1,1,0,0,0,0,2,1,8.785501701,53.096731001,Walle,Westend
1168,11,2016,12,2,7,3,5,3,1,1,0,0,0,0,1,0,8.790541064,53.098468341,Walle,Westend
48,11,2017,1,6,9,3,5,2,1,1,0,0,0,0,0,0,8.791225202000021,53.09167647100003,Walle,Westend
171,11,2017,2,2,18,3,0,3,1,1,0,0,0,0,1,1,8.791226947000041,53.09515428100008,Walle,Westend
225,11,2017,4,5,10,1,5,3,1,0,0,0,0,1,0,0,8.790320735000023,53.096289795000075,Walle,Westend
243,11,2017,4,5,19,3,0,7,1,0,0,0,0,0,0,0,8.784876204000057,53.097373298000036,Walle,Westend
281,11,2017,4,4,15,3,5,2,1,1,0,0,0,0,0,0,8.788662188000046,53.09818936000005,Walle,Westend
303,11,2017,3,5,15,2,6,4,1,0,1,0,0,0,0,0,8.786012442000072,53.099343746000045,Walle,Westend
416,11,2017,5,6,17,3,0,7,1,0,1,0,0,0,0,0,8.788927224000076,53.09343518000003,Walle,Westend
563,11,2017,7,4,14,3,4,2,1,1,0,0,0,0,0,0,8.784345037000037,53.09638861800005,Walle,Westend
688,11,2017,9,6,16,2,0,1,1,0,0,0,0,0,0,1,8.790233192000073,53.094692516000066,Walle,Westend
700,11,2017,9,4,9,3,0,1,1,0,0,0,0,0,0,1,8.789342927000064,53.09432027300005,Walle,Westend
741,11,2017,8,5,15,3,5,3,1,1,0,0,0,0,0,1,8.788927195000042,53.09413968300004,Walle,Westend
867,11,2017,11,7,10,3,5,2,1,1,0,0,0,0,0,0,8.791002654000067,53.091545100000076,Walle,Westend
1170,11,2017,11,5,16,3,3,2,1,1,0,0,0,0,1,1,8.79103464700006,53.09549500700007,Walle,Westend
9,11,2018,1,3,15,3,5,2,1,1,0,0,0,0,0,0,8.788800277000064,53.09803745000005,Walle,Westend
145,11,2018,1,2,13,3,5,2,1,0,0,0,0,1,0,1,8.788522382000053,53.093937872000026,Walle,Westend
297,11,2018,5,7,12,3,8,1,1,1,0,0,0,0,0,0,8.787016355000048,53.100090926000064,Walle,Westend
550,11,2018,7,4,14,3,6,4,1,0,1,0,0,0,0,0,8.787063272000069,53.10003421300007,Walle,Westend
663,11,2018,8,5,8,3,5,3,1,1,0,0,0,0,0,0,8.790403511000022,53.09216179600003,Walle,Westend
818,11,2018,8,2,15,3,0,1,1,0,0,0,0,0,0,1,8.790732496000032,53.09580507800007,Walle,Westend
1187,11,2018,10,6,8,3,5,3,1,1,0,0,0,0,0,0,8.793407201000036,53.09287530600005,Walle,Westend
1197,11,2018,10,5,15,3,5,3,1,1,0,0,0,0,0,0,8.78888652300003,53.09341522400007,Walle,Westend
27,11,2019,1,6,17,3,3,2,1,1,0,0,0,0,2,1,8.790983685000072,53.09564169300006,Walle,Westend
129,11,2019,1,3,13,3,5,2,1,1,0,0,0,0,0,0,8.793120573000067,53.093168037000055,Walle,Westend
244,11,2019,3,4,14,3,5,3,1,1,0,0,0,0,0,1,8.790156744000058,53.09201294400003,Walle,Westend
305,11,2019,5,6,7,2,5,3,1,1,0,0,0,0,0,1,8.794906164000054,53.09397803300004,Walle,Westend
379,11,2019,4,2,14,3,3,2,1,0,0,0,0,1,0,1,8.788437257000055,53.09395658200003,Walle,Westend
391,11,2019,4,5,16,3,5,2,1,1,0,0,0,0,0,0,8.78753788900002,53.09957151700007,Walle,Westend
502,11,2019,6,3,17,3,5,3,1,1,0,0,0,0,0,0,8.789263259000052,53.09730517700007,Walle,Westend
551,11,2019,5,4,13,3,5,3,1,1,0,0,0,0,0,0,8.794899465000071,53.09397246600008,Walle,Westend
695,11,2019,7,5,15,3,5,3,1,1,0,0,0,0,0,0,8.790475024000045,53.09610908800005,Walle,Westend
835,11,2019,8,2,16,3,0,1,1,0,0,0,0,0,0,0,8.786742448000041,53.09707822100006,Walle,Westend
856,11,2019,9,5,16,3,5,2,1,1,0,0,0,0,0,1,8.788430860000062,53.09396192600008,Walle,Westend
906,11,2019,11,4,20,3,1,5,1,1,0,0,0,0,2,1,8.789060131000042,53.09419896000003,Walle,Westend
919,11,2019,11,2,22,3,4,6,1,0,0,0,0,0,2,1,8.787493687000051,53.094738774000064,Walle,Westend
976,11,2019,10,6,15,3,5,3,1,1,0,0,0,0,0,1,8.794874918000062,53.09395206700003,Walle,Westend
1160,11,2019,11,6,16,3,2,6,1,1,0,0,0,0,2,1,8.790959016000045,53.09541442900007,Walle,Westend
1162,11,2019,11,6,14,3,0,7,1,0,1,0,0,0,0,1,8.790142223000032,53.096482352000066,Walle,Westend
206,11,2020,5,5,15,3,0,6,1,0,0,0,0,0,0,0,8.788247675000036,53.09750020800004,Walle,Westend
211,11,2020,5,4,22,3,0,7,1,0,0,0,0,1,2,0,8.785483460000023,53.096748836000074,Walle,Westend
279,11,2020,3,3,12,3,0,6,1,0,1,0,0,0,0,0,8.78891580800007,53.093450336000046,Walle,Westend
367,11,2020,6,2,11,3,5,3,1,1,0,0,0,0,0,0,8.790416924000056,53.092120445000035,Walle,Westend
401,11,2020,5,7,3,3,0,7,1,0,0,0,0,0,2,0,8.788311789000034,53.092615143000046,Walle,Westend
461,11,2020,6,5,16,3,3,2,1,0,0,0,0,1,0,1,8.788466085000039,53.09841665400006,Walle,Westend
610,11,2020,8,4,19,3,6,4,1,0,1,0,0,0,0,0,8.785451075000026,53.09672915500005,Walle,Westend
629,11,2020,8,6,20,3,0,7,1,0,0,0,0,0,1,1,8.788832734000039,53.09410001300006,Walle,Westend
651,11,2020,8,1,17,3,0,7,1,0,0,0,0,1,0,0,8.78779410900006,53.099201082000036,Walle,Westend
660,11,2020,7,5,14,3,5,3,1,1,0,0,0,0,0,0,8.794894388000046,53.093935775000034,Walle,Westend
661,11,2020,7,4,8,3,3,6,1,0,0,0,0,0,0,0,8.785485805000064,53.09584629600005,Walle,Westend
684,11,2020,8,3,17,3,0,7,1,0,0,0,0,1,0,0,8.787764894000077,53.09923573600008,Walle,Westend
724,11,2020,9,5,14,3,5,3,1,1,0,0,0,0,0,0,8.79248313000005,53.09400508600004,Walle,Westend
744,11,2020,9,3,19,3,0,3,1,1,0,0,0,0,0,0,8.785388241000021,53.096723343000065,Walle,Westend
772,11,2020,9,6,15,3,5,2,1,1,0,0,0,0,0,0,8.791162755000073,53.09515830500004,Walle,Westend
863,11,2020,9,3,19,3,0,5,1,1,0,0,0,0,2,0,8.790486042000055,53.09487427100004,Walle,Westend
1037,11,2020,12,3,20,3,0,3,1,1,0,0,0,0,2,0,8.78843544800003,53.09395809400007,Walle,Westend
1072,11,2020,11,3,13,3,5,3,1,0,0,0,1,0,0,0,8.788931191000074,53.09770821300003,Walle,Westend
1078,11,2020,10,3,11,3,1,5,1,1,0,0,0,0,0,0,8.784861240000055,53.09738206900005,Walle,Westend
46,11,2021,3,5,16,3,3,6,1,1,0,0,0,0,0,0,8.784492406000027,53.09778030700005,Walle,Westend
191,11,2021,3,2,17,3,1,7,1,1,0,0,0,0,0,1,8.790431327000022,53.097472064000044,Walle,Westend
423,11,2021,5,4,14,3,5,2,1,1,0,0,0,0,0,0,8.791032346000065,53.09162216200008,Walle,Westend
590,11,2021,10,6,12,3,0,7,1,1,0,0,0,0,0,1,8.789034960000038,53.09418806600007,Walle,Westend
629,11,2021,11,3,11,3,1,5,1,1,0,0,0,0,0,0,8.789729797000064,53.096945867000045,Walle,Westend
631,11,2021,8,6,21,3,1,1,1,1,0,0,0,0,1,0,8.789205387000038,53.093297000000064,Walle,Westend
731,11,2021,10,3,16,3,5,3,1,1,0,0,0,0,0,1,8.788465321000047,53.09841753500007,Walle,Westend
760,11,2021,8,6,7,3,5,3,1,1,0,0,0,0,0,0,8.787866250000036,53.09911550900006,Walle,Westend
826,11,2021,11,5,15,2,6,4,1,0,1,0,0,0,0,1,8.790406260000054,53.09618621300007,Walle,Westend
881,11,2021,10,3,19,3,5,3,1,1,0,0,0,0,2,1,8.794898298000021,53.09397149700004,Walle,Westend
104,11,2022,5,5,6,3,5,2,1,1,0,0,0,0,0,0,8.79211423400005,53.0943983780001,Walle,Westend
349,11,2022,7,3,13,3,5,3,1,1,0,0,0,0,0,0,8.78983353000007,53.092713158,Walle,Westend
396,11,2022,6,6,12,3,5,2,1,1,0,0,0,0,0,0,8.78646138100004,53.0954359840001,Walle,Westend
459,11,2022,2,6,11,3,5,2,1,0,0,0,0,1,0,1,8.79002357400003,53.096786444,Walle,Westend
625,11,2022,12,2,14,3,0,1,1,0,0,0,0,0,0,1,8.78873428900005,53.098209415,Walle,Westend
658,11,2022,8,1,21,3,5,3,1,1,0,0,0,0,2,0,8.79488767300006,53.0939413940001,Walle,Westend
834,11,2022,9,1,15,3,4,6,1,0,0,0,0,0,0,0,8.79317767200007,53.0927386330001,Walle,Westend
950,11,2022,8,4,19,2,0,7,1,1,0,0,0,0,0,0,8.78366485500004,53.0987037300001,Walle,Westend
0,11,2023,10,5,12,3,5,3,1,1,0,0,0,0,0,1,8.793310444000042,53.09318266000008,Walle,Westend
97,11,2023,4,6,16,3,5,2,1,0,0,0,0,1,0,0,8.790012054000044,53.096783007000056,Walle,Westend
143,11,2023,4,6,0,3,0,2,1,0,0,0,0,1,0,0,8.786453292000033,53.095439627000076,Walle,Westend
199,11,2023,3,4,5,3,1,7,1,1,0,0,0,0,1,0,8.789548338000031,53.097148160000074,Walle,Westend
251,11,2023,2,2,10,3,5,3,1,1,0,0,0,0,0,0,8.783805033000021,53.098500828000056,Walle,Westend
321,11,2023,1,7,11,3,5,3,1,1,0,0,0,0,0,0,8.787313427000072,53.094912933000046,Walle,Westend
426,11,2023,10,5,16,3,1,5,1,1,0,0,0,0,0,0,8.790943738000067,53.09569293800007,Walle,Westend