,UKREIS,UJAHR,UMONAT,UWOCHENTAG,USTUNDE,UKATEGORIE,UART,UTYP1,IstRad,IstPKW,IstFuss,IstKrad,IstGkfz,IstSonstig,ULICHTVERH,STRZUSTAND,longitude,latitude,Stadtteil,Ortsteil
836,11,2023,6,3,8,3,5,3,1,1,0,0,0,0,0,0,8.784331579000025,53.09643553400008,Walle,Westend
215,11,2016,4,7,7,3,0,7,1,0,0,0,0,0,0,1,8.930216007,53.07211013,Osterholz,Blockdiek
809,11,2016,9,4,8,3,1,7,1,1,0,0,0,0,0,0,8.918068034,53.073815572,Osterholz,Blockdiek
676,11,2017,9,3,8,3,5,2,1,1,0,0,0,0,0,1,8.92766496300004,53.07267262200003,Osterholz,Blockdiek
787,11,2017,8,4,8,3,5,3,1,1,0,0,0,0,0,0,8.930853942000056,53.071968850000076,Osterholz,Blockdiek
907,11,2017,10,2,14,3,5,3,1,1,0,0,0,0,0,1,8.919916644000068,53.07337609100006,Osterholz,Blockdiek
1016,11,2017,10,7,16,3,5,3,1,1,0,0,0,0,0,1,8.929305973000055,53.07176467800008,Osterholz,Blockdiek
274,11,2018,3,5,10,3,5,2,1,1,0,0,0,0,0,1,8.91992695600004,53.07307406800004,Osterholz,Blockdiek
572,11,2018,7,5,15,3,5,3,1,1,0,0,0,0,0,0,8.925597913000047,53.07313056800007,Osterholz,Blockdiek
753,11,2018,7,3,19,3,4,6,1,0,0,0,0,0,0,0,8.907280502000049,53.08208970600003,Osterholz,Blockdiek
796,11,2018,8,4,13,3,5,3,1,1,0,0,0,0,0,0,8.927621498000065,53.07269530700006,Osterholz,Blockdiek
427,11,2019,6,4,13,3,5,2,1,1,0,0,0,0,0,0,8.919916615000034,53.07339919200007,Osterholz,Blockdiek
717,11,2019,9,6,12,3,5,7,1,1,0,0,0,0,0,0,8.93257942400004,53.06976426300008,Osterholz,Blockdiek
749,11,2019,9,6,16,3,4,6,1,0,0,0,0,0,0,0,8.928952331000062,53.07206402000003,Osterholz,Blockdiek
484,11,2020,7,6,7,3,5,2,1,1,0,0,0,0,0,1,8.924683304000041,53.07311321900005,Osterholz,Blockdiek
609,11,2021,11,3,15,3,4,2,1,1,0,0,0,0,0,1,8.927866919000053,53.07260717300005,Osterholz,Blockdiek
683,11,2021,12,5,11,3,5,3,1,1,0,0,0,0,0,1,8.919934570000066,53.073414428000035,Osterholz,Blockdiek
745,11,2021,11,7,13,3,6,4,1,0,1,0,0,0,0,1,8.927275743000052,53.07602257500008,Osterholz,Blockdiek
764,11,2021,11,6,15,3,3,6,1,1,0,0,0,0,0,0,8.930934942000022,53.07199336900004,Osterholz,Blockdiek
392,11,2022,3,6,7,3,5,2,1,1,0,0,0,0,0,0,8.92554378500006,53.0730958830001,Osterholz,Blockdiek
793,11,2022,7,7,9,3,3,6,1,1,0,0,0,0,0,0,8.91819358700008,53.071428057,Osterholz,Blockdiek
472,11,2023,9,5,12,2,5,3,1,1,0,0,0,0,0,0,8.932533540000065,53.06977614900006,Osterholz,Blockdiek
216,12,2016,4,3,16,3,5,3,1,1,0,0,0,0,0,0,8.59860442,53.487236896,Fischereihafen,Geestemünde-Süd
263,12,2016,5,2,16,3,5,3,1,1,0,0,0,0,0,0,8.587124378,53.522926253,Fischereihafen,Geestemünde-Süd
131,12,2017,3,6,13,3,5,2,1,1,0,0,0,0,0,0,8.58263260800004,53.521591227000044,Fischereihafen,Geestemünde-Süd
581,12,2017,6,6,11,3,5,3,1,1,0,0,0,0,0,1,8.586300143000074,53.51694084800005,Fischereihafen,Geestemünde-Süd
132,12,2018,3,7,15,3,5,3,1,1,0,0,0,0,0,1,8.595734624000045,53.48754180200007,Fischereihafen,Geestemünde-Süd
509,12,2018,6,4,10,3,5,3,1,1,0,0,0,0,0,0,8.584110424000073,53.52124363300004,Fischereihafen,Geestemünde-Süd
657,12,2019,7,4,14,3,0,7,1,0,0,0,0,1,0,0,8.602850101000058,53.48539461300004,Fischereihafen,Geestemünde-Süd
1140,12,2019,12,5,17,3,0,1,1,0,0,0,0,0,2,1,8.589377630000058,53.52173719800004,Fischereihafen,Geestemünde-Süd
87,12,2020,2,2,18,3,0,1,1,0,0,0,0,0,2,1,8.585487244000035,53.51505880700006,Fischereihafen,Geestemünde-Süd
104,12,2020,1,3,16,3,3,6,1,1,0,0,0,0,2,1,8.592336034000027,53.49713600000007,Fischereihafen,Geestemünde-Süd
233,12,2020,3,3,11,3,0,5,1,0,0,0,0,0,0,0,8.577611198000056,53.52151175700004,Fischereihafen,Geestemünde-Süd
360,12,2020,6,4,6,2,5,3,1,1,0,0,0,0,0,0,8.58880533200005,53.49364769600004,Fischereihafen,Geestemünde-Süd
825,12,2020,9,7,20,3,5,3,1,1,0,0,0,0,1,0,8.587536142000033,53.52311152900006,Fischereihafen,Geestemünde-Süd
834,12,2020,9,2,12,2,8,1,1,0,0,0,0,0,0,0,8.574749335000035,53.516347652000036,Fischereihafen,Geestemünde-Süd
903,12,2020,9,5,20,3,5,3,1,1,0,0,0,0,2,0,8.598350469000025,53.487244909000026,Fischereihafen,Geestemünde-Süd
936,12,2020,11,3,14,1,5,2,1,0,0,0,1,0,0,0,8.602817174000052,53.48733432100005,Fischereihafen,Geestemünde-Süd
28,12,2021,4,4,16,3,5,3,1,1,0,0,0,0,0,0,8.590897616000063,53.50200225200007,Fischereihafen,Geestemünde-Süd
278,12,2021,5,2,15,3,9,1,1,0,0,0,0,0,0,0,8.586555316000045,53.52228574500003,Fischereihafen,Geestemünde-Süd
640,12,2021,8,6,13,3,5,3,1,1,0,0,0,0,0,0,8.590285480000034,53.50360212000004,Fischereihafen,Geestemünde-Süd
717,12,2021,9,3,16,3,5,3,1,1,0,0,0,0,0,0,8.59113828300002,53.50088606000003,Fischereihafen,Geestemünde-Süd
791,12,2021,9,5,5,2,5,3,1,1,0,0,0,0,2,1,8.592925095000055,53.49551403400005,Fischereihafen,Geestemünde-Süd
880,12,2021,10,3,13,3,1,7,1,1,0,0,0,0,0,1,8.587407162000034,53.512653639000064,Fischereihafen,Geestemünde-Süd
125,12,2022,3,6,6,3,3,6,1,1,0,0,0,0,1,0,8.58074311100006,53.5220430960001,Fischereihafen,Geestemünde-Süd
355,12,2022,1,5,13,3,8,1,1,1,0,0,0,0,0,1,8.58407460800004,53.5171664220001,Fischereihafen,Geestemünde-Süd
705,12,2022,9,6,4,3,2,6,1,0,0,0,0,1,2,1,8.58078127400006,53.5220434020001,Fischereihafen,Geestemünde-Süd
437,12,2023,10,2,16,3,5,3,1,1,0,0,0,0,0,0,8.58846013300007,53.520951463000074,Fischereihafen,Geestemünde-Süd
852,12,2023,8,7,21,2,0,1,1,0,0,0,0,0,2,1,8.585290642000075,53.520994391000045,Fischereihafen,Geestemünde-Süd
862,12,2023,6,4,11,3,5,3,1,1,0,0,0,0,0,0,8.587139946000036,53.52298596600008,Fischereihafen,Geestemünde-Süd
908,12,2023,5,3,20,3,5,3,1,1,0,0,0,0,0,0,8.588764180000055,53.49373553800007,Fischereihafen,Geestemünde-Süd
229,11,2016,4,2,20,3,5,2,1,1,0,0,0,0,2,0,8.837229995,53.076896071,Östliche Vorstadt,Fesenfeld
396,11,2016,4,7,17,3,0,7,1,0,0,0,0,0,0,0,8.824814003,53.075128992,Östliche Vorstadt,Fesenfeld
439,11,2016,6,3,16,3,3,2,1,1,0,0,0,0,0,0,8.828213241,53.078195367,Östliche Vorstadt,Fesenfeld
485,11,2016,6,6,23,3,0,1,1,0,0,0,0,0,2,0,8.823415913,53.07661802,Östliche Vorstadt,Fesenfeld
520,11,2016,7,4,10,3,5,3,1,1,0,0,0,0,0,1,8.825524836,53.07894574,Östliche Vorstadt,Fesenfeld
688,11,2016,8,6,11,3,1,5,1,0,0,0,0,1,0,0,8.830887201,53.076970691,Östliche Vorstadt,Fesenfeld
701,11,2016,8,4,16,3,3,6,1,1,0,0,0,1,0,0,8.833199893,53.078713219,Östliche Vorstadt,Fesenfeld
825,11,2016,8,4,12,3,6,6,1,0,1,0,0,0,0,0,8.823741035,53.07791143,Östliche Vorstadt,Fesenfeld
869,11,2016,9,5,20,3,5,3,1,1,0,0,0,0,2,0,8.828348676,53.078164325,Östliche Vorstadt,Fesenfeld
1042,11,2016,11,6,19,3,4,6,1,1,0,0,0,0,2,1,8.831986411,53.077475117,Östliche Vorstadt,Fesenfeld
1074,11,2016,12,3,16,3,1,5,1,1,0,0,0,0,2,0,8.827118453,53.078468229,Östliche Vorstadt,Fesenfeld
1126,11,2016,12,5,1,3,1,1,1,1,0,0,0,0,2,0,8.823785705,53.077548576,Östliche Vorstadt,Fesenfeld
1174,11,2016,11,4,8,2,1,7,1,1,0,0,1,0,0,0,8.832588668,53.078323901,Östliche Vorstadt,Fesenfeld
65,11,2017,1,3,8,3,5,3,1,1,0,0,0,0,1,1,8.825888128000031,53.07871280100005,Östliche Vorstadt,Fesenfeld
258,11,2017,4,4,1,3,1,7,1,1,0,0,0,0,2,1,8.833647464000023,53.07403534500003,Östliche Vorstadt,Fesenfeld
354,11,2017,6,4,5,3,5,3,1,1,0,0,0,0,1,0,8.837340896000057,53.076836411000045,Östliche Vorstadt,Fesenfeld
384,11,2017,5,4,19,3,6,7,1,0,1,0,0,0,0,0,8.823236398000063,53.076328509000064,Östliche Vorstadt,Fesenfeld
447,11,2017,5,6,9,3,3,7,1,1,0,0,0,0,0,0,8.831055755000023,53.07478923600007,Östliche Vorstadt,Fesenfeld
503,11,2017,7,7,23,3,4,6,1,0,0,0,0,0,2,0,8.82638158900005,53.07868954400004,Östliche Vorstadt,Fesenfeld
607,11,2017,6,6,23,3,1,5,1,0,0,0,0,1,2,1,8.82972503800005,53.07789401100007,Östliche Vorstadt,Fesenfeld
716,11,2017,8,3,18,3,4,7,1,1,0,0,0,0,0,1,8.828623307000043,53.074675495000065,Östliche Vorstadt,Fesenfeld
769,11,2017,8,7,15,3,2,6,1,1,0,0,0,0,0,0,8.829504015000055,53.07456310200007,Östliche Vorstadt,Fesenfeld
858,11,2017,8,6,18,3,5,3,1,1,0,0,0,0,0,0,8.832001977000061,53.07751783500004,Östliche Vorstadt,Fesenfeld
880,11,2017,11,5,9,3,5,2,1,0,0,0,0,1,0,1,8.828742426000076,53.07808181200005,Östliche Vorstadt,Fesenfeld
934,11,2017,10,3,19,3,6,4,1,0,1,0,0,0,2,1,8.83687928300003,53.07695315900003,Östliche Vorstadt,Fesenfeld
1079,11,2017,11,4,18,3,5,3,1,1,0,0,0,0,2,0,8.825887342000044,53.07871040100008,Östliche Vorstadt,Fesenfeld
60,11,2018,1,3,18,3,3,6,1,1,0,0,0,0,2,1,8.823788642000068,53.07760801000006,Östliche Vorstadt,Fesenfeld
108,11,2018,2,6,11,3,5,2,1,1,0,0,0,0,0,0,8.83280060100003,53.07746575600004,Östliche Vorstadt,Fesenfeld
182,11,2018,4,4,17,3,5,3,1,1,0,0,0,0,0,1,8.823323136000056,53.07646839500006,Östliche Vorstadt,Fesenfeld
321,11,2018,5,5,19,2,0,7,1,0,0,0,0,0,0,0,8.822810638000021,53.07564185400008,Östliche Vorstadt,Fesenfeld
336,11,2018,5,4,9,2,2,6,1,1,0,0,0,0,0,0,8.831064157000071,53.07604137100003,Östliche Vorstadt,Fesenfeld
515,11,2018,6,4,8,3,5,2,1,0,0,0,0,0,0,0,8.831294060000062,53.07549233800006,Östliche Vorstadt,Fesenfeld
531,11,2018,6,3,19,2,0,7,1,0,0,0,0,0,0,0,8.833174287000077,53.07864342400006,Östliche Vorstadt,Fesenfeld
537,11,2018,6,3,19,3,1,5,1,1,0,0,0,0,0,0,8.827019799000027,53.07655944100003,Östliche Vorstadt,Fesenfeld
700,11,2018,8,7,13,3,5,3,1,1,0,0,0,0,0,1,8.832046816000059,53.077554934000034,Östliche Vorstadt,Fesenfeld
716,11,2018,7,7,2,2,7,7,1,0,1,0,0,0,2,0,8.82713071400002,53.07957668500006,Östliche Vorstadt,Fesenfeld
750,11,2018,8,7,23,3,4,2,1,1,0,0,0,0,2,0,8.822688717000062,53.07520748200005,Östliche Vorstadt,Fesenfeld
925,11,2018,9,4,7,3,3,6,1,0,0,0,0,0,0,0,8.83395501700005,53.077324341000065,Östliche Vorstadt,Fesenfeld
1042,11,2018,10,7,21,3,1,5,1,1,0,0,0,0,2,0,8.826733357000023,53.07601580100004,Östliche Vorstadt,Fesenfeld
1143,11,2018,10,3,11,3,1,5,1,1,0,0,0,0,0,1,8.826018633000047,53.07500719700005,Östliche Vorstadt,Fesenfeld
88,11,2019,2,4,11,2,0,7,1,0,0,0,0,0,0,1,8.823788620000073,53.07761893800006,Östliche Vorstadt,Fesenfeld
273,11,2019,4,3,8,3,0,7,1,0,0,0,0,0,0,0,8.827602759000058,53.078333059000045,Östliche Vorstadt,Fesenfeld
436,11,2019,6,3,11,3,5,2,1,1,0,0,0,0,0,0,8.832749008000064,53.07747282100007,Östliche Vorstadt,Fesenfeld
501,11,2019,6,3,18,3,5,2,1,1,0,0,0,0,0,0,8.823595219000026,53.07689189200005,Östliche Vorstadt,Fesenfeld
687,11,2019,8,6,15,3,5,3,1,0,0,0,0,0,0,0,8.831592587000046,53.07761821500003,Östliche Vorstadt,Fesenfeld
734,11,2019,9,3,15,3,5,2,1,1,0,0,0,0,0,1,8.832760679000046,53.07750574100004,Östliche Vorstadt,Fesenfeld
895,11,2019,9,7,14,3,0,1,1,0,0,0,0,0,0,0,8.825621976000036,53.07879683500005,Östliche Vorstadt,Fesenfeld
984,11,2019,10,6,13,2,5,3,1,1,0,0,0,0,0,0,8.823643563000076,53.076965580000035,Östliche Vorstadt,Fesenfeld
1051,11,2019,10,7,16,3,0,1,1,0,0,0,0,0,0,0,8.822828703000027,53.07567099000005,Östliche Vorstadt,Fesenfeld
107,11,2020,1,2,12,3,0,7,1,0,0,0,0,0,0,0,8.83120477400007,53.07524028300003,Östliche Vorstadt,Fesenfeld
218,11,2020,4,7,14,2,0,1,1,0,0,0,0,1,0,0,8.831449245000044,53.07595099300005,Östliche Vorstadt,Fesenfeld
320,11,2020,7,5,10,3,0,7,1,0,0,0,0,0,0,0,8.825462553000023,53.078926773000035,Östliche Vorstadt,Fesenfeld
374,11,2020,6,5,8,3,1,1,1,1,0,0,0,0,0,1,8.83591657900007,53.07419484600007,Östliche Vorstadt,Fesenfeld
452,11,2020,6,2,11,3,4,6,1,0,0,0,0,0,0,0,8.824262515000044,53.07841005300003,Östliche Vorstadt,Fesenfeld
477,11,2020,5,1,12,3,0,7,1,0,0,0,0,0,0,0,8.829290204000074,53.07796359300005,Östliche Vorstadt,Fesenfeld
720,11,2020,9,2,16,3,0,1,1,1,0,0,0,0,0,0,8.82930516600004,53.07626610700004,Östliche Vorstadt,Fesenfeld
746,11,2020,9,2,22,3,5,3,1,1,0,0,0,0,2,0,8.832051634000038,53.07755437000003,Östliche Vorstadt,Fesenfeld
894,11,2020,8,2,15,3,0,7,1,0,0,0,0,0,0,0,8.832773444000054,53.07746947500004,Östliche Vorstadt,Fesenfeld
964,11,2020,12,5,10,2,0,7,1,0,0,0,0,0,0,1,8.823235856000053,53.07632763500004,Östliche Vorstadt,Fesenfeld
1084,11,2020,11,2,11,3,0,1,1,0,0,0,0,0,0,1,8.837337016000049,53.07682693800007,Östliche Vorstadt,Fesenfeld
19,11,2021,6,5,15,3,5,3,1,1,0,0,0,0,0,0,8.831995403000064,53.07749970700007,Östliche Vorstadt,Fesenfeld
218,11,2021,4,5,15,3,3,2,1,1,0,0,0,0,0,0,8.837285962000067,53.076886269000056,Östliche Vorstadt,Fesenfeld
311,11,2021,6,3,12,3,5,2,1,1,0,0,0,0,0,0,8.831044227000064,53.07476022000003,Östliche Vorstadt,Fesenfeld
314,11,2021,1,7,14,3,5,3,1,1,0,0,0,0,0,0,8.82593206100006,53.078736055000036,Östliche Vorstadt,Fesenfeld
500,11,2021,1,4,14,3,0,1,1,0,1,0,0,0,0,0,8.823788542000045,53.077656028000035,Östliche Vorstadt,Fesenfeld
668,11,2021,12,3,7,2,0,7,1,0,0,0,0,1,2,0,8.825506077000057,53.07894477900004,Östliche Vorstadt,Fesenfeld
21,11,2022,7,7,14,2,0,6,1,1,0,0,0,0,0,0,8.83267070400007,53.0753831870001,Östliche Vorstadt,Fesenfeld
135,11,2022,7,1,17,3,8,7,1,1,0,0,0,0,0,0,8.82550840900007,53.078797767,Östliche Vorstadt,Fesenfeld
170,11,2022,2,5,8,3,5,2,1,1,0,0,0,0,0,1,8.83023168900007,53.0778099570001,Östliche Vorstadt,Fesenfeld
369,11,2022,5,5,20,3,0,7,1,0,0,0,0,0,0,1,8.82559232300002,53.078922563,Östliche Vorstadt,Fesenfeld
846,11,2022,9,6,10,2,6,4,1,0,1,0,0,0,0,0,8.82712766700007,53.0784656110001,Östliche Vorstadt,Fesenfeld
889,11,2022,10,5,11,3,5,3,1,1,0,0,0,0,0,0,8.82692655000005,53.0765683500001,Östliche Vorstadt,Fesenfeld
130,11,2023,4,3,18,3,5,2,1,1,0,0,0,0,0,0,8.837292449000074,53.076885133000076,Östliche Vorstadt,Fesenfeld
225,11,2023,2,3,8,3,5,3,1,1,0,0,0,0,0,0,8.827388934000055,53.078391364000026,Östliche Vorstadt,Fesenfeld
290,11,2023,1,4,14,3,5,3,1,1,0,0,0,0,0,0,8.831658375000075,53.07655657200007,Östliche Vorstadt,Fesenfeld
320,11,2023,1,7,17,3,5,3,1,1,0,0,0,0,2,0,8.832001492000074,53.07751644200005,Östliche Vorstadt,Fesenfeld
384,11,2023,10,3,15,3,5,3,1,1,0,0,0,0,1,1,8.826505487000077,53.07933166400005,Östliche Vorstadt,Fesenfeld
425,11,2023,10,6,19,2,0,7,1,0,0,0,0,0,2,1,8.822631001000047,53.07532990400006,Östliche Vorstadt,Fesenfeld
510,11,2023,9,2,12,3,6,7,1,1,1,0,0,0,0,0,8.837481112000034,53.07719025100005,Östliche Vorstadt,Fesenfeld
530,11,2023,9,4,15,3,5,2,1,1,0,0,0,0,0,0,8.832807470000034,53.07746481500004,Östliche Vorstadt,Fesenfeld
666,11,2023,8,4,18,3,0,3,1,1,0,0,0,0,0,0,8.832775957000024,53.07746913100004,Östliche Vorstadt,Fesenfeld
824,11,2023,6,5,0,3,0,7,1,0,0,0,0,0,2,0,8.823798323000062,53.07786458900006,Östliche Vorstadt,Fesenfeld
952,11,2023,12,6,12,3,6,4,1,0,1,0,0,0,0,0,8.831124206000027,53.07499936800008,Östliche Vorstadt,Fesenfeld
1010,11,2023,11,6,14,3,5,3,1,1,0,0,0,0,0,0,8.83575471000006,53.07396396400003,Östliche Vorstadt,Fesenfeld
244,11,2016,6,3,15,3,0,7,1,0,0,0,0,0,0,0,8.807521238,53.094423674,Findorff,Regensburger Str.
403,11,2016,4,7,16,3,0,7,1,0,0,0,0,1,0,0,8.796830632,53.094679986,Findorff,Regensburger Str.
598,11,2016,7,1,1,3,0,7,1,0,0,0,0,0,2,0,8.799607769,53.094643434,Findorff,Regensburger Str.
614,11,2016,8,6,12,3,5,2,1,1,0,0,0,0,0,1,8.807435525,53.09438042,Findorff,Regensburger Str.
950,11,2016,11,2,19,2,5,3,1,0,0,0,0,0,2,0,8.800612371,53.094594469,Findorff,Regensburger Str.
1151,11,2016,11,3,16,3,5,3,1,0,0,0,0,1,1,0,8.800876235,53.094595856,Findorff,Regensburger Str.
19,11,2017,2,5,13,2,3,5,1,1,0,0,0,0,0,1,8.800577576000023,53.094594287000064,Findorff,Regensburger Str.
56,11,2017,1,5,19,3,6,4,1,0,1,0,0,0,2,1,8.806589383000073,53.09406807100004,Findorff,Regensburger Str.
175,11,2017,2,1,19,3,0,7,1,0,0,0,0,0,2,1,8.802599749000024,53.097471075000044,Findorff,Regensburger Str.
334,11,2017,6,7,10,2,5,3,1,1,0,0,0,0,0,0,8.80743846200005,53.094381902000066,Findorff,Regensburger Str.
457,11,2017,5,4,7,3,0,1,1,0,0,0,0,0,0,0,8.805132361000062,53.10017050000005,Findorff,Regensburger Str.
459,11,2017,5,3,12,3,5,2,1,0,0,0,0,0,0,0,8.802555016000042,53.097422678000044,Findorff,Regensburger Str.
460,11,2017,5,3,16,3,4,6,1,0,0,0,0,0,0,0,8.802054377000047,53.094574297000065,Findorff,Regensburger Str.
911,11,2017,10,7,17,3,5,2,1,1,0,0,0,0,1,1,8.796885168000074,53.094670740000026,Findorff,Regensburger Str.
1018,11,2017,10,6,8,3,6,4,1,0,1,0,0,0,0,1,8.80512254200005,53.10016007300004,Findorff,Regensburger Str.
1084,11,2017,12,5,7,3,5,7,1,1,0,0,0,0,2,1,8.805699900000036,53.094521049000036,Findorff,Regensburger Str.
1121,11,2017,12,3,8,3,5,2,1,0,0,0,0,1,0,1,8.802039042000047,53.09457465400004,Findorff,Regensburger Str.
1134,11,2017,12,6,9,3,0,7,1,0,0,0,0,0,0,1,8.79686838300006,53.09466945400004,Findorff,Regensburger Str.
612,11,2018,6,2,16,3,6,4,1,0,1,0,0,0,0,0,8.799905727000066,53.09460579000006,Findorff,Regensburger Str.
686,11,2018,8,1,14,2,3,6,1,1,0,0,0,0,0,0,8.801684034000061,53.09458208700005,Findorff,Regensburger Str.
715,11,2018,8,5,13,3,1,1,1,1,0,0,0,0,0,0,8.805135300000074,53.09553301900007,Findorff,Regensburger Str.
957,11,2018,10,5,11,3,4,1,1,0,0,0,0,1,0,0,8.796875328000056,53.09466998700003,Findorff,Regensburger Str.
1021,11,2018,9,5,20,3,7,7,1,0,0,0,0,0,2,0,8.800539539000056,53.09552432000004,Findorff,Regensburger Str.
1119,11,2018,10,4,10,3,4,2,1,1,0,0,0,0,0,1,8.805185195000035,53.09359734100008,Findorff,Regensburger Str.
1298,11,2018,12,2,14,3,0,7,1,0,0,0,0,0,0,1,8.80309740000007,53.09638012600004,Findorff,Regensburger Str.
82,11,2019,2,5,17,2,0,7,1,0,0,0,0,0,2,0,8.80222599700005,53.09457092500003,Findorff,Regensburger Str.
360,11,2019,5,1,11,3,1,5,1,1,0,0,0,0,0,1,8.80075094700004,53.09734300700006,Findorff,Regensburger Str.
755,11,2019,9,5,7,3,5,3,1,0,0,1,0,0,0,0,8.803910975000065,53.09603997800008,Findorff,Regensburger Str.
1053,11,2019,10,6,22,3,1,7,1,1,0,0,0,0,2,1,8.802050826000027,53.09392975500003,Findorff,Regensburger Str.
60,11,2020,1,3,6,3,6,4,1,0,1,0,0,0,2,1,8.802051056000039,53.093934810000064,Findorff,Regensburger Str.
493,11,2020,6,5,10,3,4,6,1,1,0,0,0,0,0,0,8.802073095000026,53.09441745400005,Findorff,Regensburger Str.
704,11,2020,8,4,10,3,0,5,1,0,0,0,0,1,0,0,8.799720704000038,53.094768087000034,Findorff,Regensburger Str.
784,11,2020,10,2,19,2,5,3,1,1,0,0,0,1,2,0,8.802027805000023,53.09457491500007,Findorff,Regensburger Str.
985,11,2020,11,3,12,3,5,3,1,0,0,0,0,1,0,1,8.807564226000068,53.099700994000045,Findorff,Regensburger Str.
1030,11,2020,10,5,18,3,2,7,1,1,0,0,0,0,2,1,8.799588122000046,53.094621748000066,Findorff,Regensburger Str.
63,11,2021,7,5,4,3,1,5,1,1,0,0,0,0,1,0,8.80166614600006,53.09458244500007,Findorff,Regensburger Str.
239,11,2021,6,2,15,3,1,5,1,1,0,0,0,0,0,0,8.80751551000003,53.09937378700005,Findorff,Regensburger Str.
557,11,2021,9,3,12,3,0,1,1,1,0,0,0,0,0,0,8.80731591500006,53.095324263000066,Findorff,Regensburger Str.
559,11,2021,12,2,8,3,1,5,1,1,0,0,0,0,0,1,8.802906548000067,53.09645820600008,Findorff,Regensburger Str.
679,11,2021,11,3,15,3,5,3,1,1,0,0,0,0,0,1,8.805161921000035,53.09553740500007,Findorff,Regensburger Str.
732,11,2021,12,6,16,2,5,3,1,1,0,0,0,0,2,1,8.805329904000075,53.10038026700005,Findorff,Regensburger Str.
875,11,2021,11,1,16,3,1,7,1,1,0,0,0,0,0,1,8.801102052000033,53.09459388800008,Findorff,Regensburger Str.
911,11,2021,12,3,18,3,2,6,1,1,0,0,0,0,2,1,8.799605589000066,53.09464102900006,Findorff,Regensburger Str.
102,11,2022,5,4,18,3,0,7,1,0,0,0,0,0,0,0,8.80531030500003,53.1003594470001,Findorff,Regensburger Str.
118,11,2022,7,7,10,3,3,6,1,1,0,0,0,0,0,0,8.80688798700004,53.0944945540001,Findorff,Regensburger Str.
211,11,2022,2,2,15,3,5,3,1,1,0,0,0,0,0,1,8.80342486500007,53.0962446030001,Findorff,Regensburger Str.
334,11,2022,5,1,19,3,4,6,1,0,0,0,0,0,0,0,8.80295353200006,53.096438984,Findorff,Regensburger Str.
523,11,2022,6,7,8,3,3,6,1,1,0,0,0,0,0,0,8.80001284700006,53.0970696050001,Findorff,Regensburger Str.
529,11,2022,6,1,19,3,0,7,1,0,0,0,0,0,0,0,8.80535986100006,53.100412078,Findorff,Regensburger Str.
599,11,2022,11,3,15,3,3,2,1,0,0,0,0,0,0,0,8.80639254300007,53.0940009220001,Findorff,Regensburger Str.
669,11,2022,9,5,15,3,4,2,1,1,0,0,0,0,0,0,8.80744439200004,53.0952154460001,Findorff,Regensburger Str.
713,11,2022,10,6,9,3,1,7,1,1,0,0,0,0,0,0,8.80278334800005,53.0950560000001,Findorff,Regensburger Str.
868,11,2022,8,4,10,3,1,7,1,1,0,0,0,0,0,0,8.80200965900002,53.0922056530001,Findorff,Regensburger Str.
908,11,2022,11,3,10,3,5,3,1,1,0,0,0,0,0,1,8.80532616000005,53.100376286,Findorff,Regensburger Str.
91,11,2023,5,3,15,3,4,6,1,0,0,0,0,0,0,0,8.807032313000036,53.097900408000044,Findorff,Regensburger Str.
292,11,2023,1,2,14,3,0,7,1,0,0,0,0,0,0,0,8.807564011000068,53.09969954300004,Findorff,Regensburger Str.
526,11,2023,9,5,8,3,2,6,1,1,0,0,0,0,0,0,8.804198428000063,53.09874418000004,Findorff,Regensburger Str.
550,11,2023,9,5,15,3,1,5,1,1,0,0,0,0,0,0,8.79708738100004,53.09468708900005,Findorff,Regensburger Str.
868,11,2023,8,5,16,3,5,3,1,1,0,0,0,0,0,0,8.803644374000044,53.096152096000026,Findorff,Regensburger Str.
248,11,2016,6,3,13,3,1,5,1,1,0,0,0,0,0,0,8.759007902,53.117733553,Gröpelingen,Gröpelingen
436,11,2016,7,6,18,3,1,5,1,1,0,0,0,0,0,1,8.768078027,53.11238927,Gröpelingen,Gröpelingen
788,11,2016,9,4,8,3,5,3,1,0,0,0,0,1,0,0,8.761857506,53.115408935,Gröpelingen,Gröpelingen
1041,11,2016,11,3,18,2,5,3,1,1,0,0,0,0,2,0,8.7735374,53.110751913,Gröpelingen,Gröpelingen