,UKREIS,UJAHR,UMONAT,UWOCHENTAG,USTUNDE,UKATEGORIE,UART,UTYP1,IstRad,IstPKW,IstFuss,IstKrad,IstGkfz,IstSonstig,ULICHTVERH,STRZUSTAND,longitude,latitude,Stadtteil,Ortsteil
1050,11,2016,11,2,10,3,5,3,1,1,0,0,0,0,0,0,8.763299609,53.116509729,Gröpelingen,Gröpelingen
82,11,2017,1,1,18,3,0,3,1,1,0,0,0,0,2,1,8.759520132000034,53.11993028400008,Gröpelingen,Gröpelingen
278,11,2017,4,5,9,3,6,4,1,0,1,0,0,0,0,0,8.769323847000067,53.11443363800004,Gröpelingen,Gröpelingen
313,11,2017,3,3,14,3,3,6,1,1,0,0,0,0,0,0,8.760789541000065,53.11512782900007,Gröpelingen,Gröpelingen
504,11,2017,7,7,7,3,5,2,1,1,0,0,0,0,0,0,8.761148667000043,53.12132059700008,Gröpelingen,Gröpelingen
511,11,2017,7,5,18,3,5,3,1,0,0,0,0,0,0,0,8.766590149000024,53.115342455000075,Gröpelingen,Gröpelingen
624,11,2017,6,3,16,3,5,3,1,1,0,0,0,0,0,0,8.761925560000066,53.12190184200006,Gröpelingen,Gröpelingen
707,11,2017,8,3,22,3,0,6,1,0,0,0,0,0,2,0,8.766168105000077,53.112352919000045,Gröpelingen,Gröpelingen
771,11,2017,8,7,17,3,5,3,1,1,0,0,0,0,0,0,8.768632337000042,53.11267141800005,Gröpelingen,Gröpelingen
805,11,2017,8,2,16,3,5,3,1,1,0,0,0,0,0,0,8.773544385000037,53.110760552000045,Gröpelingen,Gröpelingen
883,11,2017,11,5,15,3,0,7,1,1,0,0,0,0,0,0,8.76298772900003,53.11399247500003,Gröpelingen,Gröpelingen
968,11,2017,10,4,18,3,5,2,1,1,0,0,0,0,1,0,8.76150721700003,53.12159936100005,Gröpelingen,Gröpelingen
1025,11,2017,11,6,16,3,5,2,1,1,0,0,0,0,1,1,8.770458913000027,53.11404735000008,Gröpelingen,Gröpelingen
119,11,2018,3,3,7,3,5,3,1,1,0,0,0,0,0,1,8.76177283800007,53.12178911800004,Gröpelingen,Gröpelingen
158,11,2018,3,3,6,3,5,3,1,1,0,0,0,0,1,1,8.766555070000038,53.11531719900006,Gröpelingen,Gröpelingen
255,11,2018,4,1,12,3,5,2,1,1,0,0,0,0,0,0,8.76314895400003,53.122743025000034,Gröpelingen,Gröpelingen
455,11,2018,6,2,7,3,5,3,1,1,0,0,0,0,0,0,8.763328819000037,53.11654725500006,Gröpelingen,Gröpelingen
516,11,2018,6,5,18,3,1,5,1,1,0,0,0,0,0,0,8.758913127000028,53.116920839000045,Gröpelingen,Gröpelingen
774,11,2018,7,5,13,3,5,3,1,1,0,0,0,0,0,0,8.769000371000061,53.112827579000054,Gröpelingen,Gröpelingen
1061,11,2018,11,5,8,3,5,3,1,1,0,0,0,0,0,1,8.773581185000069,53.11076073700008,Gröpelingen,Gröpelingen
1185,11,2018,10,6,12,3,5,2,1,1,0,0,0,0,0,0,8.767331585000022,53.11183271200008,Gröpelingen,Gröpelingen
1256,11,2018,12,6,11,3,6,6,1,0,1,0,0,0,0,1,8.768935602000056,53.11645105700006,Gröpelingen,Gröpelingen
47,11,2019,1,4,10,3,5,3,1,1,0,0,0,0,0,0,8.76230259700003,53.11573659100003,Gröpelingen,Gröpelingen
52,11,2019,2,4,13,3,5,3,1,1,0,0,0,0,0,0,8.769011965000061,53.11283326900008,Gröpelingen,Gröpelingen
57,11,2019,2,3,9,3,5,3,1,1,0,0,0,0,0,0,8.764457054000047,53.113283022000076,Gröpelingen,Gröpelingen
460,11,2019,6,5,9,3,5,3,1,1,0,0,0,0,0,0,8.763415423000026,53.11660780100004,Gröpelingen,Gröpelingen
653,11,2019,7,6,14,3,2,6,1,1,0,0,0,0,0,0,8.769204538000054,53.11629409300008,Gröpelingen,Gröpelingen
659,11,2019,7,4,17,3,6,4,1,0,1,0,0,0,0,0,8.762759545000051,53.114113376000034,Gröpelingen,Gröpelingen
715,11,2019,9,6,7,3,2,6,1,1,0,0,0,0,0,0,8.76363040900003,53.11985752700008,Gröpelingen,Gröpelingen
816,11,2019,8,5,7,3,5,3,1,1,0,0,0,0,1,1,8.759197293000057,53.11937992600008,Gröpelingen,Gröpelingen
858,11,2019,9,2,18,3,5,3,1,1,0,0,0,0,0,0,8.77101394500005,53.10987903200004,Gröpelingen,Gröpelingen
972,11,2019,10,7,7,2,4,6,1,1,0,0,0,0,2,0,8.77061205800004,53.11418155000007,Gröpelingen,Gröpelingen
1060,11,2019,10,5,15,3,3,7,1,1,0,0,0,0,0,1,8.770575601000075,53.11415969600006,Gröpelingen,Gröpelingen
1147,11,2019,12,3,12,3,5,3,1,1,0,0,0,0,0,0,8.769679560000043,53.11322359700006,Gröpelingen,Gröpelingen
1173,11,2019,11,4,8,3,5,2,1,1,0,0,0,0,0,0,8.77048734300007,53.11399409400008,Gröpelingen,Gröpelingen
191,11,2020,3,4,13,3,6,4,1,0,1,0,0,0,0,0,8.761701924000022,53.11528846200008,Gröpelingen,Gröpelingen
565,11,2020,8,5,18,2,5,3,1,0,0,0,0,0,0,0,8.76535222700005,53.11856364200003,Gröpelingen,Gröpelingen
745,11,2020,9,6,18,3,0,7,1,0,0,0,0,0,0,0,8.769391935000044,53.11441065100007,Gröpelingen,Gröpelingen
972,11,2020,11,6,9,3,5,3,1,1,0,0,0,0,0,0,8.769569889000024,53.11314014300007,Gröpelingen,Gröpelingen
567,11,2021,11,2,9,3,5,2,1,1,0,0,0,0,0,1,8.775306028000045,53.11609858200006,Gröpelingen,Gröpelingen
680,11,2021,11,4,14,3,5,3,1,1,0,0,0,0,0,0,8.759184546000029,53.11937427700008,Gröpelingen,Gröpelingen
802,11,2021,10,7,11,3,0,7,1,1,0,0,0,0,0,0,8.77261251300007,53.110467207000056,Gröpelingen,Gröpelingen
803,11,2021,9,7,11,3,5,3,1,1,0,0,0,0,0,0,8.764476891000072,53.11329217200006,Gröpelingen,Gröpelingen
464,11,2022,2,6,20,3,5,3,1,1,0,0,0,0,2,1,8.76235802400004,53.1157461550001,Gröpelingen,Gröpelingen
470,11,2022,5,2,15,3,5,3,1,1,0,0,0,0,0,0,8.76365977700004,53.12308692,Gröpelingen,Gröpelingen
166,11,2023,3,6,15,3,5,3,1,1,0,0,0,0,0,0,8.76278473900004,53.11612140900007,Gröpelingen,Gröpelingen
870,11,2023,6,3,18,3,5,3,1,1,0,0,0,0,0,0,8.770086708000065,53.11417772800007,Gröpelingen,Gröpelingen
975,11,2023,11,5,11,3,5,3,1,1,0,0,0,0,0,0,8.76336550700006,53.11662307300003,Gröpelingen,Gröpelingen
258,11,2016,5,3,10,2,5,3,1,1,0,0,0,0,0,0,8.625492207,53.181326048,Vegesack,Aumund-Hammersbeck
275,11,2016,5,2,9,2,5,3,1,1,0,0,0,0,0,0,8.636236044,53.184636234,Vegesack,Aumund-Hammersbeck
320,11,2016,5,5,16,3,5,3,1,1,0,0,0,0,0,0,8.619290362,53.185233306,Vegesack,Aumund-Hammersbeck
374,11,2016,6,5,9,3,0,1,1,0,0,0,0,0,0,0,8.635731992,53.184841086,Vegesack,Aumund-Hammersbeck
383,11,2016,5,4,8,3,4,6,1,1,0,0,0,0,0,0,8.628515862,53.187521092,Vegesack,Aumund-Hammersbeck
801,11,2016,9,5,13,3,5,3,1,1,0,0,0,0,0,0,8.625547043,53.181244089,Vegesack,Aumund-Hammersbeck
941,11,2016,10,2,6,2,5,3,1,1,0,0,0,0,2,1,8.625262433,53.180283454,Vegesack,Aumund-Hammersbeck
234,11,2017,4,2,10,3,5,3,1,1,0,0,0,0,0,0,8.625825505000023,53.182273587000054,Vegesack,Aumund-Hammersbeck
308,11,2017,3,4,17,3,3,2,1,1,0,0,0,0,0,1,8.603954423000062,53.18462770100007,Vegesack,Aumund-Hammersbeck
514,11,2017,7,4,13,3,6,4,1,0,1,0,0,0,0,0,8.62817430900003,53.18655753000007,Vegesack,Aumund-Hammersbeck
523,11,2017,7,2,11,3,5,2,1,1,0,0,0,0,0,0,8.62618248800004,53.18384330600003,Vegesack,Aumund-Hammersbeck
702,11,2017,9,4,11,3,5,3,1,1,0,0,0,0,0,1,8.629980369000066,53.18898302200006,Vegesack,Aumund-Hammersbeck
1034,11,2017,10,1,13,3,5,3,1,1,0,0,0,0,0,0,8.621480013000053,53.195131556000035,Vegesack,Aumund-Hammersbeck
1132,11,2017,11,7,15,3,5,2,1,1,0,0,0,0,0,0,8.626251385000046,53.18384092600007,Vegesack,Aumund-Hammersbeck
1188,11,2017,12,5,17,3,0,6,1,1,0,0,0,0,2,1,8.613441758000022,53.18925330700006,Vegesack,Aumund-Hammersbeck
33,11,2018,1,6,9,3,5,2,1,1,0,0,0,0,0,0,8.603494355000066,53.18464230700005,Vegesack,Aumund-Hammersbeck
205,11,2018,4,7,15,3,5,3,1,1,0,0,0,0,0,0,8.626632791000077,53.18463015300006,Vegesack,Aumund-Hammersbeck
267,11,2018,4,4,18,3,5,3,1,1,0,0,0,0,0,0,8.603442786000073,53.18464394400007,Vegesack,Aumund-Hammersbeck
290,11,2018,5,1,15,3,0,1,1,0,0,0,0,0,0,0,8.613045340000042,53.19403866600004,Vegesack,Aumund-Hammersbeck
539,11,2018,6,2,7,3,5,3,1,1,0,0,0,0,0,0,8.62661915700005,53.18463210800007,Vegesack,Aumund-Hammersbeck
617,11,2018,7,2,11,3,3,2,1,0,0,0,1,0,0,0,8.619383646000074,53.18406981500004,Vegesack,Aumund-Hammersbeck
683,11,2018,7,3,7,3,5,3,1,1,0,0,0,0,0,0,8.619345698000075,53.18296866400004,Vegesack,Aumund-Hammersbeck
884,11,2018,9,3,13,3,1,1,1,1,0,0,0,0,0,0,8.613412579000055,53.18541372800007,Vegesack,Aumund-Hammersbeck
938,11,2018,9,6,15,3,5,2,1,1,0,0,0,0,0,1,8.618357057000026,53.19122397600006,Vegesack,Aumund-Hammersbeck
1099,11,2018,11,5,10,2,5,2,1,1,0,0,0,0,0,0,8.615678332000073,53.194354614000076,Vegesack,Aumund-Hammersbeck
1147,11,2018,12,7,16,3,1,5,1,1,0,0,0,0,2,0,8.607200670000054,53.18552870800005,Vegesack,Aumund-Hammersbeck
7,11,2019,1,3,17,3,5,3,1,1,0,0,0,0,2,1,8.623037702000033,53.180539072000045,Vegesack,Aumund-Hammersbeck
17,11,2019,1,3,7,3,0,7,1,0,0,0,0,0,2,1,8.62136457400004,53.184003389000054,Vegesack,Aumund-Hammersbeck
38,11,2019,1,2,19,3,5,2,1,1,0,0,0,0,2,1,8.626250258000027,53.18391985300008,Vegesack,Aumund-Hammersbeck
153,11,2019,2,7,11,3,0,7,1,0,0,0,0,0,0,0,8.632052961000056,53.191785277000065,Vegesack,Aumund-Hammersbeck
341,11,2019,5,5,12,3,0,7,1,1,0,0,0,0,0,0,8.637199163000048,53.18739084500004,Vegesack,Aumund-Hammersbeck
613,11,2019,7,3,11,2,0,7,1,1,0,0,0,0,0,0,8.608621767000045,53.18564486200006,Vegesack,Aumund-Hammersbeck
658,11,2019,7,4,17,2,7,7,1,0,0,0,0,1,0,0,8.614525229000037,53.190347829000075,Vegesack,Aumund-Hammersbeck
794,11,2019,9,2,7,3,5,3,1,1,0,0,0,0,0,0,8.622745713000029,53.18397582500006,Vegesack,Aumund-Hammersbeck
973,11,2019,11,3,8,3,5,3,1,1,0,0,0,0,0,1,8.625478221000037,53.181326788000035,Vegesack,Aumund-Hammersbeck
1119,11,2019,12,4,10,3,0,7,1,1,0,0,0,0,0,1,8.626202806000038,53.18375708800005,Vegesack,Aumund-Hammersbeck
14,11,2020,1,2,13,3,5,2,1,1,0,0,0,0,0,0,8.619165602000066,53.186099366000064,Vegesack,Aumund-Hammersbeck
166,11,2020,4,2,16,3,3,2,1,1,0,0,0,0,0,0,8.635229736000042,53.18504520400006,Vegesack,Aumund-Hammersbeck
316,11,2020,6,3,15,3,5,3,1,1,0,0,0,0,0,0,8.625560035000035,53.18128794300003,Vegesack,Aumund-Hammersbeck
475,11,2020,5,1,12,3,5,3,1,1,0,0,0,0,0,0,8.627611152000043,53.18379124000006,Vegesack,Aumund-Hammersbeck
617,11,2020,8,7,10,3,5,3,1,1,0,0,0,0,0,0,8.618977125000072,53.18408611900003,Vegesack,Aumund-Hammersbeck
795,11,2020,9,4,17,3,5,3,1,1,0,0,0,0,0,0,8.62236116500003,53.181773829000065,Vegesack,Aumund-Hammersbeck
869,11,2020,9,6,10,3,5,3,1,1,0,0,0,0,0,0,8.616963850000047,53.18416670300007,Vegesack,Aumund-Hammersbeck
1047,11,2020,12,2,19,3,0,1,1,0,0,0,0,0,1,0,8.621188117000031,53.18400926800007,Vegesack,Aumund-Hammersbeck
843,11,2021,11,7,12,3,5,1,1,1,0,0,0,0,0,0,8.633277547000034,53.18301437700006,Vegesack,Aumund-Hammersbeck
44,11,2022,7,4,7,3,5,3,1,1,0,0,0,0,0,0,8.62275556900005,53.1840188350001,Vegesack,Aumund-Hammersbeck
233,11,2022,5,2,11,3,3,7,1,1,0,0,0,0,0,0,8.63227306400006,53.186656414,Vegesack,Aumund-Hammersbeck
236,11,2022,2,6,6,3,5,3,1,1,0,0,0,0,1,0,8.62540955300005,53.1813393,Vegesack,Aumund-Hammersbeck
255,11,2022,3,4,16,3,5,3,1,1,0,0,0,0,0,0,8.63252136400007,53.181336593,Vegesack,Aumund-Hammersbeck
620,11,2022,8,3,13,3,5,3,1,1,0,0,0,0,0,0,8.62818762900002,53.1865748450001,Vegesack,Aumund-Hammersbeck
626,11,2022,10,5,9,3,4,2,1,1,0,0,0,0,0,0,8.61943899100004,53.1841167600001,Vegesack,Aumund-Hammersbeck
642,11,2022,12,5,17,3,5,3,1,1,0,0,0,0,2,1,8.62608152300004,53.1832600160001,Vegesack,Aumund-Hammersbeck
746,11,2022,11,6,15,2,5,3,1,1,0,0,0,0,0,0,8.61562481300007,53.194397517,Vegesack,Aumund-Hammersbeck
937,11,2022,11,4,14,3,3,2,1,1,0,0,0,0,0,0,8.63182899200007,53.191483512,Vegesack,Aumund-Hammersbeck
224,11,2023,2,3,9,3,0,3,1,1,0,0,0,0,0,0,8.625437133000048,53.181338132000064,Vegesack,Aumund-Hammersbeck
364,11,2023,11,3,13,3,5,3,1,0,0,0,0,1,0,0,8.61927005900003,53.18213714700005,Vegesack,Aumund-Hammersbeck
432,11,2023,10,4,17,3,0,7,1,1,0,0,0,0,0,0,8.619213503000026,53.18174315600004,Vegesack,Aumund-Hammersbeck
524,11,2023,9,5,17,3,3,3,1,1,0,0,0,0,0,0,8.615444220000029,53.19447611100003,Vegesack,Aumund-Hammersbeck
605,11,2023,8,4,14,3,5,3,1,0,0,0,0,1,0,0,8.632063463000065,53.19177212800008,Vegesack,Aumund-Hammersbeck
744,11,2023,7,3,18,3,4,6,1,0,0,0,0,1,0,0,8.619173674000024,53.18597354000008,Vegesack,Aumund-Hammersbeck
284,11,2016,5,7,11,3,0,7,1,0,0,0,0,0,0,0,8.554020176,53.18660308,Blumenthal,Rönnebeck
421,11,2016,6,3,13,3,5,1,1,1,0,0,0,0,0,0,8.552991511,53.194389095,Blumenthal,Rönnebeck
551,11,2016,8,1,14,3,5,3,1,1,0,0,0,0,0,0,8.559786449,53.190779598,Blumenthal,Rönnebeck
591,11,2016,8,4,10,2,4,2,1,1,0,0,0,0,0,0,8.54851439,53.18816971,Blumenthal,Rönnebeck
1156,11,2016,12,6,7,3,4,6,1,1,0,0,0,0,1,1,8.539340804,53.193174678,Blumenthal,Rönnebeck
232,11,2017,4,2,18,3,5,3,1,1,0,0,0,0,0,1,8.545340975000045,53.19427034000006,Blumenthal,Rönnebeck
270,11,2017,4,6,14,3,4,6,1,0,0,0,0,0,0,0,8.542197031000057,53.19028627400007,Blumenthal,Rönnebeck
732,11,2017,9,6,7,3,5,3,1,1,0,0,0,0,0,0,8.555805496000062,53.185837254000035,Blumenthal,Rönnebeck
1086,11,2017,11,2,7,3,5,2,1,1,0,0,0,0,1,1,8.562213645000043,53.19228560100004,Blumenthal,Rönnebeck
51,11,2018,1,5,10,3,5,3,1,1,0,0,0,0,0,0,8.555965153000045,53.185845974000074,Blumenthal,Rönnebeck
52,11,2018,1,2,9,3,2,2,1,1,0,0,0,0,0,1,8.54972439100004,53.19090357400006,Blumenthal,Rönnebeck
997,11,2018,9,1,12,2,0,1,1,0,0,0,0,0,0,1,8.555801460000055,53.185839145000045,Blumenthal,Rönnebeck
1247,11,2018,10,1,15,3,5,3,1,0,0,0,0,0,0,0,8.541997973000036,53.18976526600005,Blumenthal,Rönnebeck
96,11,2019,2,7,11,3,5,3,1,1,0,0,0,0,0,1,8.562243931000069,53.19226262500007,Blumenthal,Rönnebeck
647,11,2019,7,2,10,3,3,6,1,1,0,0,0,0,0,0,8.553753932000063,53.191276352000045,Blumenthal,Rönnebeck
478,11,2020,6,3,20,3,5,2,1,1,0,0,0,0,0,0,8.553668304000041,53.19617312500003,Blumenthal,Rönnebeck
727,11,2020,9,6,16,3,2,7,1,0,0,0,0,1,0,0,8.543706605000068,53.19279050100005,Blumenthal,Rönnebeck
764,11,2020,10,6,6,3,0,1,1,0,0,0,0,0,2,1,8.551124902000026,53.19273117200004,Blumenthal,Rönnebeck
478,11,2021,4,2,20,3,5,3,1,1,0,0,0,0,0,0,8.54853698200003,53.19162533200006,Blumenthal,Rönnebeck
689,11,2021,12,4,15,3,5,2,1,1,0,0,0,0,0,1,8.53604464700004,53.19219725200003,Blumenthal,Rönnebeck
780,11,2021,9,6,8,3,3,1,1,0,0,0,0,1,0,0,8.548726071000033,53.19626917000005,Blumenthal,Rönnebeck
785,11,2021,9,2,9,3,5,3,1,1,0,0,0,0,0,0,8.561024377000024,53.193185690000064,Blumenthal,Rönnebeck
576,11,2022,4,7,17,3,5,2,1,1,0,0,0,0,0,0,8.54532982600006,53.1942758710001,Blumenthal,Rönnebeck
900,11,2022,8,3,13,3,5,3,1,0,0,0,0,1,0,0,8.54578088300002,53.1913989540001,Blumenthal,Rönnebeck
1043,11,2022,10,4,15,3,5,3,1,1,0,0,0,0,0,0,8.54964777400005,53.193559808,Blumenthal,Rönnebeck
69,11,2023,5,4,17,2,5,3,1,1,0,0,0,0,0,0,8.542280234000032,53.19005696000005,Blumenthal,Rönnebeck
286,11,2016,5,5,21,3,6,4,1,0,1,0,0,0,1,0,8.785624399,53.070968079,Neustadt,Hohentor
762,11,2016,9,6,20,3,6,4,1,0,1,0,0,0,2,0,8.788935463,53.070868307,Neustadt,Hohentor
988,11,2016,11,6,7,3,5,3,1,1,0,0,0,0,0,0,8.783275997,53.069726152,Neustadt,Hohentor
1019,11,2016,11,6,14,3,1,5,1,1,0,0,0,0,0,0,8.788533366,53.070593297,Neustadt,Hohentor
1124,11,2016,12,4,13,3,5,3,1,1,0,0,0,0,0,0,8.781888581,53.067274076,Neustadt,Hohentor
5,11,2017,6,5,13,3,0,7,1,0,0,0,0,1,0,0,8.779683698000042,53.068708068000035,Neustadt,Hohentor
98,11,2017,3,4,10,3,6,3,1,0,1,0,0,0,0,0,8.790009911000027,53.07160087600005,Neustadt,Hohentor
223,11,2017,4,5,18,3,4,6,1,1,0,0,0,0,0,0,8.789774317000024,53.07144554000007,Neustadt,Hohentor
241,11,2017,4,6,10,3,5,3,1,1,0,0,0,0,0,0,8.783286836000059,53.06972004700003,Neustadt,Hohentor
261,11,2017,4,2,17,3,5,2,1,1,0,0,0,0,0,0,8.789874318000045,53.071512048000045,Neustadt,Hohentor
265,11,2017,4,1,17,3,5,3,1,1,0,0,0,0,0,0,8.785629269000026,53.07096506800008,Neustadt,Hohentor
272,11,2017,4,6,8,3,5,3,1,1,0,0,0,0,0,0,8.787347314000044,53.07204920200007,Neustadt,Hohentor
411,11,2017,5,7,13,3,2,6,1,0,0,0,0,0,0,0,8.78910247600004,53.07098253200007,Neustadt,Hohentor
430,11,2017,5,3,13,3,5,2,1,1,0,0,0,0,0,0,8.785523615000045,53.07484878200006,Neustadt,Hohentor
596,11,2017,6,1,18,3,5,3,1,1,0,0,0,0,0,1,8.784766919000049,53.07146380200004,Neustadt,Hohentor
600,11,2017,6,7,18,3,0,3,1,0,0,0,0,0,0,0,8.788369554000042,53.07048125800003,Neustadt,Hohentor
617,11,2017,6,4,15,3,5,2,1,1,0,0,0,0,0,0,8.78985592500004,53.07150000000007,Neustadt,Hohentor
681,11,2017,9,1,0,3,1,7,1,1,0,0,0,0,2,0,8.789486401000033,53.071246838000036,Neustadt,Hohentor
721,11,2017,9,1,8,3,3,3,1,0,0,0,0,1,0,0,8.785662668000043,53.07107705700008,Neustadt,Hohentor
865,11,2017,8,4,12,2,1,5,1,1,0,0,0,0,0,0,8.787223777000065,53.070038596000074,Neustadt,Hohentor
1111,11,2017,11,2,8,3,5,2,1,1,0,0,0,0,0,1,8.786745642000028,53.074388663000036,Neustadt,Hohentor
59,11,2018,1,2,15,2,5,2,1,1,0,0,0,0,0,0,8.788572719000058,53.072901296000055,Neustadt,Hohentor
395,11,2018,5,2,8,3,5,3,1,1,0,0,0,0,0,0,8.785405257000036,53.07091720900007,Neustadt,Hohentor
403,11,2018,5,3,18,3,5,2,1,1,0,0,0,0,0,0,8.785633683000071,53.07096234100004,Neustadt,Hohentor
452,11,2018,5,6,10,3,5,2,1,1,0,0,0,0,0,0,8.780583757000045,53.06815110300005,Neustadt,Hohentor
815,11,2018,8,3,22,3,5,6,1,1,0,0,0,0,2,0,8.779326953000066,53.06882611700007,Neustadt,Hohentor
960,11,2018,9,6,13,3,5,2,1,0,0,0,0,0,0,0,8.785191260000033,53.07448831100004,Neustadt,Hohentor
1168,11,2018,10,3,17,3,4,2,1,1,0,0,0,0,2,0,8.790341516000069,53.07194022700003,Neustadt,Hohentor
1206,11,2018,11,3,18,3,5,2,1,0,0,0,0,1,2,0,8.780564985000069,53.068143633000034,Neustadt,Hohentor
151,11,2019,2,7,1,3,1,5,1,1,0,0,0,0,2,0,8.788190256000064,53.070376553000074,Neustadt,Hohentor
188,11,2019,4,6,8,3,5,3,1,1,0,0,0,0,0,0,8.785520484000074,53.074847497000064,Neustadt,Hohentor
216,11,2019,3,4,8,3,5,1,1,1,0,0,0,0,0,0,8.779404524000029,53.06879973500003,Neustadt,Hohentor
253,11,2019,4,5,9,3,5,2,1,1,0,0,0,0,0,0,8.785606725000036,53.07489549300004,Neustadt,Hohentor
287,11,2019,5,5,9,3,5,3,1,0,0,0,1,0,0,0,8.786398346000055,53.07454861600007,Neustadt,Hohentor
300,11,2019,5,7,23,3,0,1,1,0,0,0,0,0,1,0,8.787781197000072,53.073822360000065,Neustadt,Hohentor
320,11,2019,4,7,22,3,5,2,1,1,0,0,0,0,2,0,8.78974575500007,53.071463820000076,Neustadt,Hohentor
342,11,2019,5,5,15,3,0,7,1,0,0,0,0,0,0,0,8.787374009000075,53.074058852000064,Neustadt,Hohentor
639,11,2019,7,3,15,2,3,6,1,0,0,0,0,0,0,0,8.790012964000027,53.07165600400003,Neustadt,Hohentor
730,11,2019,9,4,15,3,5,2,1,1,0,0,0,0,0,0,8.787403096000048,53.06993642500004,Neustadt,Hohentor
796,11,2019,9,2,8,3,5,2,1,1,0,0,0,0,0,0,8.78538669300002,53.071119001000056,Neustadt,Hohentor
982,11,2019,10,6,12,3,3,2,1,0,0,0,0,1,0,0,8.784139976000063,53.07338781100003,Neustadt,Hohentor
999,11,2019,10,5,15,3,0,7,1,0,0,0,0,0,0,1,8.785137374000044,53.07078293700005,Neustadt,Hohentor
1089,11,2019,12,3,14,3,5,3,1,1,0,0,0,0,0,1,8.783279981000021,53.06972466600007,Neustadt,Hohentor
178,11,2020,5,4,11,3,6,4,1,0,1,0,0,0,0,0,8.79000155400007,53.07164773900007,Neustadt,Hohentor
506,11,2020,8,4,13,3,2,6,1,1,0,0,0,0,0,0,8.788393941000038,53.07346921200008,Neustadt,Hohentor
736,11,2020,9,6,15,3,5,3,1,1,0,0,0,0,0,0,8.78537121100004,53.070920089000026,Neustadt,Hohentor
1089,11,2020,11,2,12,3,0,7,1,0,0,0,0,0,0,0,8.788608535000037,53.070651541000075,Neustadt,Hohentor
50,11,2021,3,2,11,3,5,3,1,1,0,0,0,0,0,0,8.785636503000035,53.070944258000054,Neustadt,Hohentor
120,11,2021,6,4,7,3,1,3,1,1,0,0,0,0,0,0,8.785446445000048,53.07110383100007,Neustadt,Hohentor
184,11,2021,2,3,6,3,5,2,1,0,0,0,0,1,0,0,8.78143182100007,53.06767019900008,Neustadt,Hohentor
194,11,2021,2,3,9,2,5,3,1,1,0,0,0,0,0,0,8.78052284100005,53.06812686400008,Neustadt,Hohentor
204,11,2021,4,3,10,2,1,5,1,1,0,0,0,0,0,0,8.789806759000044,53.071506629000055,Neustadt,Hohentor
244,11,2021,7,1,15,3,0,3,1,1,0,0,0,0,0,0,8.788948104000042,53.07314689300006,Neustadt,Hohentor
267,11,2021,7,2,17,3,5,3,1,1,0,0,0,0,0,1,8.786706684000023,53.07440659800005,Neustadt,Hohentor
468,11,2021,2,5,6,3,5,3,1,1,0,0,0,0,2,1,8.788941476000048,53.073150748000046,Neustadt,Hohentor
530,11,2021,9,3,19,3,5,3,1,1,0,0,0,0,1,0,8.785736009000061,53.072050757000056,Neustadt,Hohentor
787,11,2021,8,2,18,3,5,3,1,1,0,0,0,0,0,0,8.786904780000043,53.074312365000026,Neustadt,Hohentor
821,11,2021,10,6,19,3,4,6,1,0,0,0,0,1,1,0,8.78524698700005,53.07506525500003,Neustadt,Hohentor
223,11,2022,4,4,16,2,6,4,1,0,1,0,0,0,0,0,8.78606574100007,53.0713311270001,Neustadt,Hohentor
292,11,2022,5,4,9,3,5,3,1,1,0,0,0,0,0,0,8.78856100200005,53.0729053360001,Neustadt,Hohentor
401,11,2022,3,3,15,3,5,3,1,1,0,0,0,0,0,0,8.78535942200006,53.0709131740001,Neustadt,Hohentor
549,11,2022,6,5,7,3,5,3,1,1,0,0,0,0,0,0,8.78476865200003,53.0714456380001,Neustadt,Hohentor
636,11,2022,9,7,0,3,5,3,1,1,0,0,0,0,2,0,8.77945936900005,53.0687784040001,Neustadt,Hohentor
84,11,2023,5,6,18,3,5,2,1,1,0,0,0,0,0,1,8.786874994000073,53.07180379300007,Neustadt,Hohentor
86,11,2023,5,5,18,3,1,5,1,1,0,0,0,0,0,0,8.788871025000049,53.07123476700008,Neustadt,Hohentor
147,11,2023,4,5,12,3,5,3,1,0,0,0,0,1,0,0,8.78898500400004,53.07312543100005,Neustadt,Hohentor
234,11,2023,2,4,18,3,5,2,1,1,0,0,0,0,0,0,8.785373692000064,53.07092154400004,Neustadt,Hohentor
436,11,2023,10,4,14,3,5,2,1,1,0,0,0,0,0,0,8.781727016000048,53.06878610700005,Neustadt,Hohentor
483,11,2023,9,3,7,3,5,3,1,0,0,0,0,1,0,0,8.787606295000046,53.06999263400007,Neustadt,Hohentor
534,11,2023,9,3,13,3,2,6,1,0,0,0,0,0,0,0,8.787343437000061,53.072075753000036,Neustadt,Hohentor
541,11,2023,9,7,18,3,5,2,1,1,0,0,0,0,0,0,8.785519400000055,53.074846351000076,Neustadt,Hohentor