,UKREIS,UJAHR,UMONAT,UWOCHENTAG,USTUNDE,UKATEGORIE,UART,UTYP1,IstRad,IstPKW,IstFuss,IstKrad,IstGkfz,IstSonstig,ULICHTVERH,STRZUSTAND,longitude,latitude,Stadtteil,Ortsteil
567,11,2023,9,3,13,3,5,3,1,1,0,0,0,0,0,0,8.78846679000003,53.07342684000008,Neustadt,Hohentor
687,11,2023,11,4,8,3,3,6,1,1,0,0,0,0,0,1,8.787529798000037,53.073967940000045,Neustadt,Hohentor
807,11,2023,6,2,8,3,5,3,1,1,0,0,0,0,0,0,8.787879712000063,53.07238524100006,Neustadt,Hohentor
871,11,2023,6,3,15,3,5,3,1,1,0,0,0,0,0,0,8.787686023000049,53.07004505100008,Neustadt,Hohentor
306,11,2016,6,6,13,3,5,3,1,1,0,0,0,0,0,0,8.79175455,53.103967991,Walle,Osterfeuerberg
402,11,2016,4,5,12,3,5,3,1,1,0,0,0,0,0,0,8.788826895,53.104222297,Walle,Osterfeuerberg
409,11,2016,5,2,19,3,0,7,1,1,0,0,0,0,1,0,8.789653043,53.103219193,Walle,Osterfeuerberg
577,11,2016,8,4,16,3,3,2,1,0,0,0,0,1,0,0,8.791441587,53.101969637,Walle,Osterfeuerberg
727,11,2016,9,6,11,3,5,3,1,0,0,1,0,0,0,0,8.788609366,53.10338967,Walle,Osterfeuerberg
815,11,2016,8,2,7,3,5,2,1,1,0,0,0,0,0,0,8.788607215,53.103369889,Walle,Osterfeuerberg
919,11,2016,10,1,14,2,6,4,1,0,1,0,0,0,0,0,8.787474197,53.103368977,Walle,Osterfeuerberg
10,11,2017,2,4,18,3,5,3,1,1,0,0,0,0,2,0,8.793886249000025,53.09658435400007,Walle,Osterfeuerberg
80,11,2017,1,2,11,3,5,7,1,1,0,0,0,0,0,1,8.790027117000022,53.10413120000004,Walle,Osterfeuerberg
224,11,2017,4,5,8,3,5,3,1,1,0,0,0,0,0,0,8.791756156000076,53.10397471600004,Walle,Osterfeuerberg
499,11,2017,7,2,12,3,5,2,1,1,0,0,0,0,0,0,8.788585241000021,53.10332719200005,Walle,Osterfeuerberg
626,11,2017,6,3,17,2,6,4,1,0,1,0,0,0,0,0,8.792391595000026,53.099344220000035,Walle,Osterfeuerberg
602,11,2018,6,5,7,3,4,6,1,1,0,0,0,0,0,0,8.788828789000036,53.10422764200007,Walle,Osterfeuerberg
775,11,2018,7,5,16,3,5,3,1,0,0,0,0,0,0,0,8.790855042000032,53.09900234600008,Walle,Osterfeuerberg
1148,11,2018,10,2,15,3,6,4,1,0,1,0,0,0,0,0,8.796667145000072,53.103899055000056,Walle,Osterfeuerberg
1200,11,2018,11,5,17,3,5,2,1,1,0,0,0,0,2,1,8.794143888000065,53.10303564800006,Walle,Osterfeuerberg
1207,11,2018,11,7,13,3,5,2,1,0,0,0,1,0,0,0,8.794164971000043,53.10318900200008,Walle,Osterfeuerberg
214,11,2019,3,5,7,3,0,7,1,1,0,0,0,0,0,0,8.793397155000036,53.10142977300006,Walle,Osterfeuerberg
488,11,2019,6,6,14,3,0,7,1,1,0,0,0,0,0,0,8.796078804000047,53.10295092400003,Walle,Osterfeuerberg
530,11,2019,6,2,8,3,0,1,1,0,0,0,0,0,0,1,8.792380625000021,53.09934188300008,Walle,Osterfeuerberg
1015,11,2019,10,2,15,3,5,3,1,1,0,0,0,0,0,0,8.797738150000043,53.102834220000034,Walle,Osterfeuerberg
1112,11,2019,12,7,13,3,0,1,1,0,0,0,0,0,0,1,8.795990669000048,53.09493626900007,Walle,Osterfeuerberg
207,11,2020,3,6,17,3,3,3,1,1,0,0,0,0,0,0,8.794142790000024,53.10304611500004,Walle,Osterfeuerberg
382,11,2020,6,3,20,3,1,5,1,1,0,0,0,0,0,1,8.791099755000062,53.10058575200003,Walle,Osterfeuerberg
433,11,2020,5,3,8,2,1,5,1,0,0,0,1,0,0,0,8.79402574900007,53.101022975000035,Walle,Osterfeuerberg
574,11,2020,8,6,18,3,5,3,1,1,0,0,0,0,0,0,8.79215004200006,53.10336425200006,Walle,Osterfeuerberg
702,11,2020,8,3,14,3,4,6,1,0,0,0,0,0,0,0,8.788772403000053,53.103441935000035,Walle,Osterfeuerberg
775,11,2020,10,3,20,3,5,3,1,1,0,0,0,0,2,0,8.790848530000062,53.09896790800008,Walle,Osterfeuerberg
1038,11,2020,12,4,7,3,0,7,1,1,0,0,0,0,2,0,8.79236452300006,53.100760939000054,Walle,Osterfeuerberg
1050,11,2020,11,5,11,3,9,7,1,0,0,0,0,0,0,0,8.78971143900003,53.100787628000035,Walle,Osterfeuerberg
234,11,2021,6,7,17,3,5,2,1,1,0,0,0,0,0,0,8.788046031000022,53.10422908100003,Walle,Osterfeuerberg
235,11,2021,6,5,15,3,1,5,1,1,0,0,0,0,0,0,8.79708818100005,53.103803894000066,Walle,Osterfeuerberg
340,11,2021,6,7,13,3,1,2,1,1,0,0,0,0,0,0,8.793949509000072,53.09966723000008,Walle,Osterfeuerberg
466,11,2021,5,6,12,2,0,7,1,0,0,0,0,0,0,0,8.79902641800004,53.10261363200004,Walle,Osterfeuerberg
517,11,2021,10,6,10,3,5,3,1,0,0,0,0,0,0,0,8.79397881400007,53.09966411700003,Walle,Osterfeuerberg
757,11,2021,8,5,11,3,0,1,1,0,0,0,0,0,0,1,8.796249137000075,53.09473730000008,Walle,Osterfeuerberg
238,11,2022,4,6,8,3,5,3,1,1,0,0,0,0,0,0,8.78882805900002,53.1042289650001,Walle,Osterfeuerberg
467,11,2022,7,1,6,3,5,3,1,1,0,0,0,0,1,0,8.78882789000005,53.1042284210001,Walle,Osterfeuerberg
507,11,2022,6,5,9,3,5,3,1,1,0,0,0,0,0,0,8.79389703400005,53.0966325680001,Walle,Osterfeuerberg
527,11,2022,3,5,15,3,5,3,1,1,0,0,0,0,0,0,8.79407681300006,53.1031819990001,Walle,Osterfeuerberg
561,11,2022,5,6,9,3,5,3,1,1,0,0,0,0,0,0,8.79273772700003,53.103062537,Walle,Osterfeuerberg
866,11,2022,11,4,8,3,3,2,1,1,0,0,0,0,1,0,8.79430488700007,53.099709213,Walle,Osterfeuerberg
322,11,2023,1,6,14,3,6,4,1,0,1,0,0,0,0,0,8.79158437600006,53.10312868400007,Walle,Osterfeuerberg
348,11,2023,3,3,8,3,5,3,1,1,0,0,0,0,0,1,8.797161881000022,53.10280115000006,Walle,Osterfeuerberg
465,11,2023,9,7,19,2,0,7,1,0,0,0,0,0,1,1,8.799065701000075,53.102691211000035,Walle,Osterfeuerberg
886,11,2023,6,7,17,3,6,4,1,0,1,0,0,0,0,0,8.786826714000028,53.10352254400004,Walle,Osterfeuerberg
404,11,2016,6,7,12,3,8,7,1,0,0,0,0,0,0,0,8.740723902,53.16261161,,Blockland
714,11,2016,9,1,16,2,6,4,1,0,1,0,0,0,0,0,8.83866205,53.154661821,,Blockland
721,11,2016,9,7,15,2,6,4,1,0,1,0,0,0,0,0,8.783585311,53.149971367,,Blockland
774,11,2016,8,2,8,3,0,7,1,1,0,0,0,0,0,1,8.733601224,53.165501779,,Blockland
866,11,2016,8,3,15,2,4,6,1,0,0,0,0,1,0,0,8.782382003,53.153007448,,Blockland
115,11,2017,3,5,17,2,5,3,1,1,0,0,0,0,0,0,8.75172270400003,53.16389861200008,,Blockland
130,11,2017,3,1,12,3,0,1,1,0,0,0,0,0,0,0,8.828230344000076,53.16005615900008,,Blockland
266,11,2017,4,1,16,3,3,6,1,0,0,0,0,0,0,0,8.858998129000042,53.12457241000004,,Blockland
289,11,2018,5,7,16,3,4,6,1,1,0,0,0,0,0,0,8.765570123000032,53.16155516200007,,Blockland
434,11,2018,5,7,14,2,0,7,1,0,0,0,0,0,0,0,8.85994937700002,53.133684807000066,,Blockland
682,11,2018,8,4,18,3,5,2,1,1,0,0,0,0,0,0,8.751750497000046,53.16391360100005,,Blockland
881,11,2018,10,7,14,3,3,6,1,0,0,0,0,0,0,0,8.809421446000044,53.16054722600006,,Blockland
448,11,2019,6,7,16,2,3,6,1,0,0,0,0,0,0,0,8.848184278000076,53.14253033800003,,Blockland
564,11,2019,8,4,12,2,0,1,1,0,0,0,0,0,0,0,8.838712680000071,53.154640878000066,,Blockland
993,11,2019,11,6,16,3,3,6,1,1,0,0,0,0,1,1,8.782961277000027,53.15387313900004,,Blockland
101,11,2020,1,1,8,3,0,1,1,0,0,0,0,0,0,2,8.79654460100005,53.136549924000064,,Blockland
182,11,2020,4,1,16,2,5,2,1,1,0,0,0,0,0,0,8.751724016000026,53.163920665000035,,Blockland
215,11,2020,3,4,15,2,6,4,1,0,1,0,0,0,0,0,8.858807746000025,53.124319582000055,,Blockland
305,11,2020,5,4,19,3,3,6,1,0,0,0,0,0,0,0,8.734550348000027,53.16545668900005,,Blockland
314,11,2020,6,3,15,3,3,6,1,0,0,0,0,0,0,0,8.839646906000041,53.151941316000034,,Blockland
331,11,2020,5,6,11,3,0,1,1,0,0,0,0,0,0,0,8.858204386000068,53.13626217700005,,Blockland
357,11,2020,6,3,20,2,4,6,1,0,0,0,0,0,0,0,8.855940917000055,53.12126033100003,,Blockland
512,11,2020,7,1,13,3,0,7,1,0,0,0,0,0,0,0,8.819349097000043,53.16148650100007,,Blockland
905,11,2020,10,5,16,3,5,7,1,1,0,0,0,0,0,0,8.75167493400005,53.16395986400005,,Blockland
922,11,2020,10,6,18,3,4,6,1,1,0,0,0,0,1,0,8.85724422100003,53.137051245000066,,Blockland
937,11,2020,11,3,14,3,3,6,1,0,0,0,0,0,0,0,8.858190369000056,53.136275829000056,,Blockland
332,11,2021,1,3,14,3,1,5,1,1,0,0,0,0,0,0,8.817199092000067,53.117441435000046,,Blockland
366,11,2021,5,1,10,3,3,6,1,0,0,0,0,0,0,0,8.781896243000062,53.153444258000036,,Blockland
404,11,2021,4,2,15,2,0,7,1,0,0,0,0,0,0,0,8.839387846000022,53.15344189700005,,Blockland
591,11,2021,9,3,11,2,4,6,1,0,0,0,0,0,0,0,8.75167131400002,53.16396275400007,,Blockland
695,11,2021,8,7,17,3,3,6,1,0,0,0,0,1,0,0,8.843547081000054,53.14511635700006,,Blockland
339,11,2022,4,1,15,2,3,6,1,0,0,0,0,0,0,0,8.85797217300006,53.1364695830001,,Blockland
398,11,2022,7,1,13,3,5,2,1,0,0,0,0,0,0,0,8.85119771400002,53.116636128,,Blockland
801,11,2022,8,2,9,3,1,5,1,1,0,0,0,0,0,0,8.80868698400008,53.120955645,,Blockland
24,11,2023,5,1,10,3,2,6,1,1,0,0,0,0,0,0,8.810653243000047,53.120312296000066,,Blockland
32,11,2023,5,5,16,3,4,6,1,0,0,0,0,0,0,0,8.850572318000047,53.11608157200004,,Blockland
96,11,2023,4,7,16,3,0,7,1,0,1,0,0,0,0,0,8.85715304300004,53.12254330600007,,Blockland
643,11,2023,8,6,12,3,3,6,1,0,0,0,0,1,0,0,8.753574456000024,53.16249215600004,,Blockland
437,11,2016,6,1,2,2,0,7,1,0,0,0,0,0,2,0,8.772952241,53.126800233,Gröpelingen,In den Wischen
999,11,2020,11,6,15,3,5,3,1,1,0,0,0,0,0,0,8.765218448000041,53.12728042400005,Gröpelingen,In den Wischen
443,11,2016,7,4,17,3,5,3,1,1,0,0,0,0,0,0,8.914404725,53.038388086,Hemelingen,Arbergen
1054,11,2016,10,3,16,3,5,2,1,1,0,0,0,0,0,0,8.916597929,53.044006422,Hemelingen,Arbergen
1114,11,2016,12,6,4,3,5,2,1,1,0,0,0,0,2,1,8.910550411,53.047448176,Hemelingen,Arbergen
229,11,2017,4,3,17,3,5,3,1,0,0,0,0,1,0,0,8.913101563000055,53.043128738000064,Hemelingen,Arbergen
395,11,2017,5,3,16,3,0,7,1,0,0,0,0,0,0,0,8.906771797000033,53.04014061700008,Hemelingen,Arbergen
876,11,2017,11,6,7,3,0,7,1,0,0,0,0,0,1,1,8.918137010000066,53.03888663600003,Hemelingen,Arbergen
896,11,2017,9,1,3,3,6,4,1,0,1,0,0,0,2,0,8.919272697000054,53.03822031800007,Hemelingen,Arbergen
106,11,2018,3,3,8,3,5,3,1,1,0,0,0,0,0,0,8.919028350000076,53.03846813800004,Hemelingen,Arbergen
322,11,2018,5,5,21,2,0,7,1,0,0,0,0,0,2,0,8.91928305500005,53.04117094000003,Hemelingen,Arbergen
499,11,2018,6,3,12,3,6,6,1,0,1,0,0,0,0,0,8.907102596000072,53.04007994600005,Hemelingen,Arbergen
542,11,2018,6,3,22,3,1,5,1,1,0,0,0,0,1,0,8.92224630800007,53.04096117700004,Hemelingen,Arbergen
606,11,2018,6,5,15,3,5,3,1,1,0,0,0,0,0,0,8.910872262000055,53.03939385600006,Hemelingen,Arbergen
650,11,2018,8,6,18,2,5,3,1,1,0,0,0,0,0,0,8.924568918000034,53.044089847000066,Hemelingen,Arbergen
929,11,2018,9,6,9,3,3,6,1,1,0,0,0,0,0,0,8.921117023000022,53.037610991000065,Hemelingen,Arbergen
1156,11,2018,10,2,7,2,5,3,1,1,0,0,0,0,2,1,8.910870845000034,53.03939412300008,Hemelingen,Arbergen
1263,11,2018,12,2,11,3,0,3,1,1,0,0,0,0,0,0,8.909886622000045,53.03957936300003,Hemelingen,Arbergen
387,11,2019,4,6,14,3,5,3,1,1,0,0,0,0,0,1,8.93061728300006,53.03857947100005,Hemelingen,Arbergen
408,11,2019,7,2,6,3,5,3,1,1,0,0,0,0,0,0,8.918736938000052,53.04119158300006,Hemelingen,Arbergen
442,11,2019,6,2,7,3,6,4,1,0,1,0,0,0,0,0,8.908266385000047,53.03987510800005,Hemelingen,Arbergen
699,11,2019,7,5,13,3,0,7,1,0,1,0,0,0,0,0,8.923989973000062,53.04414875400005,Hemelingen,Arbergen
957,11,2019,10,4,18,3,5,3,1,1,0,0,0,0,2,0,8.918154435000076,53.03888266800004,Hemelingen,Arbergen
34,11,2020,1,6,8,3,0,1,1,0,0,0,0,0,1,1,8.925558692000038,53.04024742400003,Hemelingen,Arbergen
272,11,2020,3,4,11,3,5,3,1,1,0,0,0,0,0,0,8.927953468000055,53.038448121000044,Hemelingen,Arbergen
740,11,2020,10,6,10,3,5,3,1,1,0,0,0,0,0,1,8.923631111000077,53.04415848300005,Hemelingen,Arbergen
154,11,2021,7,4,8,3,5,3,1,1,0,0,0,0,0,0,8.92382593800005,53.04043179900003,Hemelingen,Arbergen
678,11,2021,11,2,8,3,5,3,1,1,0,0,0,0,0,1,8.922201302000076,53.040967899000066,Hemelingen,Arbergen
734,11,2021,8,4,14,3,5,3,1,1,0,0,0,0,0,0,8.905884841000045,53.04031239700004,Hemelingen,Arbergen
94,11,2022,4,4,16,3,5,3,1,1,0,0,0,0,0,0,8.91479299700006,53.0447530810001,Hemelingen,Arbergen
992,11,2022,8,4,6,3,4,6,1,0,0,0,0,1,0,0,8.90961452400006,53.0351172800001,Hemelingen,Arbergen
31,11,2023,5,5,18,3,5,3,1,1,0,0,0,0,0,0,8.924907279000024,53.03830376800005,Hemelingen,Arbergen
81,11,2023,5,7,8,3,5,3,1,1,0,0,0,0,0,0,8.91980748100002,53.045703711000044,Hemelingen,Arbergen
669,11,2023,8,3,16,3,5,2,1,0,0,0,0,0,0,1,8.914259185000049,53.038979150000046,Hemelingen,Arbergen
461,11,2016,6,6,11,3,0,5,1,1,0,0,0,0,0,0,8.789930057,53.106901207,Walle,Hohweg
897,11,2016,11,4,16,3,0,1,1,0,0,0,0,0,2,1,8.801406367,53.109231227,Walle,Hohweg
12,11,2017,2,3,16,3,0,1,1,0,0,0,0,0,0,0,8.802199095000049,53.11417692500004,Walle,Hohweg
260,11,2017,4,3,9,3,5,3,1,1,0,0,0,0,0,0,8.798966810000024,53.10562814300005,Walle,Hohweg
331,11,2017,6,1,14,3,0,1,1,0,0,0,0,0,0,0,8.782189667000068,53.123441796000066,Walle,Hohweg
735,11,2017,8,2,10,3,2,6,1,0,0,0,0,1,0,0,8.782741024000075,53.10946615000006,Walle,Hohweg
138,11,2018,2,6,19,3,5,3,1,1,0,0,0,0,2,1,8.78950035500003,53.105927164000036,Walle,Hohweg
175,11,2018,4,5,7,3,5,3,1,1,0,0,0,0,0,0,8.795900446000076,53.106300188000034,Walle,Hohweg
577,11,2018,6,7,0,3,0,7,1,0,0,0,0,0,2,0,8.794498001000022,53.117031617000066,Walle,Hohweg
302,11,2019,5,7,23,2,0,1,1,0,0,0,0,0,2,0,8.782712523000043,53.12325466800007,Walle,Hohweg
669,11,2019,7,6,15,3,5,3,1,1,0,0,0,0,0,0,8.797834285000022,53.10467664000004,Walle,Hohweg
917,11,2019,11,2,18,3,0,1,1,0,0,0,0,0,2,1,8.79891548300003,53.11362877600004,Walle,Hohweg
167,11,2020,4,2,14,3,5,3,1,1,0,0,0,0,0,0,8.799378902000058,53.114701066000066,Walle,Hohweg
343,11,2020,5,1,12,3,0,7,1,0,0,0,0,0,0,0,8.79036039600004,53.10893996100003,Walle,Hohweg
614,11,2020,8,5,19,2,5,3,1,1,0,0,0,0,0,0,8.79581382400005,53.10628981500008,Walle,Hohweg
647,11,2020,7,6,21,3,0,7,1,0,0,0,0,0,1,0,8.804194131000031,53.11376411500004,Walle,Hohweg
196,11,2021,6,2,18,3,5,3,1,1,0,0,0,0,0,0,8.791446077000046,53.11086268300005,Walle,Hohweg
346,11,2021,1,4,8,3,5,3,1,1,0,0,0,0,0,1,8.795913072000076,53.106297203000054,Walle,Hohweg
499,11,2021,7,3,15,3,1,6,1,1,0,0,0,0,0,0,8.78989665000006,53.106905881000046,Walle,Hohweg
917,11,2021,10,7,14,3,5,3,1,1,0,0,0,0,0,0,8.789612823000027,53.10630024100004,Walle,Hohweg
92,11,2022,6,4,11,3,7,7,1,0,0,0,0,1,0,0,8.78562128600004,53.118174448,Walle,Hohweg
242,11,2023,2,5,10,3,0,7,1,0,0,0,0,0,0,0,8.783202248000066,53.10838992400005,Walle,Hohweg
866,11,2023,6,4,15,3,5,3,1,1,0,0,0,0,0,0,8.782965044000036,53.115523385000074,Walle,Hohweg
1006,11,2023,11,1,10,3,0,1,1,0,0,0,0,0,0,1,8.790365596000072,53.10895426400003,Walle,Hohweg
467,11,2016,6,7,11,3,5,3,1,1,0,0,0,0,0,0,8.820018231,53.030147925,Obervieland,Kattenesch
807,11,2016,9,2,18,3,0,7,1,0,0,0,0,0,0,0,8.820020758,53.030358667,Obervieland,Kattenesch
920,11,2016,10,3,16,3,0,7,1,0,0,0,0,1,0,0,8.8171409,53.028660724,Obervieland,Kattenesch
546,11,2017,7,2,18,3,0,5,1,1,0,0,0,0,0,0,8.823328631000038,53.03135454800008,Obervieland,Kattenesch
799,11,2017,8,3,21,3,5,3,1,1,0,0,0,0,2,0,8.81479070100005,53.02967998100007,Obervieland,Kattenesch
504,11,2018,6,7,19,2,5,3,1,1,0,0,0,0,0,0,8.809366030000035,53.03166779600008,Obervieland,Kattenesch
627,11,2018,6,5,13,3,0,2,1,0,1,0,0,0,0,0,8.813910906000046,53.03301562400003,Obervieland,Kattenesch
672,11,2018,8,4,7,3,0,7,1,0,0,0,0,1,0,0,8.817700923000075,53.02835112200006,Obervieland,Kattenesch
752,11,2018,8,5,22,3,0,1,1,0,0,0,0,0,2,0,8.822294936000048,53.027081758000065,Obervieland,Kattenesch
1107,11,2018,12,4,8,3,0,1,1,0,0,0,0,0,0,2,8.820291113000053,53.03012448700008,Obervieland,Kattenesch
697,11,2019,7,5,21,3,5,3,1,1,0,0,0,0,1,0,8.811713879000024,53.030833605000055,Obervieland,Kattenesch
26,11,2020,1,5,11,3,5,2,1,1,0,0,0,0,0,1,8.823270749000073,53.030466614000034,Obervieland,Kattenesch
95,11,2020,2,3,14,3,5,3,1,1,0,0,0,0,0,1,8.811624435000056,53.03087241500003,Obervieland,Kattenesch
197,11,2020,3,4,14,3,5,3,1,1,0,0,0,0,0,0,8.811574620000044,53.03089334900005,Obervieland,Kattenesch
619,11,2020,7,2,14,3,5,7,1,1,0,0,0,0,0,0,8.81522792800007,53.02956555900005,Obervieland,Kattenesch
1018,11,2020,12,6,12,3,3,6,1,1,0,0,0,0,0,0,8.823034516000064,53.02712427500006,Obervieland,Kattenesch
270,11,2022,2,5,16,3,5,3,1,1,0,0,0,0,0,0,8.81166795800004,53.0308541260001,Obervieland,Kattenesch
767,11,2022,8,5,9,3,5,3,1,1,0,0,0,0,0,0,8.81900044800005,53.031613228,Obervieland,Kattenesch
3,11,2023,6,3,7,3,7,1,1,0,0,0,0,0,0,0,8.810520004000068,53.03388095300005,Obervieland,Kattenesch
7,11,2023,8,2,19,3,4,6,1,0,0,0,0,1,0,0,8.809916118000046,53.033033422000074,Obervieland,Kattenesch
617,11,2023,8,2,9,3,5,3,1,1,0,0,0,0,0,0,8.815733782000052,53.03093387400003,Obervieland,Kattenesch
630,11,2023,8,5,19,3,4,6,1,0,0,0,0,0,0,0,8.81851339900004,53.02792780300007,Obervieland,Kattenesch
941,11,2023,12,5,13,3,5,2,1,1,0,0,0,0,0,1,8.819490742000028,53.027617871000075,Obervieland,Kattenesch
1039,11,2023,6,3,7,3,0,7,1,0,0,0,0,0,0,1,8.811639891000027,53.03538903700007,Obervieland,Kattenesch
1042,11,2023,6,1,19,3,6,7,1,0,1,0,0,0,0,0,8.817371961000049,53.03467542300007,Obervieland,Kattenesch
503,11,2016,6,3,17,3,1,5,1,1,0,0,0,0,0,0,8.58008611,53.200962119,Blumenthal,Lüssum-Bockhorn
666,11,2016,8,5,12,3,0,5,1,0,0,0,0,1,0,1,8.572200725,53.197289143,Blumenthal,Lüssum-Bockhorn
685,11,2016,7,3,14,3,5,3,1,1,0,0,0,0,0,0,8.574061522,53.19802157,Blumenthal,Lüssum-Bockhorn
748,11,2016,9,3,18,3,5,3,1,1,0,0,0,0,0,0,8.573282016,53.198987303,Blumenthal,Lüssum-Bockhorn
877,11,2016,8,3,7,3,1,5,1,1,0,0,0,0,0,0,8.571935233,53.203262198,Blumenthal,Lüssum-Bockhorn
285,11,2017,4,3,17,3,1,7,1,1,0,0,0,0,0,0,8.571707837000076,53.19619664600003,Blumenthal,Lüssum-Bockhorn
330,11,2017,6,2,16,3,5,3,1,1,0,0,0,0,0,1,8.583551140000054,53.214329709000026,Blumenthal,Lüssum-Bockhorn
593,11,2017,8,4,18,3,5,2,1,1,0,0,0,0,0,0,8.560674869000025,53.19638775000004,Blumenthal,Lüssum-Bockhorn
933,11,2017,10,3,7,3,5,3,1,1,0,0,0,0,1,1,8.565334250000035,53.19718192500005,Blumenthal,Lüssum-Bockhorn
1078,11,2017,12,1,0,2,0,1,1,0,0,0,0,0,0,2,8.566297754000061,53.19623038800006,Blumenthal,Lüssum-Bockhorn
1095,11,2017,11,2,4,3,5,3,1,1,0,0,0,0,2,1,8.573006785000075,53.19871253200006,Blumenthal,Lüssum-Bockhorn
81,11,2018,2,5,7,3,5,3,1,1,0,0,0,0,1,0,8.564760318000026,53.19772276200007,Blumenthal,Lüssum-Bockhorn
183,11,2018,4,4,7,3,5,2,1,1,0,0,0,0,0,0,8.551091202000066,53.19772248900006,Blumenthal,Lüssum-Bockhorn
187,11,2018,4,4,20,3,0,1,1,0,1,0,0,0,0,0,8.582143072000065,53.21460033400007,Blumenthal,Lüssum-Bockhorn
450,11,2018,5,2,9,3,5,3,1,1,0,0,0,0,0,0,8.570536785000058,53.20175936600003,Blumenthal,Lüssum-Bockhorn
786,11,2018,8,6,8,3,5,3,1,1,0,0,0,0,0,0,8.578520660000038,53.20714536400004,Blumenthal,Lüssum-Bockhorn
808,11,2018,7,2,17,2,8,7,1,0,0,0,0,0,0,0,8.570549288000052,53.19907652400008,Blumenthal,Lüssum-Bockhorn
854,11,2018,10,3,12,3,5,2,1,1,0,0,0,0,0,0,8.57429849600004,53.200559258000055,Blumenthal,Lüssum-Bockhorn
917,11,2018,9,7,12,3,0,1,1,0,0,0,0,0,0,0,8.563042020000069,53.19545989900007,Blumenthal,Lüssum-Bockhorn
954,11,2018,9,5,15,3,5,3,1,1,0,0,0,0,0,1,8.571859543000073,53.196092744000055,Blumenthal,Lüssum-Bockhorn
961,11,2018,9,5,17,3,5,7,1,1,0,0,0,0,0,1,8.578292194000028,53.206793910000044,Blumenthal,Lüssum-Bockhorn
967,11,2018,9,5,15,3,0,1,1,0,0,0,0,0,0,1,8.569774203000065,53.204520675000026,Blumenthal,Lüssum-Bockhorn
984,11,2018,9,4,7,3,2,6,1,0,0,0,0,0,0,0,8.549791287000062,53.196913005000056,Blumenthal,Lüssum-Bockhorn
1015,11,2018,9,2,7,2,5,3,1,1,0,0,0,0,0,0,8.574854666000022,53.20145283100004,Blumenthal,Lüssum-Bockhorn
1195,11,2018,11,3,7,3,5,3,1,1,0,0,0,0,1,0,8.57264245600004,53.19798559900005,Blumenthal,Lüssum-Bockhorn
61,11,2019,2,7,12,2,5,2,1,1,0,0,0,0,0,0,8.57185136000004,53.196111829000074,Blumenthal,Lüssum-Bockhorn
171,11,2019,4,7,16,3,1,5,1,1,0,0,0,0,0,0,8.572427495000056,53.203169622000075,Blumenthal,Lüssum-Bockhorn
358,11,2019,5,2,9,3,5,3,1,1,0,0,0,0,0,1,8.57809338800007,53.20647575900006,Blumenthal,Lüssum-Bockhorn
631,11,2019,7,5,14,3,0,7,1,0,0,0,0,0,0,0,8.57498145300002,53.19893214100006,Blumenthal,Lüssum-Bockhorn
979,11,2019,10,6,8,3,0,1,1,0,0,0,0,0,0,1,8.568705738000062,53.20406610400005,Blumenthal,Lüssum-Bockhorn
811,11,2020,9,3,18,3,0,7,1,0,0,0,0,0,0,0,8.57168050200005,53.196168500000056,Blumenthal,Lüssum-Bockhorn
836,11,2020,9,3,16,3,5,3,1,0,0,1,0,0,0,0,8.58350120700004,53.21436870200006,Blumenthal,Lüssum-Bockhorn
897,11,2020,10,6,9,3,5,3,1,1,0,0,0,0,0,0,8.560569111000063,53.20169026100007,Blumenthal,Lüssum-Bockhorn
947,11,2020,11,3,14,3,1,5,1,1,0,0,0,0,0,0,8.57237531800007,53.19756441700008,Blumenthal,Lüssum-Bockhorn
144,11,2021,4,5,18,3,5,3,1,1,0,0,0,0,0,0,8.573061489000054,53.19864624600007,Blumenthal,Lüssum-Bockhorn
236,11,2021,3,2,18,3,2,7,1,1,0,0,0,0,1,0,8.569118296000056,53.20101790500007,Blumenthal,Lüssum-Bockhorn
477,11,2021,4,5,7,3,5,3,1,1,0,0,0,0,0,0,8.573048613000026,53.19862665200003,Blumenthal,Lüssum-Bockhorn
491,11,2021,5,1,0,3,1,5,1,1,0,0,0,0,2,1,8.565980534000062,53.20332556300008,Blumenthal,Lüssum-Bockhorn
755,11,2021,9,2,16,3,0,7,1,0,0,0,0,0,0,0,8.575141908000035,53.19906939100008,Blumenthal,Lüssum-Bockhorn
419,11,2022,6,2,6,3,6,3,1,0,1,0,0,0,0,0,8.57829547200004,53.206808326,Blumenthal,Lüssum-Bockhorn
542,11,2022,4,6,16,2,3,6,1,0,0,0,0,1,0,0,8.57183965100006,53.196786692,Blumenthal,Lüssum-Bockhorn
551,11,2022,7,6,14,3,1,5,1,1,0,0,0,0,0,0,8.57283872300007,53.1983072260001,Blumenthal,Lüssum-Bockhorn
646,11,2022,12,2,9,3,6,4,1,0,1,0,0,0,0,1,8.56186677300008,53.1963280520001,Blumenthal,Lüssum-Bockhorn