,UKREIS,UJAHR,UMONAT,UWOCHENTAG,USTUNDE,UKATEGORIE,UART,UTYP1,IstRad,IstPKW,IstFuss,IstKrad,IstGkfz,IstSonstig,ULICHTVERH,STRZUSTAND,longitude,latitude,Stadtteil,Ortsteil
893,11,2022,8,6,9,3,5,2,1,1,0,0,0,0,0,0,8.58342487400006,53.2143288390001,Blumenthal,Lüssum-Bockhorn
927,11,2022,10,3,10,3,5,2,1,1,0,0,0,0,0,0,8.57280620800003,53.1982577420001,Blumenthal,Lüssum-Bockhorn
167,11,2023,3,6,12,3,5,3,1,1,0,0,0,0,0,0,8.578490901000066,53.20713553300004,Blumenthal,Lüssum-Bockhorn
681,11,2023,7,3,16,3,6,7,1,0,1,0,0,0,0,0,8.574772206000034,53.20148332300005,Blumenthal,Lüssum-Bockhorn
782,11,2023,6,6,20,3,5,2,1,1,0,0,0,0,0,0,8.575911627000039,53.20311396900007,Blumenthal,Lüssum-Bockhorn
809,11,2023,6,2,23,3,1,1,1,1,0,0,0,0,2,0,8.57348445100007,53.19931203900006,Blumenthal,Lüssum-Bockhorn
851,11,2023,6,6,21,3,0,1,1,0,0,0,0,0,0,0,8.560233295000046,53.20156469400007,Blumenthal,Lüssum-Bockhorn
1052,11,2023,8,5,15,2,4,6,1,0,0,0,0,0,0,1,8.561569106000036,53.19521635900003,Blumenthal,Lüssum-Bockhorn
581,11,2016,7,2,12,2,5,7,1,1,0,0,0,0,0,0,8.750011646,53.092896148,Woltmershausen,Rablinghausen
645,11,2016,7,5,7,3,4,6,1,1,0,0,0,0,0,0,8.758906288,53.091790365,Woltmershausen,Rablinghausen
966,11,2016,11,7,13,3,1,5,1,1,0,0,0,0,0,1,8.755089602,53.088499616,Woltmershausen,Rablinghausen
91,11,2017,3,6,9,3,1,5,1,1,0,0,0,0,0,0,8.751956041000028,53.08986177000003,Woltmershausen,Rablinghausen
152,11,2017,2,3,13,3,6,4,1,0,1,0,0,0,0,0,8.750001929000064,53.09290344800007,Woltmershausen,Rablinghausen
254,11,2017,4,7,11,3,5,3,1,1,0,0,0,0,0,0,8.754153124000027,53.08881024900006,Woltmershausen,Rablinghausen
146,11,2018,3,2,16,2,0,7,1,0,0,0,0,0,0,0,8.750064617000021,53.09287646300004,Woltmershausen,Rablinghausen
234,11,2018,4,5,16,3,5,3,1,1,0,0,0,0,0,0,8.756491744000073,53.08821575800005,Woltmershausen,Rablinghausen
271,11,2019,3,3,13,3,5,3,1,1,0,0,0,0,0,0,8.753544322000039,53.087762687000065,Woltmershausen,Rablinghausen
433,11,2019,6,3,13,3,4,6,1,0,0,0,0,0,0,0,8.752817313000037,53.08934986700007,Woltmershausen,Rablinghausen
723,11,2020,10,5,18,3,3,6,1,1,0,0,0,0,1,1,8.74821623300005,53.09632134200007,Woltmershausen,Rablinghausen
140,11,2021,3,3,10,3,5,3,1,1,0,0,0,0,0,0,8.754165956000065,53.08882533600007,Woltmershausen,Rablinghausen
1026,11,2023,4,1,17,3,6,6,1,0,1,0,0,0,0,0,8.758911692000027,53.09409283000008,Woltmershausen,Rablinghausen
621,11,2016,8,3,21,3,5,2,1,1,0,0,0,0,1,0,8.779329571,53.078664682,Häfen,Hohentorshafen
263,11,2018,5,3,19,3,0,7,1,0,0,0,0,0,0,0,8.782193409000058,53.07724654500004,Häfen,Hohentorshafen
480,11,2018,6,6,7,3,0,7,1,0,0,1,0,1,0,1,8.786051430000043,53.07778711700007,Häfen,Hohentorshafen
1050,11,2019,11,5,14,3,5,3,1,1,0,0,0,0,0,1,8.786047530000076,53.080036249000045,Häfen,Hohentorshafen
648,11,2016,7,1,22,3,0,7,1,0,0,0,0,0,1,0,8.896295348,53.082419536,Vahr,Neue Vahr Nord
1161,11,2016,12,5,6,3,5,3,1,1,0,0,0,0,2,0,8.890998453,53.086194664,Vahr,Neue Vahr Nord
61,11,2017,1,4,12,2,5,3,1,1,0,0,0,0,0,1,8.89114156200003,53.08259519200004,Vahr,Neue Vahr Nord
375,11,2017,6,5,14,3,4,6,1,0,0,0,0,0,0,0,8.890677846000074,53.08259832700003,Vahr,Neue Vahr Nord
545,11,2017,7,2,17,3,0,5,1,1,0,0,0,0,0,1,8.892466873000046,53.083053877000054,Vahr,Neue Vahr Nord
557,11,2017,7,6,16,3,5,2,1,1,0,0,0,0,0,0,8.896288665000043,53.08241977700004,Vahr,Neue Vahr Nord
1064,11,2017,9,2,15,3,6,7,1,0,1,0,0,0,0,0,8.891101645000049,53.08266106700006,Vahr,Neue Vahr Nord
217,11,2018,4,7,16,3,5,3,1,1,0,0,0,0,0,0,8.898764707000055,53.08479677300005,Vahr,Neue Vahr Nord
429,11,2018,5,4,9,3,0,7,1,0,0,0,0,0,0,0,8.89174554300007,53.08414571800006,Vahr,Neue Vahr Nord
458,11,2018,5,6,15,3,5,3,1,1,0,0,0,0,0,0,8.888827689000038,53.085978305000026,Vahr,Neue Vahr Nord
675,11,2018,8,5,8,3,5,3,1,1,0,0,0,0,0,0,8.891690937000021,53.084244213000034,Vahr,Neue Vahr Nord
1222,11,2018,12,4,10,2,0,7,1,0,0,0,0,0,0,2,8.877906421000034,53.08254390700006,Vahr,Neue Vahr Nord
219,11,2019,3,3,9,3,5,3,1,1,0,0,0,0,0,0,8.878300747000026,53.08577939800006,Vahr,Neue Vahr Nord
527,11,2019,6,3,18,2,3,6,1,0,0,0,0,0,0,0,8.899392245000058,53.08417885700004,Vahr,Neue Vahr Nord
1154,11,2019,12,2,17,3,5,3,1,1,0,0,0,0,2,1,8.886039237000034,53.08596356600003,Vahr,Neue Vahr Nord
99,11,2020,1,1,9,3,0,7,1,0,0,0,0,1,0,2,8.888239895000027,53.08359501400008,Vahr,Neue Vahr Nord
449,11,2020,6,6,11,3,5,3,1,1,0,0,0,0,0,0,8.87895445600003,53.08574221600003,Vahr,Neue Vahr Nord
685,11,2020,7,2,17,2,5,2,1,1,0,0,0,0,0,0,8.886038136000025,53.08600819000003,Vahr,Neue Vahr Nord
943,11,2020,11,3,7,3,5,3,1,1,0,0,0,0,0,1,8.88923466500006,53.08635428000008,Vahr,Neue Vahr Nord
957,11,2020,12,5,15,3,5,2,1,1,0,0,0,0,0,0,8.890125156000067,53.084254592000036,Vahr,Neue Vahr Nord
23,11,2021,5,1,10,3,0,7,1,0,0,0,0,0,0,0,8.878952071000072,53.08576223600005,Vahr,Neue Vahr Nord
207,11,2021,2,4,7,2,5,3,1,1,0,0,0,0,0,0,8.87895547900007,53.08573362000004,Vahr,Neue Vahr Nord
269,11,2021,6,6,18,2,0,7,1,0,0,0,0,1,0,0,8.890090952000037,53.08430885400003,Vahr,Neue Vahr Nord
536,11,2021,10,1,13,3,5,2,1,1,0,0,0,0,0,0,8.890981300000021,53.08621433600007,Vahr,Neue Vahr Nord
658,11,2021,8,3,8,3,1,5,1,1,0,0,0,0,0,0,8.898005356000056,53.08334933300006,Vahr,Neue Vahr Nord
842,11,2021,9,4,7,3,6,7,1,0,1,0,0,0,0,1,8.885529320000046,53.08602003100003,Vahr,Neue Vahr Nord
909,11,2021,8,7,16,3,5,3,1,1,0,0,0,0,0,0,8.879020463000074,53.08507736900003,Vahr,Neue Vahr Nord
640,11,2022,7,5,16,3,5,3,1,1,0,0,0,0,0,0,8.88954305000004,53.082770053,Vahr,Neue Vahr Nord
88,11,2023,5,4,15,3,5,3,1,1,0,0,0,0,0,0,8.877973750000024,53.082548759000076,Vahr,Neue Vahr Nord
165,11,2023,4,7,15,3,3,6,1,0,0,0,0,0,0,0,8.879339744000049,53.08580802800003,Vahr,Neue Vahr Nord
508,11,2023,9,5,11,3,5,3,1,1,0,0,0,0,0,0,8.88598974200005,53.08603709100004,Vahr,Neue Vahr Nord
555,11,2023,9,5,8,2,5,6,1,1,0,0,0,0,0,0,8.886434321000024,53.08605242100003,Vahr,Neue Vahr Nord
621,11,2023,8,7,8,2,5,3,1,0,0,0,0,1,0,0,8.879133712000055,53.085801263000064,Vahr,Neue Vahr Nord
745,11,2023,7,3,11,3,5,3,1,1,0,0,0,0,0,0,8.89053350100005,53.08351414400005,Vahr,Neue Vahr Nord
748,11,2023,7,3,8,3,2,6,1,0,0,0,0,0,0,0,8.87897537200007,53.085566562000054,Vahr,Neue Vahr Nord
763,11,2023,6,4,17,3,0,7,1,0,0,0,0,1,0,0,8.897275568000055,53.08603297700006,Vahr,Neue Vahr Nord
893,11,2023,6,6,14,3,5,3,1,1,0,0,0,0,0,0,8.889182477000077,53.085966289000055,Vahr,Neue Vahr Nord
1001,11,2023,11,3,15,3,5,3,1,1,0,0,0,0,0,1,8.889096461000065,53.08602276600004,Vahr,Neue Vahr Nord
1035,11,2023,5,6,8,3,6,4,1,0,1,0,0,0,0,0,8.881453254000064,53.08606615900004,Vahr,Neue Vahr Nord
780,11,2016,9,2,12,3,7,7,1,0,0,0,0,0,0,0,8.528682531,53.19390816,Blumenthal,Farge
1171,11,2017,11,5,11,3,5,2,1,1,0,0,0,0,0,1,8.523865490000048,53.20449567600008,Blumenthal,Farge
339,11,2018,5,4,13,2,6,7,1,0,1,0,0,0,0,0,8.52868552700005,53.19390455700005,Blumenthal,Farge
409,11,2018,5,5,7,3,5,3,1,1,0,0,0,0,0,0,8.524080109000067,53.204015620000064,Blumenthal,Farge
416,11,2018,5,6,19,3,0,7,1,0,0,0,0,0,0,0,8.524077849000037,53.20403912800003,Blumenthal,Farge
6,11,2019,10,4,15,3,5,3,1,1,0,0,0,0,0,0,8.523623741000051,53.19944147000007,Blumenthal,Farge
679,11,2019,7,3,17,3,5,3,1,1,0,0,0,0,0,0,8.524053927000068,53.20288282400003,Blumenthal,Farge
335,11,2020,5,2,14,3,0,7,1,0,0,0,0,0,0,0,8.534411589000058,53.204349370000045,Blumenthal,Farge
732,11,2020,9,5,14,2,5,3,1,0,0,0,0,1,0,0,8.531378731000075,53.19603800300007,Blumenthal,Farge
142,11,2021,7,7,11,2,4,6,1,1,0,0,0,0,0,0,8.535816208000028,53.20400589400003,Blumenthal,Farge
152,11,2022,6,5,8,2,5,3,1,1,0,0,0,0,0,0,8.53436785700006,53.1992441960001,Blumenthal,Farge
495,11,2022,6,2,15,3,5,3,1,1,0,0,0,0,0,0,8.52500126600006,53.2041488230001,Blumenthal,Farge
152,11,2023,4,7,14,3,0,7,1,0,0,0,0,1,0,0,8.524054413000044,53.20290372900007,Blumenthal,Farge
394,11,2023,10,5,13,2,6,7,1,0,1,0,0,0,0,0,8.52124539500005,53.20513182900004,Blumenthal,Farge
1008,11,2016,10,2,5,3,5,2,1,1,0,0,0,0,2,0,8.746867871,53.121831005,Häfen,Industriehäfen
137,11,2017,3,3,12,3,5,3,1,1,0,0,0,0,0,0,8.72133886100005,53.131980817000056,Häfen,Industriehäfen
584,11,2017,6,5,20,3,0,7,1,0,0,0,0,0,1,1,8.739204629000028,53.11728623100004,Häfen,Industriehäfen
226,11,2018,4,6,5,3,5,2,1,1,0,0,0,0,2,0,8.729377904000046,53.128644261000034,Häfen,Industriehäfen
362,11,2018,5,2,14,3,5,3,1,1,0,0,0,0,0,0,8.720607021000035,53.13234271600004,Häfen,Industriehäfen
519,11,2018,7,3,6,2,0,3,1,1,0,0,0,0,0,0,8.749591357000043,53.12051204200003,Häfen,Industriehäfen
864,11,2018,9,6,13,3,5,3,1,0,0,0,1,0,0,0,8.742589547000023,53.11682848300006,Häfen,Industriehäfen
889,11,2018,10,3,14,3,5,2,1,0,0,0,1,0,0,1,8.716486022000026,53.13449235000007,Häfen,Industriehäfen
969,11,2018,9,5,16,3,5,2,1,1,0,0,0,0,0,1,8.716687054000033,53.134588215000065,Häfen,Industriehäfen
81,11,2019,2,5,6,2,0,1,1,0,0,0,0,0,2,1,8.716616457000043,53.13455919300003,Häfen,Industriehäfen
167,11,2019,4,1,13,3,0,7,1,0,0,0,0,0,0,0,8.751661800000022,53.11762204200005,Häfen,Industriehäfen
275,11,2019,4,3,12,2,0,1,1,0,0,0,0,0,0,0,8.744717947000026,53.12274588300005,Häfen,Industriehäfen
487,11,2019,6,6,16,2,0,1,1,0,0,0,0,0,0,0,8.74999357300004,53.12029685700003,Häfen,Industriehäfen
250,11,2020,3,6,14,3,5,2,1,0,0,0,1,0,0,0,8.726616609000075,53.12933052400007,Häfen,Industriehäfen
321,11,2020,6,5,6,3,5,3,1,1,0,0,0,0,0,0,8.729114620000075,53.12865066200004,Häfen,Industriehäfen
666,11,2020,8,2,10,3,0,6,1,0,0,0,0,1,0,1,8.74936622000007,53.12063226500004,Häfen,Industriehäfen
696,11,2020,7,2,13,3,6,4,1,0,0,0,0,1,0,0,8.726601354000024,53.12931754500005,Häfen,Industriehäfen
198,11,2021,6,3,17,1,5,3,1,0,0,0,1,0,0,0,8.74026426100005,53.12475687500006,Häfen,Industriehäfen
694,11,2022,12,2,6,3,5,2,1,1,0,0,0,0,2,1,8.72910573400003,53.1286358830001,Häfen,Industriehäfen
182,11,2023,3,1,5,3,3,6,1,1,0,0,0,0,2,0,8.751391478000073,53.12045673100005,Häfen,Industriehäfen
671,11,2023,7,2,11,3,0,7,1,0,0,0,0,0,0,1,8.736512532000063,53.11763988800004,Häfen,Industriehäfen
1025,11,2016,10,4,7,3,0,7,1,0,0,0,0,0,2,1,8.721049363,53.048833406,Huchting,Sodenmatt
1128,11,2016,11,4,8,2,1,6,1,0,0,0,0,0,0,0,8.728260397,53.044277902,Huchting,Sodenmatt
190,11,2017,5,3,14,3,5,3,1,1,0,0,0,0,0,0,8.731387907000055,53.04794215700008,Huchting,Sodenmatt
353,11,2017,6,4,9,3,5,3,1,1,0,0,0,0,0,0,8.72262478700003,53.044142581000074,Huchting,Sodenmatt
424,11,2017,5,4,18,3,5,3,1,1,0,0,0,0,0,0,8.723836771000038,53.04350758800007,Huchting,Sodenmatt
630,11,2017,6,2,19,3,5,2,1,1,0,0,0,0,0,0,8.72669161600004,53.04509869100008,Huchting,Sodenmatt
932,11,2017,10,3,8,3,5,7,1,1,0,0,0,0,0,1,8.732556246000058,53.047804314000075,Huchting,Sodenmatt
1011,11,2017,10,3,9,3,5,3,1,1,0,0,0,0,0,0,8.731323024000062,53.04795207900003,Huchting,Sodenmatt
1020,11,2017,11,6,14,3,5,3,1,0,0,0,0,0,0,1,8.724476335000077,53.052818804000026,Huchting,Sodenmatt
142,11,2018,3,2,15,3,0,7,1,0,0,0,0,0,0,0,8.721096240000065,53.04487285300007,Huchting,Sodenmatt
327,11,2018,5,3,7,3,5,3,1,1,0,0,0,0,0,0,8.723862059000055,53.04355584500007,Huchting,Sodenmatt
381,11,2018,5,3,21,3,5,3,1,1,0,0,0,0,1,0,8.726947050000035,53.04522006800005,Huchting,Sodenmatt
164,11,2019,4,2,12,2,5,3,1,1,0,0,0,0,0,0,8.723839480000038,53.04354288400003,Huchting,Sodenmatt
520,11,2019,6,4,13,3,5,3,1,1,0,0,0,0,0,0,8.724072979000027,53.04608889800005,Huchting,Sodenmatt
741,11,2019,9,2,14,3,4,6,1,0,0,0,0,0,0,1,8.723839511000051,53.04354290300006,Huchting,Sodenmatt
375,11,2020,6,1,21,2,5,2,1,1,0,0,0,0,1,0,8.723817526000062,53.04618802300007,Huchting,Sodenmatt
806,11,2020,10,5,11,2,5,2,1,1,0,0,0,0,0,0,8.715986521000048,53.04792696000004,Huchting,Sodenmatt
178,11,2021,6,1,15,3,0,3,1,1,0,0,0,0,0,0,8.718589965000035,53.04588712300006,Huchting,Sodenmatt
202,11,2021,3,7,19,3,5,3,1,1,0,0,0,0,2,1,8.724075648000053,53.043320547000064,Huchting,Sodenmatt
632,11,2021,11,4,8,3,5,3,1,1,0,0,0,0,0,0,8.717474234000065,53.04647261800005,Huchting,Sodenmatt
894,11,2021,11,7,13,3,0,7,1,1,0,0,0,0,0,0,8.716924303000042,53.04688940600005,Huchting,Sodenmatt
297,11,2022,6,6,18,3,5,2,1,1,0,0,0,0,0,0,8.71860094700003,53.045898519,Huchting,Sodenmatt
1059,11,2022,9,6,9,3,5,2,1,1,0,0,0,0,0,0,8.72026952800007,53.043877196,Huchting,Sodenmatt
825,11,2023,6,5,17,3,5,3,1,1,0,0,0,0,0,0,8.723827837000044,53.04619641100004,Huchting,Sodenmatt
1131,11,2016,11,7,5,3,0,7,1,0,0,0,0,0,2,1,8.8009044,53.061724781,Neustadt,Gartenstadt Süd
324,11,2018,6,6,20,3,5,3,1,1,0,0,0,0,0,0,8.796901239000022,53.06457730300008,Neustadt,Gartenstadt Süd
1048,11,2018,9,4,14,3,5,3,1,1,0,0,0,0,0,0,8.796862012000076,53.06296620100005,Neustadt,Gartenstadt Süd
1238,11,2018,11,4,12,2,0,7,1,1,0,0,0,0,0,0,8.800764231000073,53.06162982300003,Neustadt,Gartenstadt Süd
354,11,2019,5,3,16,3,4,2,1,1,0,0,0,0,0,0,8.791802333000021,53.06159969300006,Neustadt,Gartenstadt Süd
88,11,2020,1,6,23,3,4,3,1,1,0,0,0,0,2,1,8.79684648400007,53.06454658400003,Neustadt,Gartenstadt Süd
141,11,2020,2,2,15,3,5,3,1,1,0,0,0,0,0,1,8.799123509000026,53.05647621500003,Neustadt,Gartenstadt Süd
307,11,2020,5,4,16,3,5,3,1,1,0,0,0,0,0,0,8.801904683000032,53.05791975000005,Neustadt,Gartenstadt Süd
1006,11,2020,11,6,9,3,1,7,1,1,0,0,0,0,0,0,8.798019198000077,53.06382873700005,Neustadt,Gartenstadt Süd
588,11,2021,10,7,22,3,0,7,1,0,0,0,0,0,2,0,8.797196435000046,53.06438700800004,Neustadt,Gartenstadt Süd
768,11,2021,8,3,17,3,5,2,1,1,0,0,0,0,0,0,8.801648138000076,53.05778587000003,Neustadt,Gartenstadt Süd
871,11,2022,9,6,14,3,3,6,1,0,0,0,0,1,0,0,8.80371579800004,53.05888702,Neustadt,Gartenstadt Süd
198,11,2023,3,4,15,3,1,7,1,1,0,0,0,0,0,0,8.794523092000077,53.06118904400006,Neustadt,Gartenstadt Süd
263,11,2023,2,4,11,3,2,6,1,1,0,0,0,0,0,0,8.798324489000038,53.06361223200008,Neustadt,Gartenstadt Süd
1140,11,2016,11,4,11,3,5,2,1,0,0,0,0,1,0,1,8.517825259,53.21037239,Blumenthal,Rekum
759,11,2018,7,1,20,3,4,6,1,1,0,0,0,0,1,0,8.50704083000005,53.21719622400008,Blumenthal,Rekum
465,11,2019,6,4,10,3,0,7,1,0,0,0,0,1,0,0,8.50923941700006,53.208279195000046,Blumenthal,Rekum
1166,12,2016,12,2,17,3,5,3,1,1,0,0,0,0,2,1,8.628438233,53.526865659,Schiffdorferdamm,Surheide
169,12,2017,2,2,10,3,5,3,1,1,0,0,0,0,0,1,8.638166396000031,53.53490010000007,Schiffdorferdamm,Surheide
210,12,2017,4,1,18,3,5,3,1,1,0,0,0,0,0,0,8.626398215000052,53.529621098000064,Schiffdorferdamm,Surheide
423,12,2017,5,4,8,3,5,3,1,1,0,0,0,0,0,0,8.63855602500007,53.530885295000076,Schiffdorferdamm,Surheide
753,12,2017,8,1,20,3,5,3,1,1,0,0,0,0,0,0,8.630758336000042,53.52871736700007,Schiffdorferdamm,Surheide
965,12,2017,10,4,15,3,5,2,1,1,0,0,0,0,0,0,8.62747295400004,53.52801609000005,Schiffdorferdamm,Surheide
1116,12,2017,12,5,13,3,5,3,1,1,0,0,0,0,0,0,8.627671595000038,53.53069564500004,Schiffdorferdamm,Surheide
288,12,2018,5,5,6,2,5,3,1,1,0,0,0,0,0,0,8.641383399000063,53.53735130200005,Schiffdorferdamm,Surheide
328,12,2018,5,6,7,3,5,3,1,1,0,0,0,0,0,0,8.63841607300003,53.532046595000054,Schiffdorferdamm,Surheide
523,12,2018,6,3,17,2,5,3,1,1,0,0,0,0,0,0,8.638547920000065,53.53088519200003,Schiffdorferdamm,Surheide
585,12,2018,6,5,8,3,5,3,1,1,0,0,0,0,0,0,8.632382093000047,53.53074382900007,Schiffdorferdamm,Surheide
104,12,2019,1,2,10,3,5,3,1,0,0,1,0,0,0,1,8.627690030000053,53.52982820100004,Schiffdorferdamm,Surheide
1159,12,2019,11,6,14,3,5,3,1,1,0,0,0,0,0,0,8.638263147000032,53.53493823600007,Schiffdorferdamm,Surheide
109,12,2020,1,7,23,2,0,1,1,0,0,0,0,0,2,1,8.62536123500007,53.54741502200005,Schiffdorferdamm,Surheide
467,12,2020,6,7,17,3,5,3,1,1,0,0,0,0,0,1,8.624891199000047,53.529370845000074,Schiffdorferdamm,Surheide
507,12,2020,7,1,7,3,5,2,1,1,0,0,0,0,0,0,8.638658204000023,53.530912760000035,Schiffdorferdamm,Surheide
1055,12,2020,12,4,7,3,5,3,1,1,0,0,0,0,2,0,8.632243145000075,53.53073466300003,Schiffdorferdamm,Surheide
445,12,2021,6,2,14,3,8,1,1,0,0,0,0,0,0,0,8.638639350000062,53.531008073000066,Schiffdorferdamm,Surheide
195,12,2022,5,3,15,3,0,7,1,0,0,0,0,0,0,0,8.62392051200004,53.5292324210001,Schiffdorferdamm,Surheide
341,12,2022,5,6,11,3,5,2,1,1,0,0,0,0,0,0,8.62646465500006,53.5295348230001,Schiffdorferdamm,Surheide
408,12,2022,3,3,16,3,0,7,1,0,0,0,0,0,0,0,8.62759130200004,53.5280333210001,Schiffdorferdamm,Surheide
761,12,2022,10,1,2,3,0,1,1,0,0,0,0,0,2,1,8.63901159100004,53.5352381500001,Schiffdorferdamm,Surheide
781,12,2022,12,2,8,3,5,2,1,1,0,0,0,0,1,2,8.62638284600007,53.529643632,Schiffdorferdamm,Surheide
934,12,2022,10,6,9,3,1,7,1,0,0,0,0,1,0,0,8.62707253700006,53.5296993210001,Schiffdorferdamm,Surheide
95,12,2023,4,7,9,3,0,1,1,0,0,0,0,0,0,0,8.634177030000046,53.53079559400004,Schiffdorferdamm,Surheide
136,12,2023,4,2,8,3,5,3,1,1,0,0,0,0,0,0,8.638192766000031,53.53493368200003,Schiffdorferdamm,Surheide
804,12,2023,6,2,10,3,5,3,1,1,0,0,0,0,0,0,8.638192510000067,53.534936842000036,Schiffdorferdamm,Surheide
108,12,2017,3,1,20,3,0,1,1,0,0,0,0,0,2,1,8.633794335000061,53.52264314800004,Surheide,Grünhöfe
711,12,2017,9,2,11,3,0,7,1,0,0,0,0,0,0,0,8.634869627000057,53.517119422000064,Surheide,Grünhöfe
1026,12,2017,10,3,1,2,0,7,1,0,0,0,0,0,2,0,8.641639922000024,53.52033274400003,Surheide,Grünhöfe
827,12,2018,7,7,17,3,5,3,1,1,0,0,0,0,0,0,8.638427453000077,53.519648636000056,Surheide,Grünhöfe
667,12,2020,8,6,13,3,0,7,1,0,0,0,1,0,0,1,8.63272025200007,53.51705046100005,Surheide,Grünhöfe
642,12,2021,12,4,9,3,5,2,1,1,0,0,0,0,0,1,8.629978831000074,53.52584302200006,Surheide,Grünhöfe
332,11,2017,6,1,15,3,3,6,1,0,0,0,0,0,0,0,8.664779182000075,53.12134350200006,,Seehausen
150,11,2021,4,1,11,3,0,4,1,0,0,0,0,1,0,0,8.676366181000049,53.11875007000003,,Seehausen
455,11,2021,7,3,13,3,0,7,1,0,0,0,0,0,0,0,8.706766567000045,53.112179697000045,,Seehausen
759,11,2021,9,7,10,3,5,3,1,0,0,0,0,1,0,0,8.70326306800007,53.09858881700006,,Seehausen
456,11,2023,10,5,7,3,5,2,1,1,0,0,0,0,1,0,8.716774239000074,53.11025968700005,,Seehausen
530,11,2017,7,6,16,3,5,3,1,0,0,0,0,1,0,0,8.698987472000056,53.09259441900008,,Strom
28,11,2019,1,6,5,3,5,3,1,0,0,0,1,0,2,0,8.713710771000024,53.086884404000045,,Strom
395,11,2019,4,4,5,3,7,7,1,0,0,0,0,0,2,0,8.741337016000045,53.07932613600008,,Strom
545,11,2019,7,3,6,2,5,3,1,1,0,0,0,0,0,0,8.723588558000074,53.076686918000064,,Strom
583,11,2019,8,6,13,2,5,3,1,1,0,0,0,0,0,0,8.723607360000074,53.07673642200007,,Strom
1014,11,2019,10,2,15,3,5,3,1,1,0,0,0,0,0,0,8.731454933000066,53.081095626000035,,Strom
80,11,2021,6,7,10,3,8,1,1,0,0,0,0,0,0,0,8.698028288000046,53.08441212900004,,Strom
328,11,2021,6,3,16,3,5,3,1,1,0,0,0,0,0,0,8.698909943000046,53.09275766800005,,Strom
850,11,2023,6,6,16,2,5,3,1,1,0,0,0,0,0,0,8.666723106000063,53.09436384000003,,Strom
555,12,2017,7,6,9,3,5,3,1,1,0,0,0,0,0,0,8.536987300000021,53.60522221700006,Weddewarden,Speckenbüttel
439,12,2022,5,5,17,3,5,3,1,1,0,0,0,0,0,1,8.54456026100007,53.59566096,Weddewarden,Speckenbüttel
970,11,2017,9,3,7,3,4,2,1,1,0,0,0,0,0,0,8.803969261000077,53.103457166000055,Findorff,In den Hufen
261,11,2018,4,6,17,3,0,1,1,0,0,0,0,0,0,0,8.819689169000071,53.113265571000056,Findorff,In den Hufen
1013,11,2018,9,2,5,3,0,7,1,0,0,0,0,0,2,1,8.81641240700003,53.10399811700006,Findorff,In den Hufen
298,11,2020,3,7,18,3,7,7,1,0,0,0,1,0,2,0,8.818920958000035,53.11522439700008,Findorff,In den Hufen
445,11,2020,6,2,11,3,4,6,1,0,0,0,0,0,0,0,8.818935640000063,53.10995233700004,Findorff,In den Hufen
530,11,2020,8,6,17,3,0,7,1,0,0,0,0,0,0,0,8.81611027200006,53.10355315900006,Findorff,In den Hufen
390,11,2022,5,1,9,3,5,3,1,0,0,0,0,0,0,0,8.81682249400006,53.104685542,Findorff,In den Hufen
582,11,2022,3,4,16,3,5,2,1,1,0,0,0,0,0,0,8.81888896700002,53.1117120420001,Findorff,In den Hufen
632,11,2022,8,6,15,3,5,3,1,0,0,0,1,0,0,1,8.80571826700003,53.107586874,Findorff,In den Hufen
986,11,2022,9,3,19,3,0,7,1,0,0,0,0,0,0,0,8.81587882800005,53.1032121860001,Findorff,In den Hufen
391,11,2023,10,6,8,3,5,3,1,1,0,0,0,0,0,1,8.818888443000048,53.111713198000075,Findorff,In den Hufen
678,11,2023,7,4,15,3,5,3,1,1,0,0,0,0,0,1,8.819100822000053,53.111843185000055,Findorff,In den Hufen
180,11,2020,4,1,14,2,0,1,1,0,0,0,0,0,0,0,8.630547339000032,53.15677636600003,Burglesum,Werderland
517,11,2020,7,1,15,3,3,6,1,0,0,0,0,0,0,0,8.630553736000024,53.15678429400003,Burglesum,Werderland
939,11,2020,12,3,12,2,0,1,1,0,0,0,0,0,0,1,8.630328488000032,53.15650516000005,Burglesum,Werderland
1057,11,2020,12,6,14,2,0,1,1,0,0,0,0,0,0,2,8.630639531000043,53.15689061100005,Burglesum,Werderland
370,11,2021,7,7,17,3,3,6,1,0,0,0,0,0,0,0,8.630656291000037,53.15691138300008,Burglesum,Werderland
8,11,2022,4,4,14,3,0,7,1,0,0,0,0,0,0,0,8.63036576400003,53.156551355,Burglesum,Werderland
218,11,2022,6,4,20,3,0,1,1,0,0,0,0,0,1,0,8.69875161100003,53.15553859,Burglesum,Werderland